Timestamp,Panel_ID,Faceta_ID,Err_X_mrad,Err_Y_mrad
1783952542,panel_4,panel_4_f4_1,-5.551115123125783e-14,-2.7755575615628914e-14
1783952542,panel_4,panel_4_f4_1,0.004038923310150749,-0.0018544297755255512
1783952543,panel_4,panel_4_f4_1,0.00537485202806517,-0.0025004873331385437
1783952543,panel_4,panel_4_f4_1,0.006018536743559403,-0.0028362126856434477
1783952543,panel_4,panel_4_f4_1,0.006419786180072088,-0.003052867469655286
1783952543,panel_4,panel_4_f4_1,0.006428586848367283,-0.0030724716593600984
1783952543,panel_4,panel_4_f4_1,0.005510217298592598,-0.0026335471365983355
1783952543,panel_4,panel_4_f4_1,0.004821440136261584,-0.002304353744527013
1783952543,panel_4,panel_4_f4_1,0.005078418102338284,-0.002413333598622525
1783952543,panel_4,panel_4_f4_1,0.005482534265140386,-0.0025862507127715887
1783952543,panel_4,panel_4_f4_1,0.00584230428524836,-0.002731264838759356
1783952543,panel_4,panel_4_f4_1,0.005355445594806371,-0.0025036594355317223
1783952543,panel_4,panel_4_f4_1,0.00555750946045314,-0.0025708362866076074
1783952543,panel_4,panel_4_f4_1,0.005892700311917104,-0.0026889509497257887
1783952543,panel_4,panel_4_f4_1,0.0061931215386097135,-0.0027910887164646183
1783952543,panel_4,panel_4_f4_1,0.006467434085741973,-0.0028789299926523714
1783952543,panel_4,panel_4_f4_1,0.007335407737843502,-0.0032011401911260636
1783952543,panel_4,panel_4_f4_1,0.006927885085738001,-0.00302329906939838
1783952543,panel_4,panel_4_f4_1,0.007126545832888811,-0.0030823927694537665
1783952543,panel_4,panel_4_f4_1,0.007307145989783788,-0.0031348423434726285
1783952543,panel_4,panel_4_f4_1,0.007469871082185676,-0.003181944833239063
1783952543,panel_4,panel_4_f4_1,0.007130331487538349,-0.0030373109771840035
1783952544,panel_4,panel_4_f4_1,0.006820317075034268,-0.0029052539781772102
1783952544,panel_4,panel_4_f4_1,0.0065361371969055275,-0.0027842017290876492
1783952544,panel_4,panel_4_f4_1,0.006669224743261256,-0.002829042666575842
1783952544,panel_4,panel_4_f4_1,0.006698798361250438,-0.002835592126407262
1783952544,panel_4,panel_4_f4_1,0.006450694718239107,-0.0027305701958006134
1783952544,panel_4,panel_4_f4_1,0.00651345378382064,-0.0027524556820138343
1783952544,panel_4,panel_4_f4_1,0.006560250881275061,-0.002763844332175788
1783952544,panel_4,panel_4_f4_1,0.006704820492066291,-0.00278834101133943
1783952544,panel_4,panel_4_f4_1,0.006488535960062361,-0.00269839452710357
1783952544,panel_4,panel_4_f4_1,0.006285769211308679,-0.0026140696981324504
1783952544,panel_4,panel_4_f4_1,0.006693540827836211,-0.0030086525346217263
1783952544,panel_4,panel_4_f4_1,0.006819922521593045,-0.0036902594755952624
1783952544,panel_4,panel_4_f4_1,0.0067626147311215445,-0.004480681682010975
1783952544,panel_4,panel_4_f4_1,0.006523934983030536,-0.0050936623855346716
1783952544,panel_4,panel_4_f4_1,0.006208516805510724,-0.005625620170556388
1783952544,panel_4,panel_4_f4_1,0.005578314199119022,-0.0069840536158441964
1783952544,panel_4,panel_4_f4_1,0.005177259002391612,-0.007545563953679326
1783952544,panel_4,panel_4_f4_1,0.004787901845115453,-0.008120710405005624
1783952544,panel_4,panel_4_f4_1,0.0046711237513307954,-0.007922644297567139
1783952544,panel_4,panel_4_f4_1,0.004559906519154932,-0.007734009909530487
1783952545,panel_4,panel_4_f4_1,0.004226518069436665,-0.00852524266286224
1783952545,panel_4,panel_4_f4_1,0.0041304608405845706,-0.00833148714779782
1783952545,panel_4,panel_4_f4_1,0.0036790662694383505,-0.010145119736652873
1783952545,panel_4,panel_4_f4_1,0.0034126703900635314,-0.01108841487358302
1783952545,panel_4,panel_4_f4_1,0.003161944729048627,-0.012054570256019161
1783952545,panel_4,panel_4_f4_1,0.0029603549008188593,-0.0128071858329471
1783952545,panel_4,panel_4_f4_1,0.00273681720925377,-0.01384559938279406
1783952545,panel_4,panel_4_f4_1,0.0025537901126221536,-0.01464030297317305
1783952545,panel_4,panel_4_f4_1,0.002391968959702366,-0.01602721064691171
1783952545,panel_4,panel_4_f4_1,0.002065447566860352,-0.01740967454011282
1783952545,panel_4,panel_4_f3_1,-0.01542910176294114,-0.13603968812542044
1783952545,panel_4,panel_4_f3_1,-0.016769815307067174,-0.1465213982792592
1783952545,panel_4,panel_4_f3_1,-0.014325557841361686,-0.12462560342422781
1783952545,panel_4,panel_4_f3_1,-0.015710202751266094,-0.1351440812808613
1783952545,panel_4,panel_4_f3_1,-0.014617510571401066,-0.12536322421596094
1783952545,panel_4,panel_4_f3_1,-0.015343642711663495,-0.13103673302415128
1783952545,panel_4,panel_4_f3_1,-0.014394200992067233,-0.12268587722174211
1783952545,panel_4,panel_4_f3_1,-0.015183806909342921,-0.12845528631932823
1783952545,panel_4,panel_4_f3_1,-0.014838132357399024,-0.12485844554400119
1783952545,panel_4,panel_4_f3_1,-0.014617631898237476,-0.12216426897486683
1783952546,panel_4,panel_4_f3_1,-0.013288756271130025,-0.11105842634079055
1783952546,panel_4,panel_4_f3_1,-0.01430059603786267,-0.11705761460533275
1783952546,panel_4,panel_4_f3_1,-0.013200550188800581,-0.10805318271261698
1783952546,panel_4,panel_4_f3_1,-0.014240460306953745,-0.11393310610588316
1783952546,panel_4,panel_4_f3_1,-0.013291096286493862,-0.10633756569882613
1783952546,panel_4,panel_4_f3_1,-0.014479277706468072,-0.1133593189323848
1783952546,panel_4,panel_4_f3_1,-0.014403630040974178,-0.11191185058182199
1783952546,panel_4,panel_4_f3_1,-0.013603428372034251,-0.10569452554950008
1783952546,panel_4,panel_4_f3_1,-0.01375904586349334,-0.1061586778165587
1783952547,panel_4,panel_4_f3_1,-0.014912571636945472,-0.1131840958921324
1783952547,panel_4,panel_4_f3_1,-0.014264198957080691,-0.10826304824464959
1783952547,panel_4,panel_4_f3_1,-0.014358436580860947,-0.1088823137711168
1783952547,panel_4,panel_4_f3_1,-0.01430958717737003,-0.10850457209839684
1783952547,panel_4,panel_4_f3_1,-0.015024555946738592,-0.11406083403358393
1783952547,panel_4,panel_4_f3_1,-0.014958201290942563,-0.11362760165908424
1783952547,panel_4,panel_4_f3_1,-0.015608945205903025,-0.11881309590445736
1783952547,panel_4,panel_4_f3_1,-0.015070705716046214,-0.11471609259740809
1783952547,panel_4,panel_4_f3_1,-0.015710523859975994,-0.11972592751636378
1783952547,panel_4,panel_4_f3_1,-0.01611283491935341,-0.1227932413140136
1783952547,panel_4,panel_4_f3_1,-0.01617097609927121,-0.12319259772376984
1783952547,panel_4,panel_4_f3_1,-0.016127314855889845,-0.12277488637431457
1783952547,panel_4,panel_4_f3_1,-0.01620683437156214,-0.12323219747419913
1783952547,panel_4,panel_4_f3_1,-0.016297785188193612,-0.12369906450547918
1783952547,panel_4,panel_4_f3_1,-0.016401135638152695,-0.12419345905226992
1783952547,panel_4,panel_4_f3_1,-0.01695521415633311,-0.12779640278916762
1783952547,panel_4,panel_4_f3_1,-0.017062395523990723,-0.12823142106575489
1783952547,panel_4,panel_4_f3_1,-0.01707051764529628,-0.12793548099012128
1783952547,panel_4,panel_4_f3_1,-0.017193409506570435,-0.12841075055711787
1783952547,panel_4,panel_4_f3_1,-0.016774058055192023,-0.1252787810313352
1783952547,panel_4,panel_4_f3_1,-0.01690924725840353,-0.125886633215579
1783952547,panel_4,panel_4_f3_1,-0.017565580763635784,-0.130044931431464
1783952547,panel_4,panel_4_f3_1,-0.017681535827232756,-0.1305882672722047
1783952547,panel_4,panel_4_f3_1,-0.017795933973744328,-0.1311463098300556
1783952547,panel_4,panel_4_f3_1,-0.017809683265159863,-0.13102372272829074
1783952547,panel_4,panel_4_f3_1,-0.017925692087973844,-0.13160917697815863
1783952547,panel_4,panel_4_f3_1,-0.01854006215376811,-0.13552381274173433
1783952547,panel_4,panel_4_f3_1,-0.01816169353838622,-0.1327580206449648
1783952548,panel_4,panel_4_f3_1,-0.018831055511491123,-0.1350023825635356
1783952548,panel_4,panel_4_f3_1,-0.018926467302217732,-0.13496190690189522
1783952548,panel_4,panel_4_f3_1,-0.01911181005185986,-0.13588082794725273
1783952548,panel_4,panel_4_f3_1,-0.018732323983601456,-0.13269274240595125
1783952548,panel_4,panel_4_f3_1,-0.019036486498657076,-0.13456311819010427
1783952548,panel_4,panel_4_f3_1,-0.019003040058675782,-0.1338481464251367
1783952548,panel_4,panel_4_f3_1,-0.0192368504486415,-0.13526241914424544
1783952548,panel_4,panel_4_f3_1,-0.01945449054662102,-0.13665262244170912
1783952548,panel_4,panel_4_f3_1,-0.019832158428876003,-0.13933629559313096
1783952548,panel_4,panel_4_f3_1,-0.019702532582401823,-0.13836602482945598
1783952548,panel_4,panel_4_f3_1,-0.02017722759590155,-0.14173975814915996
1783952548,panel_4,panel_4_f3_1,-0.020565974000190567,-0.14469930826891012
1783952548,panel_4,panel_4_f3_1,-0.02103941936574671,-0.1480926464224395
1783952548,panel_4,panel_4_f3_1,-0.020393379385626197,-0.14371893407372477
1783952548,panel_4,panel_4_f3_1,-0.020129514037765864,-0.141943886934269
1783952548,panel_4,panel_4_f3_1,-0.02061040165448482,-0.14535685412808674
1783952548,panel_4,panel_4_f3_1,-0.02076536156993998,-0.14648564430806058
1783952548,panel_4,panel_4_f3_1,-0.020922157480892257,-0.14757993830873584
1783952549,panel_4,panel_4_f3_1,-0.02074542408192832,-0.14628238278337863
1783952549,panel_4,panel_4_f3_1,-0.020904131164110284,-0.1473187812935871
1783952549,panel_4,panel_4_f3_1,-0.020904131164110277,-0.1473187812935871
1783952549,panel_4,panel_4_f3_1,-0.021483114926226357,-0.15104396029919429
1783952549,panel_4,panel_4_f3_1,-0.021734243728032544,-0.1524895628249131
1783952549,panel_4,panel_4_f3_1,-0.021596936257386047,-0.15085996608545701
1783952549,panel_4,panel_4_f3_1,-0.021854696797242182,-0.15223766668399535
1783952549,panel_4,panel_4_f3_1,-0.02172075527206482,-0.15047780207463127
1783952549,panel_4,panel_4_f3_1,-0.022152806060690013,-0.15319830104060372
1783952550,panel_4,panel_4_f3_1,-0.02251058870744674,-0.15374866294467623
1783952550,panel_4,panel_4_f3_1,-0.02215112165391339,-0.15103721001615247
1783952550,panel_4,panel_4_f3_1,-0.022368364022430354,-0.15216664083157194
1783952550,panel_4,panel_4_f3_1,-0.022491984931990543,-0.15267667930280793
1783952550,panel_4,panel_4_f3_1,-0.022497289745187353,-0.15248465557229923
1783952550,panel_4,panel_4_f3_1,-0.022575975123741588,-0.1528654265366685
1783952550,panel_4,panel_4_f3_1,-0.022305395640158945,-0.15089759033844335
1783952550,panel_4,panel_4_f3_1,-0.02188483351761361,-0.14801104839245421
1783952550,panel_4,panel_4_f2_1,-0.022647990207168293,-0.1557558886224212
1783952550,panel_4,panel_4_f2_1,-0.02240578528004796,-0.15479990582314218
1783952550,panel_4,panel_4_f2_1,-0.02224174104967563,-0.15384697473298836
1783952550,panel_4,panel_4_f2_1,-0.02211253728214986,-0.15303575439462058
1783952550,panel_4,panel_4_f2_1,-0.01769002982573099,-0.12242860351570202
1783952550,panel_4,panel_4_f2_1,-0.018272073911373147,-0.1266099249985694
1783952550,panel_4,panel_4_f2_1,-0.01566177763832777,-0.10852279285592059
1783952550,panel_4,panel_4_f2_1,-0.01631349080603816,-0.11301397525506096
1783952550,panel_4,panel_4_f2_1,-0.01632389681289232,-0.1131405713309258
1783952550,panel_4,panel_4_f2_1,-0.016739635163684683,-0.11598629888547507
1783952550,panel_4,panel_4_f2_1,-0.01708192966354628,-0.11816291481568819
1783952550,panel_4,panel_4_f2_1,-0.0173784395394288,-0.11988716313692453
1783952550,panel_4,panel_4_f2_1,-0.01762707297766577,-0.12123817844408036
1783952550,panel_4,panel_4_f2_1,-0.017839013258274933,-0.12227799559440648
1783952550,panel_4,panel_4_f2_1,-0.01664974570772697,-0.11412612922144791
1783952550,panel_4,panel_4_f2_1,-0.015609136600997508,-0.10699324614510916
1783952550,panel_4,panel_4_f2_1,-0.015905411360882703,-0.10844929602074195
1783952550,panel_4,panel_4_f2_1,-0.015021777396392303,-0.10242433513070227
1783952550,panel_4,panel_4_f2_1,-0.015319126278843432,-0.10381434756361792
1783952550,panel_4,panel_4_f2_1,-0.014553169964904036,-0.0986236301854384
1783952550,panel_4,panel_4_f2_1,-0.01386016187133982,-0.09392726684327599
1783952550,panel_4,panel_4_f2_1,-0.01323015451355417,-0.08965784562312834
1783952551,panel_4,panel_4_f2_1,-0.01265493040427162,-0.08575967842212397
1783952551,panel_4,panel_4_f2_1,-0.012992906516548983,-0.08721407479267562
1783952551,panel_4,panel_4_f2_1,-0.012473190255889244,-0.0837255118009697
1783952551,panel_4,panel_4_f2_1,-0.012759399767302403,-0.08499412357797428
1783952551,panel_4,panel_4_f2_1,-0.01228682940555252,-0.08184619307508738
1783952551,panel_4,panel_4_f2_1,-0.01184801406964191,-0.0789231147509781
1783952551,panel_4,panel_4_f2_1,-0.011950982595127259,-0.07925183408979067
1783952551,panel_4,panel_4_f2_1,-0.011552616508624868,-0.07661010628679857
1783952551,panel_4,panel_4_f2_1,-0.011179951459961339,-0.07413881253561241
1783952551,panel_4,panel_4_f2_1,-0.011271562657233515,-0.07442943353675653
1783952551,panel_4,panel_4_f2_1,-0.010930000152470545,-0.07217399615685567
1783952551,panel_4,panel_4_f2_1,-0.011114908042274383,-0.0730050215711044
1783952551,panel_4,panel_4_f2_1,-0.011176723112179574,-0.0731611973887318
1783952551,panel_4,panel_4_f2_1,-0.010866258581287239,-0.07112894190571224
1783952551,panel_4,panel_4_f2_1,-0.010997892645647128,-0.07174596833214505
1783952551,panel_4,panel_4_f2_1,-0.011518677617151243,-0.0746899667369743
1783952551,panel_4,panel_4_f2_1,-0.011534451053577274,-0.07461730192633263
1783952551,panel_4,panel_4_f2_1,-0.011246089777239229,-0.07275186937817502
1783952551,panel_4,panel_4_f2_1,-0.010971794904624991,-0.07097743353968361
1783952551,panel_4,panel_4_f2_1,-0.010710561692611432,-0.06928749464588228
1783952552,panel_4,panel_4_f2_1,-0.010461478862551991,-0.06767615756109496
1783952552,panel_4,panel_4_f2_1,-0.010223717979313436,-0.0661380630710707
1783952552,panel_4,panel_4_f2_1,-0.009996524246441037,-0.06466832833615863
1783952552,panel_4,panel_4_f2_1,-0.010077443242569088,-0.06489552164508901
1783952552,panel_4,panel_4_f2_1,-0.01014281444311237,-0.06504555052971245
1783952552,panel_4,panel_4_f2_1,-0.010138286785982015,-0.06483473874486503
1783952552,panel_4,panel_4_f2_1,-0.0101719710087623,-0.06486186786593064
1783952552,panel_4,panel_4_f2_1,-0.009968531588588164,-0.06356463050861258
1783952552,panel_4,panel_4_f2_1,-0.009718076256547997,-0.06163207779927949
1783952552,panel_4,panel_4_f2_1,-0.009274804649490554,-0.05855519933880277
1783952552,panel_4,panel_4_f2_1,-0.009003907422019296,-0.05653760165872277
1783952552,panel_4,panel_4_f2_1,-0.008720008667067371,-0.05444790457900754
1783952552,panel_4,panel_4_f2_1,-0.008974928742242545,-0.05597852572934611
1783952552,panel_4,panel_4_f2_1,-0.008685426613575449,-0.053808173182094896
1783952552,panel_4,panel_4_f2_1,-0.008807172533004184,-0.054501803994934386
1783952552,panel_4,panel_4_f2_1,-0.00850684381543227,-0.0522472531610425
1783952552,panel_4,panel_4_f2_1,-0.008178700918078867,-0.049964186362286146
1783952552,panel_4,panel_4_f2_1,-0.00795082892466372,-0.048029659796662134
1783952552,panel_4,panel_4_f2_1,-0.007633346249373449,-0.0456809323899353
1783952552,panel_4,panel_4_f2_1,-0.007282978458675026,-0.043226129724721785
1783952553,panel_4,panel_4_f2_1,-0.007019162278295009,-0.04122964752983678
1783952553,panel_4,panel_4_f2_1,-0.006669131749576373,-0.038798937110431614
1783952553,panel_4,panel_4_f2_1,-0.006669131749576373,-0.03879893711043161
1783952553,panel_4,panel_4_f2_1,-0.006737708871745713,-0.039065199961003064
1783952553,panel_4,panel_4_f2_1,-0.006397702776638886,-0.0366925018639606
1783952553,panel_4,panel_4_f2_1,-0.00649183804334018,-0.037019922791826115
1783952553,panel_4,panel_4_f2_1,-0.0061806418521083775,-0.034772192992640824
1783952553,panel_4,panel_4_f2_1,-0.006286805457963351,-0.03510580214800952
1783952553,panel_4,panel_4_f2_1,-0.006286805457963349,-0.03510580214800952
1783952553,panel_4,panel_4_f2_1,-0.006404768372493762,-0.03545207246062983
1783952553,panel_4,panel_4_f2_1,-0.006507026396794929,-0.035735897297206096
1783952553,panel_4,panel_4_f2_1,-0.006228140234427016,-0.033688489884891856
1783952553,panel_4,panel_4_f2_1,-0.006370978949218379,-0.03406334206779673
1783952553,panel_4,panel_4_f2_1,-0.006091325767203053,-0.032040311316407506
1783952553,panel_4,panel_4_f2_1,-0.006240538414937507,-0.03244064192965231
1783952553,panel_4,panel_4_f2_1,-0.006399022468549742,-0.03285712557546479
1783952553,panel_4,panel_4_f2_1,-0.006425306154936061,-0.03194919336628994
1783952553,panel_4,panel_4_f2_1,-0.006591398828037366,-0.032393299722318275
1783952553,panel_4,panel_4_f2_1,-0.006761287973175209,-0.03284816499848661
1783952554,panel_4,panel_4_f2_1,-0.00665434990054534,-0.031650501649540586
1783952554,panel_4,panel_4_f2_1,-0.006830578522239421,-0.03213534647137338
1783952554,panel_4,panel_4_f2_1,-0.00666522293268731,-0.030620658479619235
1783952554,panel_4,panel_4_f2_1,-0.006581706015359245,-0.02955817700216345
1783952554,panel_4,panel_4_f2_1,-0.006765460596779378,-0.03007348919000934
1783952554,panel_4,panel_4_f2_1,-0.0066351986239319505,-0.028720262219704463
1783952554,panel_4,panel_4_f2_1,-0.006019444192676991,-0.025047904065391882
1783952554,panel_4,panel_4_f2_1,-0.005776767359922774,-0.023610783282953456
1783952554,panel_4,panel_4_f2_1,-0.005776767359922774,-0.023610783282953456
1783952554,panel_4,panel_4_f2_1,-0.005966405482481323,-0.024172732678347294
1783952554,panel_4,panel_4_f2_1,-0.005966405482481323,-0.024172732678347294
1783952554,panel_4,panel_4_f2_1,-0.0061590023675803015,-0.02474981589795341
1783952554,panel_4,panel_4_f2_1,-0.0061590023675803015,-0.02474981589795341
1783952554,panel_4,panel_4_f2_1,-0.0061590023675803015,-0.02474981589795341
1783952554,panel_4,panel_4_f2_1,-0.0060540437928534386,-0.023718684556660596
1783952554,panel_4,panel_4_f2_1,-0.0057910459994924834,-0.022279746972213334
1783952554,panel_4,panel_4_f2_1,-0.005821013619014541,-0.021768491557225045
1783952554,panel_4,panel_4_f2_1,-0.005824377225688047,-0.021029469681560845
1783952554,panel_4,panel_4_f2_1,-0.006072835943742599,-0.021611395071212083
1783952554,panel_4,panel_4_f2_1,-0.0061308122333983165,-0.02100776038001934
1783952554,panel_4,panel_4_f2_1,-0.006130812233398315,-0.02100776038001934
1783952555,panel_4,panel_4_f2_1,-0.006240742000191678,-0.020563106090045122
1783952555,panel_4,panel_4_f2_1,-0.006378946064916498,-0.020218802627281124
1783952555,panel_4,panel_4_f2_1,-0.006420025426786801,-0.019265937010731485
1783952555,panel_4,panel_4_f2_1,-0.006587404085462659,-0.01906537855997307
1783952555,panel_4,panel_4_f2_1,-0.006772358490083948,-0.018952322937847755
1783952555,panel_4,panel_4_f2_1,-0.006655177548056755,-0.018317828730759343
1783952555,panel_4,panel_4_f2_1,-0.0069683118818633025,-0.01890388813203704
1783952555,panel_4,panel_4_f2_1,-0.007101886103502766,-0.018594229920020897
1783952555,panel_4,panel_4_f2_1,-0.0070092712855509,-0.01814437584439191
1783952555,panel_4,panel_4_f2_1,-0.0069468381127677035,-0.01782210061619549
1783952556,panel_4,panel_4_f2_1,-0.006798440808418643,-0.017069575568482053
1783952556,panel_4,panel_4_f2_1,-0.0067365865990145065,-0.01678437361691484
1783952556,panel_4,panel_4_f2_1,-0.0069887939834125225,-0.017270037115236222
1783952556,panel_4,panel_4_f2_1,-0.0069202168612431825,-0.017003774264664765
1783952556,panel_4,panel_4_f2_1,-0.0071643036286697095,-0.017359908319466835
1783952556,panel_4,panel_4_f2_1,-0.007388459630579693,-0.017656412896155653
1783952556,panel_4,panel_4_f2_1,-0.007541902468679474,-0.01783225210392807
1783952556,panel_4,panel_4_f2_1,-0.007754619285797747,-0.018135115818580693
1783952556,panel_4,panel_4_f2_1,-0.007754619285797747,-0.01813511581858069
1783952556,panel_4,panel_4_f2_1,-0.00787751475562825,-0.018325608612158595
1783952556,panel_4,panel_4_f2_1,-0.008305034471610115,-0.019302980143512945
1783952556,panel_4,panel_4_f2_1,-0.008463424521210804,-0.01965706618845761
1783952556,panel_4,panel_4_f2_1,-0.008619353484814948,-0.02001870596280463
1783952556,panel_4,panel_4_f2_1,-0.008803530305804365,-0.020463398232884074
1783952556,panel_4,panel_4_f2_1,-0.008654317658069913,-0.020063067619639264
1783952556,panel_4,panel_4_f2_1,-0.009140000552722629,-0.02127099425520971
1783952556,panel_4,panel_4_f2_1,-0.009141482032115919,-0.02126189065694457
1783952556,panel_4,panel_4_f2_1,-0.008975389359014612,-0.020817784300916235
1783952556,panel_4,panel_4_f2_1,-0.009072644363923101,-0.021480129997932695
1783952556,panel_4,panel_4_f2_1,-0.008897352241100661,-0.02100901965543479
1783952556,panel_4,panel_4_f2_1,-0.008945483580271979,-0.02215619437225286
1783952556,panel_4,panel_4_f2_1,-0.008766501801709178,-0.0216623051591813
1783952556,panel_4,panel_4_f2_1,-0.008884316383717498,-0.023636927137677607
1783952556,panel_4,panel_4_f2_1,-0.008700561802297363,-0.02312161494983172
1783952557,panel_4,panel_4_f2_1,-0.009736146499400737,-0.030382992473817955
1783952557,panel_4,panel_4_f2_1,-0.009736146499400737,-0.030382992473817948
1783952557,panel_4,panel_4_f1_1,-0.04988972423371863,-0.34598766518858676
1783952557,panel_4,panel_4_f1_1,-0.04996621656563714,-0.3563637558081537
1783952557,panel_4,panel_4_f1_1,-0.0701937031975305,-0.5246095218129899
1783952557,panel_4,panel_4_f1_1,-0.05264527739816175,-0.39345714135974935
1783952558,panel_4,panel_4_f1_1,-0.051381385194697114,-0.39700422068966623
1783952558,panel_4,panel_4_f1_1,-0.05219814476607106,-0.418415754183948
1783952558,panel_4,panel_4_f1_2,-5.551115123125783e-14,-2.7755575615628914e-14
1783952558,panel_4,panel_4_f1_2,-5.551115123125783e-14,-2.7755575615628914e-14
1783952558,panel_4,panel_4_f1_2,-0.016111309844241587,-0.18326742228685547
1783952558,panel_4,panel_4_f1_2,-0.023178793899895703,-0.2746948896538228
1783952558,panel_4,panel_4_f1_2,-0.02687999810406519,-0.3287338072177449
1783952558,panel_4,panel_4_f1_2,-0.022399998420063575,-0.27394483934812536
1783952558,panel_4,panel_4_f1_2,-0.023939298296017573,-0.3055899449794538
1783952558,panel_4,panel_4_f1_2,-0.024355688706752768,-0.32106067160062973
1783952558,panel_4,panel_4_f1_2,-0.025654448632459553,-0.35779810863949213
1783952558,panel_4,panel_4_f1_2,-0.02474629970648404,-0.3498408230220756
1783952558,panel_4,panel_4_f1_2,-0.023701644602232327,-0.3392545559519629
1783952558,panel_4,panel_4_f1_2,-0.022648548023775934,-0.3280815514621897
1783952558,panel_4,panel_4_f1_2,-0.021030794593510187,-0.3046471549291781
1783952558,panel_4,panel_4_f1_2,-0.019939913748927528,-0.2930444997009021
1783952558,panel_4,panel_4_f1_2,-0.01869366913962303,-0.2747292184695974
1783952558,panel_4,panel_4_f1_2,-0.017638703073009167,-0.2639014372571665
1783952558,panel_4,panel_4_f1_2,-0.016658775124511742,-0.24924024629843655
1783952558,panel_4,panel_4_f1_2,-0.015781997486382468,-0.2361223385985203
1783952559,panel_4,panel_4_f1_2,-0.014857529152879264,-0.22660439411088426
1783952559,panel_4,panel_4_f1_2,-0.013941069338552574,-0.2182431454897268
1783952559,panel_4,panel_4_f1_2,-0.01288976522111394,-0.21259519730417703
1783952559,panel_4,panel_4_f1_2,-0.012159292934991121,-0.20485381655217538
1783952559,panel_4,panel_4_f1_2,-0.011434377430427444,-0.1979345531862525
1783952559,panel_4,panel_4_f1_2,-0.010761939114222305,-0.19146100541935535
1783952559,panel_4,panel_4_f1_2,-0.01012280900442848,-0.1853292157176597
1783952559,panel_4,panel_4_f1_2,-0.009567000992763775,-0.17930381361253125
1783952559,panel_4,panel_4_f1_2,-0.008997173535414743,-0.1738204378109287
1783952559,panel_4,panel_4_f1_2,-0.008454906114343862,-0.1686024347742716
1783952559,panel_4,panel_4_f1_2,-0.007952620261231901,-0.16365288705676873
1783952559,panel_4,panel_4_f1_2,-0.007485534872187345,-0.15892407363554287
1783952559,panel_4,panel_4_f1_2,-0.007251611907433225,-0.15395769633443301
1783952559,panel_4,panel_4_f1_2,-0.006881415540278664,-0.14960041509998684
1783952559,panel_4,panel_4_f1_2,-0.006679020965566218,-0.1452004028911645
1783952559,panel_4,panel_4_f1_2,-0.006309082104853708,-0.14132140316101596
1783952559,panel_4,panel_4_f1_2,-0.0061338298241648695,-0.13739580862876627
1783952559,panel_4,panel_4_f1_2,-0.005968050639729481,-0.13368240839555712
1783952559,panel_4,panel_4_f1_2,-0.005645713034399954,-0.13036644027690594
1783952560,panel_4,panel_4_f1_2,-0.005339952850746075,-0.12723000279795732
1783952560,panel_4,panel_4_f1_2,-0.005206454029478811,-0.12404925272800912
1783952560,panel_4,panel_4_f1_2,-0.004955427702932664,-0.12122087874417213
1783952560,panel_4,panel_4_f1_2,-0.004693904584149553,-0.1186098146319465
1783952560,panel_4,panel_4_f1_2,-0.004474920016446114,-0.11607396664077597
1783952560,panel_4,panel_4_f1_2,-0.004263264797913322,-0.11367531305829703
1783952560,panel_4,panel_4_f1_2,-0.004082370918056753,-0.11137435377970539
1783952560,panel_4,panel_4_f1_2,-0.003931595075565389,-0.10917528196677503
1783952560,panel_4,panel_4_f1_2,-0.003847944116511988,-0.106852403627057
1783952560,panel_4,panel_4_f1_2,-0.0036875218925949914,-0.10518367400111506
1783952560,panel_4,panel_4_f1_2,-0.003436112166534697,-0.10453439146442206
1783952560,panel_4,panel_4_f1_2,-0.003275736430060129,-0.10337083871630195
1783952560,panel_4,panel_4_f1_2,-0.003183855586178024,-0.10442837930292165
1783952560,panel_4,panel_4_f1_2,-0.0031838555861780234,-0.10442837930292165
1783952560,panel_4,panel_4_f1_2,-0.0021302230794332526,-0.09463356288033711
1783952560,panel_4,panel_4_f1_2,-0.001242598158097202,-0.08365401704524318
1783952560,panel_4,panel_4_f1_2,-0.0004089018596834496,-0.07275622749577507
1783952560,panel_4,panel_4_f1_2,-0.00040890185968344957,-0.07275622749577507
1783952560,panel_4,panel_4_f1_2,0.00022676663379737444,-0.06161296319016493
1783952560,panel_4,panel_4_f1_2,0.0007103058569092545,-0.051032859621174584
1783952560,panel_4,panel_4_f1_2,0.0014234350482146758,-0.03374762866335921
1783952561,panel_4,panel_4_f1_2,0.0016645596586195824,-0.02284268605268999
1783952561,panel_4,panel_4_f1_2,0.0019778558675530504,-0.01743732671573234
1783952561,panel_4,panel_4_f1_2,0.00222206463666121,-0.01298121435211843
1783952561,panel_4,panel_4_f1_2,0.002162423465250549,-0.0023506845442187807
1783952561,panel_4,panel_4_f1_2,0.0019198748442290218,0.0037978937737385044
1783952561,panel_4,panel_4_f1_2,0.0017378800863846616,0.013218313864548147
1783952561,panel_4,panel_4_f1_2,0.0013680194419612734,0.022172616499031007
1783952561,panel_4,panel_4_f1_2,0.0013832043621039103,0.023985755256195892
1783952561,panel_4,panel_4_f1_2,0.0009609315257010643,0.03363099953718267
1783952561,panel_4,panel_4_f1_2,0.0009609315257010643,0.03363099953718267
1783952562,panel_4,panel_4_f1_2,0.0005453904143655068,0.0423019305709891
1783952562,panel_4,panel_4_f1_2,8.759695455679998e-05,0.050905448134336256
1783952562,panel_4,panel_4_f1_2,-9.61554703462577e-05,0.05278521384248835
1783952562,panel_4,panel_4_f1_2,-0.0010434546697994178,0.06922374341019716
1783952562,panel_4,panel_4_f1_2,-0.0016358383577175538,0.07829212244285282
1783952562,panel_4,panel_4_f1_2,-0.002232761172429553,0.08687885569200506
1783952562,panel_4,panel_4_f1_2,-0.0023498700472390057,0.08751954515550986
1783952562,panel_4,panel_4_f1_2,-0.0028295834328837914,0.09344180789138441
1783952562,panel_4,panel_4_f1_2,-0.002957346789145084,0.09395719371473707
1783952562,panel_4,panel_4_f1_2,-0.0035542735847572497,0.1000837608468081
1783952562,panel_4,panel_4_f2_2,-5.551115123125783e-14,-2.7755575615628914e-14
1783952562,panel_4,panel_4_f2_2,-0.004747258155087975,0.07212969314002267
1783952562,panel_4,panel_4_f2_2,-0.00926392968996575,0.13334910820191895
1783952562,panel_4,panel_4_f2_2,-0.006947947267488191,0.10001183115143228
1783952562,panel_4,panel_4_f2_2,-0.007339747275285069,0.09977583514199896
1783952562,panel_4,panel_4_f2_2,-0.0076167870280470715,0.09701003638708179
1783952562,panel_4,panel_4_f2_2,-0.007812565832823044,0.09303570476702372
1783952563,panel_4,panel_4_f2_2,-0.008208716322906354,0.08024866347358654
1783952563,panel_4,panel_4_f2_2,-0.008336290220320923,0.07595249335233281
1783952563,panel_4,panel_4_f2_2,-0.00830414870340036,0.07129934171447022
1783952563,panel_4,panel_4_f2_2,-0.00924323025873294,0.0687487804875219
1783952563,panel_4,panel_4_f2_2,-0.008582999525970266,0.06383815330983977
1783952563,panel_4,panel_4_f2_2,-0.00873294210048476,0.06026838471612206
1783952563,panel_4,panel_4_f2_2,-0.008894986264547471,0.05683991523291298
1783952563,panel_4,panel_4_f2_2,-0.008923794201787872,0.05355543535642979
1783952563,panel_4,panel_4_f2_2,-0.008959665216236931,0.050549640571909644
1783952563,panel_4,panel_4_f2_2,-0.00900474526568339,0.04775740740017647
1783952563,panel_4,panel_4_f2_2,-0.009184100560915892,0.04513577627726656
1783952563,panel_4,panel_4_f2_2,-0.00924506060708139,0.042742615974956225
1783952563,panel_4,panel_4_f2_2,-0.00944342716093589,0.04046531219840599
1783952563,panel_4,panel_4_f2_2,-0.009637775225058896,0.038371468909648286
1783952563,panel_4,panel_4_f2_2,-0.009844107815262114,0.03645484134689297
1783952563,panel_4,panel_4_f2_2,-0.0100498159247361,0.034713900886178074
1783952563,panel_4,panel_4_f2_2,-0.010139596437990232,0.033207106718416764
1783952563,panel_4,panel_4_f2_2,-0.010344228847521765,0.03181622034984419
1783952564,panel_4,panel_4_f2_2,-0.010547485267969618,0.03059624523666567
1783952564,panel_4,panel_4_f2_2,-0.010183778879420857,0.029541202297469343
1783952564,panel_4,panel_4_f2_2,-0.010382028640847545,0.028598699845051888
1783952564,panel_4,panel_4_f2_2,-0.010047124491144576,0.0276761611403719
1783952564,panel_4,panel_4_f2_2,-0.010600743559282526,0.027090261592093705
1783952564,panel_4,panel_4_f2_2,-0.010734015224068968,0.026464729507822443
1783952564,panel_4,panel_4_f2_2,-0.01083866018903955,0.025920363602679602
1783952564,panel_4,panel_4_f2_2,-0.010915826083416789,0.025433140497842243
1783952564,panel_4,panel_4_f2_2,-0.010965886157874328,0.024994120281287405
1783952564,panel_4,panel_4_f2_2,-0.010669510856311657,0.024318603516927533
1783952565,panel_4,panel_4_f2_2,-0.010559437563407617,0.02329434112465204
1783952565,panel_4,panel_4_f2_2,-0.010308022383327805,0.022739713955016807
1783952565,panel_4,panel_4_f2_2,-0.01015782752190565,0.022432391466989228
1783952565,panel_4,panel_4_f2_2,-0.009926967805499965,0.021922564388193386
1783952565,panel_4,panel_4_f2_2,-0.009706368520934532,0.021435396290677363
1783952565,panel_4,panel_4_f2_2,-0.009502442438211882,0.021226003108340944
1783952565,panel_4,panel_4_f2_2,-0.008654907651742939,0.021106499554440116
1783952565,panel_4,panel_4_f2_2,-0.007190610736796781,0.021051226870205674
1783952565,panel_4,panel_4_f2_2,-0.004767312760760378,0.020904939631378024
1783952565,panel_4,panel_4_f2_2,0.000853453435869822,0.020745776910571764
1783952565,panel_4,panel_4_f2_2,0.0035547745196192328,0.020703234441469195
1783952565,panel_4,panel_4_f2_2,0.0037446648458205316,0.01781804671586718
1783952565,panel_4,panel_4_f2_2,0.0039296865875780886,0.012776795419196393
1783952565,panel_4,panel_4_f2_2,-7.126613968350737e-05,0.013328695522078892
1783952565,panel_4,panel_4_f2_2,0.00010687280644483321,0.011352058499993023
1783952565,panel_4,panel_4_f2_2,-0.0038333565421017927,0.010100168674456329
1783952565,panel_4,panel_4_f2_2,-0.00961822190630726,0.009196294558041308
1783952565,panel_4,panel_4_f2_2,-0.01585877272211548,0.008297023234860057
1783952565,panel_4,panel_4_f2_2,-0.02179741712116266,0.0075154490086721416
1783952565,panel_4,panel_4_f2_2,-0.026860968922984757,0.006764222020945592
1783952565,panel_4,panel_4_f2_2,-0.031147834501698005,0.006177471682812443
1783952565,panel_4,panel_4_f2_2,-0.03098882266135363,0.005775178208852254
1783952565,panel_4,panel_4_f2_2,-0.03308661565250017,0.005149982476529924
1783952565,panel_4,panel_4_f2_2,-0.0343616473777865,0.0052994706964752105
1783952565,panel_4,panel_4_f2_2,-0.034145004614913856,0.005093638208393175
1783952565,panel_4,panel_4_f2_2,-0.0342724785812763,0.005223334586387044
1783952565,panel_4,panel_4_f2_2,-0.03386149419492381,0.005444918097610314
1783952566,panel_4,panel_4_f2_2,-0.033670104745687504,0.005455895512908414
1783952566,panel_4,panel_4_f2_2,-0.03258161383020664,0.005715835676270843
1783952566,panel_4,panel_4_f2_2,-0.031250384806576825,0.0060003997218925345
1783952566,panel_4,panel_4_f2_2,-0.03012606180974865,0.006225236459120212
1783952566,panel_4,panel_4_f2_2,-0.028799781182750915,0.0064898441536905375
1783952566,panel_4,panel_4_f2_2,-0.027761831075098903,0.006720996451753208
1783952566,panel_4,panel_4_f2_2,-0.02747003592730129,0.006873548303682243
1783952566,panel_4,panel_4_f2_2,-0.025897814896505878,0.007129239302452041
1783952566,panel_4,panel_4_f2_2,-0.025144978542264506,0.007264061944672251
1783952566,panel_4,panel_4_f2_2,-0.024490334244679817,0.0073829505942460275
1783952566,panel_4,panel_4_f2_2,-0.024169626072279692,0.007429812250628558
1783952566,panel_4,panel_4_f2_2,-0.023914673189257118,0.007461367704030025
1783952566,panel_4,panel_4_f2_2,-0.02344754600492111,0.007459351214050673
1783952566,panel_4,panel_4_f2_2,-0.0234475460049211,0.007459351214050674
1783952566,panel_4,panel_4_f2_2,-0.02282467061619242,0.007308795142833991
1783952566,panel_4,panel_4_f2_2,-0.0225188928390429,0.0072079703997868574
1783952566,panel_4,panel_4_f2_2,-0.022264418640842797,0.007077232076442476
1783952566,panel_4,panel_4_f2_2,-0.0220767238040335,0.0069291435319342705
1783952566,panel_4,panel_4_f2_2,-0.021944553296270694,0.006766620541566159
1783952566,panel_4,panel_4_f2_2,-0.022221823786031214,0.006795805919171966
1783952566,panel_4,panel_4_f2_2,-0.022732983374528587,0.006601999933434951
1783952567,panel_4,panel_4_f2_2,-0.02421271067914481,0.006369404129118488
1783952567,panel_4,panel_4_f2_2,-0.024057689892064586,0.006136877252053434
1783952567,panel_4,panel_4_f2_2,-0.02686826853895176,0.005477358645780009
1783952567,panel_4,panel_4_f2_2,-0.02981474442407171,0.005125757641943073
1783952567,panel_4,panel_4_f2_2,-0.02973775155722931,0.0049352607025459
1783952567,panel_4,panel_4_f2_2,-0.029886136948003964,0.004734093517699103
1783952567,panel_4,panel_4_f2_2,-0.027822951412876586,0.004817413628878823
1783952567,panel_4,panel_4_f2_2,-0.024429678428343597,0.00482171768948253
1783952567,panel_4,panel_4_f2_2,-0.02503631227886127,0.004509530967981935
1783952567,panel_4,panel_4_f2_2,-0.020409159054878053,0.00446623413938577
1783952567,panel_4,panel_4_f2_2,-0.0226401788566589,0.004188571096032202
1783952567,panel_4,panel_4_f2_2,-0.028165598798075005,0.003929635024210342
1783952567,panel_4,panel_4_f2_2,-0.025804591982181498,0.0039853702015339556
1783952567,panel_4,panel_4_f2_2,-0.025804591982181498,0.003985370201533955
1783952567,panel_4,panel_4_f2_2,-0.02255466248578182,0.003953515712950335
1783952567,panel_4,panel_4_f2_2,-0.016441739306201825,0.0035027089916918695
1783952567,panel_4,panel_4_f2_2,-0.016441739306201825,0.0035027089916918703
1783952567,panel_4,panel_4_f2_2,-0.011692229596081653,0.0032914182993510066
1783952567,panel_4,panel_4_f2_2,-0.0057031303837132095,0.0029959522966296896
1783952567,panel_4,panel_4_f2_2,0.0004315493712656856,0.002932327539324801
1783952568,panel_4,panel_4_f2_2,0.00655177571896037,0.0027373260324383662
1783952568,panel_4,panel_4_f2_2,0.011800722164461874,0.002644189533185275
1783952568,panel_4,panel_4_f2_2,0.016279828327063345,0.002571124028521961
1783952568,panel_4,panel_4_f2_2,0.016279828327063345,0.002571124028521961
1783952568,panel_4,panel_4_f2_2,0.017601110656336627,0.0026081004949027927
1783952568,panel_4,panel_4_f2_2,0.018876142381622954,0.002458612274957506
1783952568,panel_4,panel_4_f2_2,0.017981730128758297,0.002595409028251619
1783952568,panel_4,panel_4_f2_2,0.01833571706962939,0.0023574551905616577
1783952568,panel_4,panel_4_f2_2,0.01811242710722848,0.0021157965326838585
1783952568,panel_4,panel_4_f2_2,0.018112427107228483,0.0021157965326838585
1783952568,panel_4,panel_4_f2_2,0.017220259914860904,0.0019059121631412872
1783952568,panel_4,panel_4_f2_2,0.015636076290527462,0.001835670915661813
1783952568,panel_4,panel_4_f2_2,0.014515141644878857,0.001767917072696635
1783952568,panel_4,panel_4_f2_2,0.013436036562302425,0.0016825123220411973
1783952568,panel_4,panel_4_f2_2,0.013116211120440946,0.0016376393843832498
1783952568,panel_4,panel_4_f2_2,0.013116211120440945,0.0016376393843832496
1783952568,panel_4,panel_4_f2_2,0.013961520980340467,0.0014712548168687536
1783952568,panel_4,panel_4_f2_2,0.016318532781346696,0.0012304273394476253
1783952568,panel_4,panel_4_f2_2,0.015977181913667732,0.001198475194534149
1783952569,panel_4,panel_4_f2_2,0.019419582824361653,0.0005117792967800297
1783952569,panel_4,panel_4_f2_2,0.02506307005620001,-0.0013015877999132492
1783952569,panel_4,panel_4_f2_2,0.030420208764977467,-0.0040096887297929075
1783952569,panel_4,panel_4_f2_2,0.03247130950748697,-0.005643389657728639
1783952569,panel_4,panel_4_f2_2,0.03348388569139875,-0.007170719395010144
1783952569,panel_4,panel_4_f2_2,0.033623202773927864,-0.009329511705125226
1783952569,panel_4,panel_4_f2_2,0.03191462848288353,-0.011630938642004904
1783952569,panel_4,panel_4_f2_2,0.029428759707169724,-0.013360581934171343
1783952569,panel_4,panel_4_f2_2,0.029550948974683574,-0.013390627197841147
1783952569,panel_4,panel_4_f2_2,0.02197132614523499,-0.014555222030077676
1783952569,panel_4,panel_4_f2_2,0.012248331066506236,-0.015088082231425664
1783952569,panel_4,panel_4_f2_2,0.00435025472621547,-0.01521933654824715
1783952569,panel_4,panel_4_f2_2,0.0043502547262154675,-0.01521933654824715
1783952569,panel_4,panel_4_f2_2,-0.004858246021750556,-0.014637237558279332
1783952569,panel_4,panel_4_f2_2,-0.0019117701366306128,-0.014285636554442396
1783952569,panel_4,panel_4_f2_2,-0.0019117701366306117,-0.014285636554442396
1783952569,panel_4,panel_4_f2_2,-0.02121433782877567,-0.013320500846200331
1783952569,panel_4,panel_4_f2_2,-0.04415460176643586,-0.012642243724086294
1783952569,panel_4,panel_4_f2_2,-0.06930483038547985,-0.012146352640811797
1783952569,panel_4,panel_4_f2_2,-0.0926506035261575,-0.011331949561613897
1783952569,panel_4,panel_4_f2_2,-0.1230870210175958,-0.010708967721350816
1783952570,panel_4,panel_4_f2_2,-0.12308702101759579,-0.010708967721350817
1783952570,panel_4,panel_4_f2_2,-0.15039467737446482,-0.009486966974867152
1783952570,panel_4,panel_4_f2_2,-0.1783880028650979,-0.008482960219959852
1783952570,panel_4,panel_4_f2_3,-5.551115123125783e-14,-2.7755575615628914e-14
1783952570,panel_4,panel_4_f2_3,-5.551115123125783e-14,-2.7755575615628914e-14
1783952570,panel_4,panel_4_f2_3,-5.551115123125783e-14,-2.7755575615628914e-14
1783952570,panel_4,panel_4_f2_3,-0.39351871349489825,0.008677765946542746
1783952570,panel_4,panel_4_f2_3,-0.6313410193840815,0.010705539108600714
1783952570,panel_4,panel_4_f2_3,-0.7890061571336918,0.009191546917582933
1783952570,panel_4,panel_4_f2_3,-0.8999544409075142,0.0063196761287164106
1783952570,panel_4,panel_4_f2_3,-0.9410856266165963,0.00265111310643803
1783952570,panel_4,panel_4_f2_3,-1.0046230895653503,-0.0019441638911757643
1783952570,panel_4,panel_4_f2_3,-0.9041607806088207,-0.0017497475020609634
1783952570,panel_4,panel_4_f2_4,-2.8335969755356802,-0.13388663777343054
1783952570,panel_4,panel_4_f2_4,-1.4167984877678679,-0.06694331888672915
1783952570,panel_4,panel_4_f2_4,-1.3746695701239406,-0.07411183160841937
1783952570,panel_4,panel_4_f2_4,-1.338692472983736,-0.0791433683232707
1783952570,panel_4,panel_4_f2_4,-1.2906788215321885,-0.07953757135543932
1783952570,panel_4,panel_4_f2_4,-1.4024967376652613,-0.08511638344549909
1783952570,panel_4,panel_4_f2_4,-1.3244413335573584,-0.07668815435779368
1783952571,panel_4,panel_4_f2_4,-1.2355237131037007,-0.06745432506449373
1783952571,panel_4,panel_4_f2_4,-1.1696836477177766,-0.05717849660133664
1783952571,panel_4,panel_4_f2_4,-1.152168297287008,-0.043837462618612134
1783952571,panel_4,panel_4_f2_4,-1.1234990516833259,-0.03081803714703327
1783952571,panel_4,panel_4_f2_4,-1.0298741307097201,-0.02824986738478281
1783952571,panel_4,panel_4_f2_4,-0.996925171460137,-0.017261000141158913
1783952571,panel_4,panel_4_f2_4,-0.9257162306415597,-0.016028071559649543
1783952571,panel_4,panel_4_f2_4,-0.8640018152654594,-0.014959533455674757
1783952571,panel_4,panel_4_f2_4,-0.8229865605067128,-0.010591234507713938
1783952571,panel_4,panel_4_f2_4,-0.7745755863592624,-0.009968220713144163
1783952571,panel_4,panel_4_f2_4,-0.7315436093393064,-0.009414430673526585
1783952571,panel_4,panel_4_f2_4,-0.6930413141109247,-0.008918934322289804
1783952571,panel_4,panel_4_f2_4,-0.6583892484053813,-0.008472987606176702
1783952571,panel_4,panel_4_f2_4,-0.6327661994744674,-0.006971817731970552
1783952571,panel_4,panel_4_f2_4,-0.6088883192687107,-0.005843176410071648
1783952571,panel_4,panel_4_f2_4,-0.5867006564227202,-0.004932407312245061
1783952571,panel_4,panel_4_f2_4,-0.5622547957384426,-0.004726890340902674
1783952571,panel_4,panel_4_f2_4,-0.5428038791499016,-0.0041251880900670945
1783952571,panel_4,panel_4_f2_4,-0.5219268068749074,-0.003966527009680966
1783952572,panel_4,panel_4_f2_4,-0.4730281787061077,-0.0027481991031877745
1783952572,panel_4,panel_4_f2_4,-0.45726057274923926,-0.0026565924664157738
1783952572,panel_4,panel_4_f2_4,-0.442510231692814,-0.002570895935241967
1783952572,panel_4,panel_4_f2_4,-0.4287081555453617,-0.0024137884061434436
1783952572,panel_4,panel_4_f2_4,-0.415716999316716,-0.002340643302927817
1783952572,panel_4,panel_4_f2_4,-0.4031928710300861,-0.002222867795630849
1783952572,panel_4,panel_4_f2_4,-0.39167307471494234,-0.0021593572871850463
1783952572,panel_4,panel_4_f2_4,-0.3800633691085305,-0.002056270655530715
1783952572,panel_4,panel_4_f2_4,-0.37017021007388495,-0.002008715133481453
1783952572,panel_4,panel_4_f2_4,-0.36186641521629764,-0.0020059012100820794
1783952572,panel_4,panel_4_f2_4,-0.35258778918511197,-0.001954467845721712
1783952572,panel_4,panel_4_f2_4,-0.34733700103030857,-0.00224721953203749
1783952572,panel_4,panel_4_f2_4,-0.33886536685883895,-0.002192409299549448
1783952572,panel_4,panel_4_f2_4,-0.3349902375179729,-0.003070117745664306
1783952572,panel_4,panel_4_f2_4,-0.33114333957704734,-0.004328207430302041
1783952572,panel_4,panel_4_f2_4,-0.32672381191929706,-0.006006135863688298
1783952572,panel_4,panel_4_f2_4,-0.3217646484999341,-0.007909202455514302
1783952572,panel_4,panel_4_f2_4,-0.31476976483689323,-0.007737263271699377
1783952572,panel_4,panel_4_f2_4,-0.3080725357978116,-0.007572640648897853
1783952573,panel_4,panel_4_f2_4,-0.29636603936003136,-0.011897445708973386
1783952573,panel_4,panel_4_f2_4,-0.2852968401426157,-0.013383704034505922
1783952573,panel_4,panel_4_f2_4,-0.27208864160610846,-0.014191171116650596
1783952573,panel_4,panel_4_f2_4,-0.20811427644101335,-0.012053164285740915
1783952573,panel_4,panel_4_f2_4,-0.19685731242670662,-0.01223549435429962
1783952573,panel_4,panel_4_f2_4,-0.1583481442946669,-0.01035730519707709
1783952573,panel_4,panel_4_f2_4,-0.13373292066340559,-0.00847254562772115
1783952573,panel_4,panel_4_f2_4,-0.09541598202310722,-0.006222568554892809
1783952573,panel_4,panel_4_f2_4,-0.04227758890141145,-0.0033955078766732265
1783952573,panel_4,panel_4_f2_4,-0.01012871359020876,-0.002263268243361577
1783952573,panel_4,panel_4_f2_4,0.037896224209892276,-0.0008060666604429107
1783952573,panel_4,panel_4_f2_4,0.06745668059742198,-0.0006937083984786277
1783952573,panel_4,panel_4_f2_4,0.10933327417800985,-0.0014872200874008863
1783952573,panel_4,panel_4_f2_4,0.14909828900477445,-0.002775398938631513
1783952573,panel_4,panel_4_f2_4,0.1682976061414398,-0.0021605401409450116
1783952573,panel_4,panel_4_f2_4,0.20605426564017285,-0.0035115306543068514
1783952573,panel_4,panel_4_f2_4,0.25480494906706036,-0.0018746993693456284
1783952573,panel_4,panel_4_f2_4,0.27760988639231227,-0.001331362576728643
1783952573,panel_4,panel_4_f2_3,-0.6873882896960984,-0.0001829062113590783
1783952573,panel_4,panel_4_f2_3,-0.6301059322214281,-0.0001676640270814681
1783952574,panel_4,panel_4_f2_3,-0.33737129837905044,-0.004803391925154067
1783952574,panel_4,panel_4_f2_3,-0.3132733484948365,-0.0044602925019307585
1783952574,panel_4,panel_4_f2_3,-0.2923884585951844,-0.0041629396684705585
1783952574,panel_4,panel_4_f2_3,-0.19342367983464792,-0.005315371542706327
1783952574,panel_4,panel_4_f2_3,-0.10664888137674242,-0.005438014959700103
1783952574,panel_4,panel_4_f2_3,-0.01244423707970631,-0.005017545473824375
1783952574,panel_4,panel_4_f2_3,0.053882456490765,-0.004597882892053212
1783952574,panel_4,panel_4_f2_3,0.12786257300953724,-0.004647707779129288
1783952574,panel_4,panel_4_f2_2,-0.1783880028650979,-0.00848296021995985
1783952574,panel_4,panel_4_f2_2,-0.15270128501348723,-0.009333377462302547
1783952574,panel_4,panel_4_f2_2,-0.1548132554658056,-0.009434470843926582
1783952574,panel_4,panel_4_f2_2,-0.13380267269198745,-0.010519445599445261
1783952574,panel_4,panel_4_f2_2,-0.10977374337334432,-0.012314883853369095
1783952574,panel_4,panel_4_f2_2,-0.08706577781613932,-0.014332434131935832
1783952574,panel_4,panel_4_f2_2,-0.06529062477659772,-0.01653002732507814
1783952574,panel_4,panel_4_f2_2,-0.049805753684243725,-0.018234692608102475
1783952574,panel_4,panel_4_f2_2,-0.031923119530769775,-0.02047063430163819
1783952574,panel_4,panel_4_f2_2,-0.016327929088211134,-0.022849083755413148
1783952574,panel_4,panel_4_f2_2,-0.016327929088211134,-0.022849083755413148
1783952575,panel_4,panel_4_f2_2,-0.006574568776561799,-0.024658623410749952
1783952575,panel_4,panel_4_f2_2,-0.006574568776561799,-0.02465862341074996
1783952575,panel_4,panel_4_f2_2,-0.00042886217941707437,-0.025669602663394037
1783952575,panel_4,panel_4_f2_2,-0.0004288621794170733,-0.025669602663394037
1783952575,panel_4,panel_4_f2_2,-0.0004288621794170755,-0.025669602663394037
1783952575,panel_4,panel_4_f2_2,-0.004960061929756536,-0.02451064155271982
1783952575,panel_4,panel_4_f2_2,-0.009312498874078944,-0.02365677521598152
1783952575,panel_4,panel_4_f2_2,-0.01571842746632369,-0.022688811136871018
1783952575,panel_4,panel_4_f2_2,-0.024013406851090224,-0.02150436237404846
1783952575,panel_4,panel_4_f2_2,-0.03510504757595023,-0.019896427253550293
1783952575,panel_4,panel_4_f2_2,-0.0482199164821401,-0.01788976007967269
1783952575,panel_4,panel_4_f2_2,-0.05989212923775496,-0.01570243035414944
1783952575,panel_4,panel_4_f2_2,-0.0939679636490844,-0.009165918340534042
1783952575,panel_4,panel_4_f2_2,-0.09683012961894626,-0.00897065855582136
1783952575,panel_4,panel_4_f2_2,-0.1307230154068919,-0.0025484832919453436
1783952575,panel_4,panel_4_f2_2,-0.1544966751427946,0.001550259888223134
1783952575,panel_4,panel_4_f2_2,-0.16039511525765554,0.0033320715315149478
1783952575,panel_4,panel_4_f2_2,-0.18869728768248614,0.009034717574472067
1783952575,panel_4,panel_4_f2_2,-0.21453335570712678,0.013391961437741597
1783952575,panel_4,panel_4_f2_2,-0.23987409113896277,0.017380778747677038
1783952575,panel_4,panel_4_f2_2,-0.2400192118286978,0.01951144174461586
1783952576,panel_4,panel_4_f2_2,-0.2631120750146461,0.02386743722744373
1783952576,panel_4,panel_4_f2_3,0.01520091141036434,0.0030405484350868417
1783952576,panel_4,panel_4_f2_3,-0.04168685544572228,0.006327857561411374
1783952576,panel_4,panel_4_f2_3,-0.03987438346982373,0.006052733319609673
1783952576,panel_4,panel_4_f2_3,-0.03821295082525004,0.005800536097958113
1783952576,panel_4,panel_4_f2_3,-0.03668443279224226,0.005568514654038678
1783952576,panel_4,panel_4_f2_3,-0.07891336805138613,0.006434684532200334
1783952576,panel_4,panel_4_f2_3,-0.07599065071615166,0.006196362882858552
1783952576,panel_4,panel_4_f2_3,-0.07327669890486252,0.005975064208469756
1783952576,panel_4,panel_4_f2_3,-0.10416103275420127,0.005604657195410005
1783952576,panel_4,panel_4_f2_3,-0.10068899832906308,0.005417835288895413
1783952576,panel_4,panel_4_f2_3,-0.12433551426937402,0.004534337596101775
1783952576,panel_4,panel_4_f2_3,-0.16301258571046107,0.002731694595511435
1783952576,panel_4,panel_4_f2_3,-0.17450377997969907,0.0017674954212078568
1783952576,panel_4,panel_4_f2_3,-0.16937131586265075,0.0017155102617597505
1783952576,panel_4,panel_4_f2_3,-0.16453213540943373,0.001666495682851536
1783952576,panel_4,panel_4_f2_3,-0.17071442823690486,0.0002146898272337822
1783952576,panel_4,panel_4_f2_3,-0.16610052477104406,0.00020888739946995686
1783952576,panel_4,panel_4_f2_3,-0.16457105009607567,-1.3413932061890519e-05
1783952576,panel_4,panel_4_f2_3,-0.160084433433205,0.0005370728363396052
1783952577,panel_4,panel_4_f2_3,-0.15608232259737626,0.000523646015430422
1783952577,panel_4,panel_4_f2_3,-0.14516791532069256,0.0023745842073009953
1783952577,panel_4,panel_4_f2_3,-0.1417115363844869,0.0023180464880788823
1783952577,panel_4,panel_4_f2_3,-0.12480718398726087,0.004359675675716223
1783952577,panel_4,panel_4_f2_3,-0.10873136827584101,0.00586173693273185
1783952577,panel_4,panel_4_f2_3,-0.08828484936047608,0.007694296901722174
1783952577,panel_4,panel_4_f2_3,-0.06652593368315131,0.009513469493012147
1783952577,panel_4,panel_4_f2_3,-0.04469283378795127,0.01132459627647724
1783952577,panel_4,panel_4_f2_3,-0.022518594404541032,0.013101947341016126
1783952577,panel_4,panel_4_f2_3,-0.022059031253429083,0.012834560660586658
1783952577,panel_4,panel_4_f2_3,0.00050503222470347,0.014393182282452703
1783952577,panel_4,panel_4_f2_3,0.0005050322247034878,0.014393182282452703
1783952577,panel_4,panel_4_f2_3,0.023870537404198835,0.015880611981439058
1783952577,panel_4,panel_4_f2_3,0.04764441281496108,0.01709397228357374
1783952577,panel_4,panel_4_f2_3,0.1030557685323284,0.017394000285601337
1783952577,panel_4,panel_4_f2_3,0.13470837339114358,0.01701766765046413
1783952577,panel_4,panel_4_f2_3,0.18528669960902774,0.0172748894277839
1783952577,panel_4,panel_4_f2_2,-0.23700447320582435,0.025697825129676083
1783952577,panel_4,panel_4_f2_2,-0.2140775705053816,0.025470847815490142
1783952577,panel_4,panel_4_f2_2,-0.20622067718617249,0.026606257270120864
1783952578,panel_4,panel_4_f2_2,-0.1862305228574018,0.02724945267879516
1783952578,panel_4,panel_4_f2_2,-0.1670758450433792,0.026096610527046652
1783952578,panel_4,panel_4_f2_2,-0.14127960786752997,0.024968969473091903
1783952578,panel_4,panel_4_f2_2,-0.12890887836198284,0.02437468653230825
1783952578,panel_4,panel_4_f2_2,-0.11569809232251776,0.02406110160024231
1783952578,panel_4,panel_4_f2_2,-0.08745085986822776,0.02339904966175399
1783952578,panel_4,panel_4_f2_2,-0.05883275796144014,0.022933677141330717
1783952578,panel_4,panel_4_f2_2,-0.029039082308340694,0.022826451522994128
1783952578,panel_4,panel_4_f2_2,-0.00048493231207959343,0.02265239683468121
1783952578,panel_4,panel_4_f2_2,0.029763820272648688,0.022562479274353925
1783952578,panel_4,panel_4_f2_2,0.03343257505236616,0.023258373330143377
1783952578,panel_4,panel_4_f2_2,0.06372908048938138,0.022680244149782695
1783952578,panel_4,panel_4_f2_2,0.08666007808037154,0.02166304468665435
1783952578,panel_4,panel_4_f2_2,0.08883477598416782,0.022167134937861155
1783952578,panel_4,panel_4_f2_2,0.061880725634754545,0.02339693263013634
1783952578,panel_4,panel_4_f2_2,0.06527547176641205,0.024190751601147063
1783952578,panel_4,panel_4_f2_2,0.04426488899259384,0.025275726356665737
1783952578,panel_4,panel_4_f2_2,0.021754830359927108,0.0273812443355858
1783952579,panel_4,panel_4_f2_2,-0.00010194028385159787,0.02943077194400929
1783952579,panel_4,panel_4_f2_2,-0.02106184918897227,0.031534489662075754
1783952579,panel_4,panel_4_f2_2,-0.03608073447177709,0.03342515479481831
1783952579,panel_4,panel_4_f2_2,-0.0539232393836119,0.035767866611017045
1783952579,panel_4,panel_4_f2_2,-0.06974976709682877,0.038155261248232125
1783952579,panel_4,panel_4_f2_2,-0.07056113521912741,0.03810376126215482
1783952579,panel_4,panel_4_f2_2,-0.07964355601430267,0.039690222886514685
1783952579,panel_4,panel_4_f2_2,-0.07964355601430267,0.039690222886514685
1783952579,panel_4,panel_4_f2_2,-0.08668582316558009,0.04034987806815711
1783952579,panel_4,panel_4_f2_2,-0.08779904573429417,0.04021009968145739
1783952579,panel_4,panel_4_f2_2,-0.08779904573429416,0.04021009968145739
1783952579,panel_4,panel_4_f2_2,-0.0832678459839547,0.03905113857078317
1783952579,panel_4,panel_4_f2_2,-0.07842570159067493,0.03798465771303551
1783952579,panel_4,panel_4_f2_2,-0.06928053508832482,0.03631752452211335
1783952579,panel_4,panel_4_f2_2,-0.059180646765440686,0.03467123646786491
1783952579,panel_4,panel_4_f2_2,-0.04608231604642571,0.0324316410389588
1783952579,panel_4,panel_4_f2_2,-0.030791185624395014,0.029324658106065528
1783952579,panel_4,panel_4_f2_2,-0.017169637320741577,0.026074252369182732
1783952579,panel_4,panel_4_f2_2,0.016658664923943127,0.017878976651134602
1783952579,panel_4,panel_4_f2_2,0.018749610830319164,0.014249239794838222
1783952580,panel_4,panel_4_f2_2,0.0528704310908473,0.005533484215779971
1783952580,panel_4,panel_4_f2_2,0.07162332731428787,-0.0003703704644830505
1783952580,panel_4,panel_4_f2_2,0.06442722572092946,-0.004939033069959191
1783952580,panel_4,panel_4_f2_2,0.08722775768708992,-0.00795688426755677
1783952580,panel_4,panel_4_f2_2,0.10336532357082154,-0.012123980522035666
1783952580,panel_4,panel_4_f2_2,0.11756708207082887,-0.015484367501820927
1783952580,panel_4,panel_4_f2_2,0.09355295040305181,-0.016370484942827425
1783952580,panel_4,panel_4_f2_2,0.11838575256250465,-0.018453440940091107
1783952580,panel_4,panel_4_f2_2,0.06700880722185923,-0.01824605457361879
1783952580,panel_4,panel_4_f2_2,0.026809014688971854,-0.017480553228623272
1783952580,panel_4,panel_4_f2_2,0.026809014688971847,-0.017480553228623272
1783952580,panel_4,panel_4_f2_2,-0.015403951088353164,-0.015214456358998986
1783952580,panel_4,panel_4_f2_2,-0.03809512601508181,-0.013929612373636905
1783952580,panel_4,panel_4_f2_2,-0.08100078330401587,-0.011321314377595476
1783952580,panel_4,panel_4_f2_2,-0.09454785712041051,-0.010541999050411931
1783952580,panel_4,panel_4_f2_2,-0.1326327279017624,-0.008519373870188522
1783952580,panel_4,panel_4_f2_2,-0.14584351394122744,-0.00820578893812258
1783952580,panel_4,panel_4_f2_3,0.18970890768863818,0.01852395993247006
1783952580,panel_4,panel_4_f2_3,0.21428898622024048,0.018984536493459717
1783952580,panel_4,panel_4_f2_3,0.2173410937602055,0.020248619935446376
1783952580,panel_4,panel_4_f2_3,0.19572387629686955,0.020378419201584855
1783952581,panel_4,panel_4_f2_3,0.16611714390824592,0.020068709067671105
1783952581,panel_4,panel_4_f2_3,0.16611714390824592,0.020068709067671105
1783952581,panel_4,panel_4_f2_3,0.10260825775365517,0.021277351601711052
1783952581,panel_4,panel_4_f2_3,0.07816066651100644,0.020301424389848423
1783952581,panel_4,panel_4_f2_3,0.05494796661119874,0.019081753296726116
1783952581,panel_4,panel_4_f2_3,0.011286156630987318,0.018415144841505887
1783952581,panel_4,panel_4_f2_3,-0.03514097124827273,0.016952099405391875
1783952581,panel_4,panel_4_f2_3,-0.08651058693096698,0.01515020360924455
1783952581,panel_4,panel_4_f2_3,-0.12910552752756788,0.013123431750556388
1783952581,panel_4,panel_4_f2_3,-0.1597752232648932,0.013235319363227327
1783952581,panel_4,panel_4_f2_4,0.2817650411748215,-0.002430027570963164
1783952581,panel_4,panel_4_f2_4,0.2817650411748215,-0.0024300275709631634
1783952581,panel_4,panel_4_f2_4,0.2817650411748215,-0.002430027570963164
1783952581,panel_4,panel_4_f2_4,0.2817650411748215,-0.0024300275709631634
1783952581,panel_4,panel_4_f2_4,0.2817650411748215,-0.0024300275709631643
1783952581,panel_4,panel_4_f2_4,0.2814122384066574,-0.0039839702581915895
1783952581,panel_4,panel_4_f2_4,0.2838359428063451,-0.004645002206038496
1783952581,panel_4,panel_4_f2_4,0.28849842821921395,-0.004728070757075219
1783952581,panel_4,panel_4_f2_4,0.29781097934531864,-0.0037253189160342333
1783952581,panel_4,panel_4_f2_4,0.29933061696581587,-0.0039316322346345245
1783952582,panel_4,panel_4_f2_4,0.32087096464607123,-0.0013486907282658606
1783952582,panel_4,panel_4_f2_4,0.32193056324599945,-0.0014944648778169262
1783952582,panel_4,panel_4_f2_4,0.3374670111747367,0.00027544906977820636
1783952582,panel_4,panel_4_f2_4,0.354484171998956,0.0020486174593184695
1783952582,panel_4,panel_4_f2_3,-0.09736231363371958,0.012125655230294498
1783952582,panel_4,panel_4_f2_3,-0.03476657302177681,0.01457585135568961
1783952582,panel_4,panel_4_f2_3,-0.0347665730217768,0.01457585135568961
1783952582,panel_4,panel_4_f2_3,-0.01397197453234706,0.01629431554882382
1783952582,panel_4,panel_4_f2_3,-0.013971974532347043,0.01629431554882382
1783952582,panel_4,panel_4_f2_3,0.00872076045825151,0.015732536919098428
1783952583,panel_4,panel_4_f2_3,0.049246461957498135,0.01724693428927544
1783952583,panel_4,panel_4_f2_3,0.0912265107600599,0.017623841154455686
1783952583,panel_4,panel_4_f2_3,0.13594321370289086,0.017554302335093235
1783952583,panel_4,panel_4_f2_3,0.1702268778199181,0.01775064285929802
1783952583,panel_4,panel_4_f2_3,0.23191212459109867,0.017917357348645108
1783952583,panel_4,panel_4_f2_3,0.2637321606466526,0.01770484878415851
1783952583,panel_4,panel_4_f2_3,0.27985803739967174,0.016862862250616457
1783952583,panel_4,panel_4_f2_3,0.2798580373996718,0.016862862250616457
1783952583,panel_4,panel_4_f2_3,0.28759993094363856,0.017874832553003657
1783952583,panel_4,panel_4_f2_2,-0.14189750751857258,-0.009270991324981302
1783952583,panel_4,panel_4_f2_2,-0.1496385310228274,-0.009567196037851791
1783952583,panel_4,panel_4_f2_2,-0.15766873566710304,-0.010196231761457999
1783952583,panel_4,panel_4_f2_2,-0.15275964005778517,-0.010918296465781461
1783952583,panel_4,panel_4_f2_2,-0.14262653612709747,-0.011078798256223077
1783952583,panel_4,panel_4_f2_2,-0.14629529090681495,-0.011774692312012532
1783952583,panel_4,panel_4_f2_2,-0.14484554268159083,-0.011862113156147458
1783952583,panel_4,panel_4_f2_2,-0.14484554268159083,-0.011862113156147458
1783952583,panel_4,panel_4_f2_2,-0.14702024058538712,-0.012366203407354268
1783952583,panel_4,panel_4_f2_2,-0.1488219138705484,-0.012788236838547136
1783952583,panel_4,panel_4_f2_2,-0.1522166600022059,-0.013582055809557854
1783952583,panel_4,panel_4_f2_2,-0.15084576762240803,-0.013070023974130415
1783952583,panel_4,panel_4_f2_2,-0.15199103786578422,-0.01313178345357479
1783952583,panel_4,panel_4_f2_2,-0.15138754293332324,-0.012541867669089338
1783952583,panel_4,panel_4_f2_2,-0.15142105886144067,-0.012327965611598393
1783952583,panel_4,panel_4_f2_2,-0.15162077100119148,-0.012120382131829976
1783952583,panel_4,panel_4_f2_2,-0.15163866233081527,-0.011872285282388184
1783952583,panel_4,panel_4_f2_2,-0.15140732506015703,-0.011881230465828306
1783952583,panel_4,panel_4_f2_2,-0.1505959569378584,-0.011829730479750994
1783952583,panel_4,panel_4_f2_2,-0.15008014161400585,-0.011781274098115958
1783952584,panel_4,panel_4_f2_2,-0.1509120941755914,-0.011620527553125997
1783952584,panel_4,panel_4_f2_2,-0.15029695125207415,-0.01122306978648275
1783952584,panel_4,panel_4_f2_2,-0.15029093161022725,-0.010959569418493102
1783952584,panel_4,panel_4_f2_2,-0.15029093161022725,-0.010959569418493102
1783952584,panel_4,panel_4_f2_2,-0.15160745588016689,-0.010867626103773629
1783952584,panel_4,panel_4_f2_2,-0.1535025417998734,-0.010578239051177662
1783952584,panel_4,panel_4_f2_2,-0.15573698808586958,-0.009999888436348353
1783952584,panel_4,panel_4_f2_2,-0.15923399052096868,-0.009534095915211734
1783952584,panel_4,panel_4_f2_2,-0.16316546498807327,-0.008897572639036488
1783952584,panel_4,panel_4_f2_2,-0.16578158251699043,-0.00782967457156567
1783952584,panel_4,panel_4_f2_2,-0.16967765815080874,-0.006773185976955556
1783952584,panel_4,panel_4_f2_2,-0.1715479206638178,-0.005062355300359092
1783952584,panel_4,panel_4_f2_2,-0.17485349779999673,-0.0014601140442484705
1783952584,panel_4,panel_4_f2_2,-0.17614706501825492,0.0007651409253169472
1783952584,panel_4,panel_4_f2_2,-0.17518292643168343,0.0031028104993248407
1783952584,panel_4,panel_4_f2_2,-0.16837348826842452,0.007395830182819347
1783952584,panel_4,panel_4_f2_2,-0.16837348826842446,0.007395830182819347
1783952584,panel_4,panel_4_f2_2,-0.160726086870025,0.008839383501964447
1783952584,panel_4,panel_4_f2_2,-0.15066730281740676,0.009710291468402505
1783952584,panel_4,panel_4_f2_2,-0.1266787579302457,0.008823286210243572
1783952585,panel_4,panel_4_f2_2,-0.12672773275170937,0.006430025059234409
1783952585,panel_4,panel_4_f2_2,-0.09830010453508446,0.002507609232212667
1783952585,panel_4,panel_4_f2_2,-0.0810272147026398,0.0019690852014030884
1783952585,panel_4,panel_4_f2_2,-0.0803490769519626,-0.0023603161551687723
1783952585,panel_4,panel_4_f2_2,-0.037409026970541055,-0.009435167653634897
1783952585,panel_4,panel_4_f2_2,-0.013969264779702917,-0.015860679172464844
1783952585,panel_4,panel_4_f1_2,-0.00368654697433866,0.10048608091179126
1783952585,panel_4,panel_4_f1_2,-0.0022622067669234637,0.08903236333373375
1783952586,panel_4,panel_4_f1_2,-0.0014810089663840381,0.08288942195715307
1783952586,panel_4,panel_4_f1_2,-0.0008008828056238551,0.07681332347973861
1783952586,panel_4,panel_4_f1_2,-0.00020149303720410356,0.07171038465552267
1783952586,panel_4,panel_4_f1_2,0.0011471028631916118,0.059172789196490216
1783952586,panel_4,panel_4_f1_2,0.0018595017794488362,0.05289952233409287
1783952586,panel_4,panel_4_f1_2,0.002539111379150849,0.04681515952656237
1783952586,panel_4,panel_4_f1_2,0.0024134958118938884,0.046968671924298065
1783952586,panel_4,panel_4_f1_2,0.002886408690476401,0.04164595192985985
1783952586,panel_4,panel_4_f1_2,0.0028864086904764013,0.04164595192985985
1783952586,panel_4,panel_4_f1_2,0.002784696183297026,0.041807670317673136
1783952586,panel_4,panel_4_f1_2,0.0026641253175767564,0.042038794038286496
1783952586,panel_4,panel_4_f1_2,0.002569676681033679,0.042230161058518206
1783952586,panel_4,panel_4_f1_2,0.002472918489052636,0.042440825238751714
1783952586,panel_4,panel_4_f1_2,0.0025718079422629263,0.044857182638637
1783952586,panel_4,panel_4_f1_2,0.0025147415855308964,0.04506152364633462
1783952586,panel_4,panel_4_f1_2,0.0025147415855308964,0.04506152364633463
1783952586,panel_4,panel_4_f1_2,0.0024861377492452074,0.053608942466736656
1783952586,panel_4,panel_4_f1_2,0.002297923948048479,0.05987897812066888
1783952586,panel_4,panel_4_f1_2,0.002206270454903495,0.06080611320183664
1783952586,panel_4,panel_4_f1_2,0.002023569874845352,0.06687871930686572
1783952587,panel_4,panel_4_f1_2,0.001898435798278253,0.07175644906863277
1783952587,panel_4,panel_4_f1_2,0.001719835177772115,0.07273505077841622
1783952587,panel_4,panel_4_f1_2,0.0017198351777721146,0.07273505077841623
1783952587,panel_4,panel_4_f1_2,0.0015841352539169664,0.07581647139154796
1783952587,panel_4,panel_4_f1_2,0.0014112365900951806,0.07930803988129316
1783952587,panel_4,panel_4_f1_2,0.0014390700476480777,0.07807398715103094
1783952587,panel_4,panel_4_f1_2,0.00133306642972756,0.07856406494962813
1783952587,panel_4,panel_4_f1_2,0.0013010306219056736,0.07670851132182552
1783952587,panel_4,panel_4_f1_2,0.0013084547336561744,0.07376907994915466
1783952587,panel_4,panel_4_f1_2,0.0011841216505548522,0.0745495317817734
1783952587,panel_4,panel_4_f2_2,0.009781714695208544,-0.017316135016757758
1783952587,panel_4,panel_4_f2_2,0.01002165561617861,-0.016134566557509725
1783952587,panel_4,panel_4_f2_2,0.03573579689198334,-0.01756290879694949
1783952588,panel_4,panel_4_f2_2,0.03602202927338108,-0.01715341320361519
1783952588,panel_4,panel_4_f2_2,0.023279743479355904,-0.016190127401663413
1783952588,panel_4,panel_4_f2_2,0.023279743479355908,-0.016190127401663413
1783952588,panel_4,panel_4_f2_2,0.02373647828117813,-0.017542853587595875
1783952588,panel_4,panel_4_f1_2,0.001466021947514508,0.07345790385893121
1783952588,panel_4,panel_4_f1_2,0.001978630982681629,0.06536636894044735
1783952588,panel_4,panel_4_f1_2,0.0024591942473622718,0.057823024843462495
1783952588,panel_4,panel_4_f1_2,0.002734540643700927,0.051014751282753054
1783952588,panel_4,panel_4_f1_2,0.0032315403059120346,0.04182652323063424
1783952588,panel_4,panel_4_f1_2,0.0032315403059120346,0.04182652323063424
1783952589,panel_4,panel_4_f1_2,0.00365381314231488,0.03218127894964746
1783952589,panel_4,panel_4_f1_2,0.003633711872943622,0.034096446996997154
1783952589,panel_4,panel_4_f2_2,0.013619005816276744,-0.0174611372741574
1783952589,panel_4,panel_4_f2_2,-0.002288871835282291,-0.014754240052979468
1783952589,panel_4,panel_4_f2_2,-0.002288871835282291,-0.014754240052979468
1783952589,panel_4,panel_4_f2_2,-0.007027203125767376,-0.008713084685026679
1783952589,panel_4,panel_4_f2_2,-0.007215637780427283,-0.005165894074470618
1783952589,panel_4,panel_4_f2_2,-0.00759795041937538,0.0007581445414640375
1783952589,panel_4,panel_4_f2_2,-0.007826472072630191,0.0037306687996392185
1783952589,panel_4,panel_4_f2_2,-0.008065787252509718,0.006190058962450656
1783952589,panel_4,panel_4_f2_2,-0.009850455814214419,0.009564675645580042
1783952589,panel_4,panel_4_f2_2,-0.01102254690668683,0.010725825725566995
1783952589,panel_4,panel_4_f2_2,-0.012543591560531187,0.010828826056901702
1783952589,panel_4,panel_4_f2_2,-0.013038441250349525,0.010467900747691083
1783952591,panel_4,panel_4_f1_2,-0.0014464394132629337,0.010836941891807719
1783952591,panel_4,panel_4_f1_2,-0.00669661476017108,-0.012485058364651334
1783952591,panel_4,panel_4_f1_2,-0.01719100788374588,-0.04139992331547686
1783952591,panel_4,panel_4_f1_2,-0.016321930631488048,-0.057147584083023395
1783952591,panel_4,panel_4_f1_2,-0.02081237655172841,-0.07898544635116739
1783952591,panel_4,panel_4_f1_2,-0.026663146730363903,-0.10409395342141192
1783952591,panel_4,panel_4_f1_2,-0.033163087321305636,-0.12185595186637324
1783952591,panel_4,panel_4_f0_2,-5.551115123125783e-14,-2.7755575615628914e-14
1783952591,panel_4,panel_4_f0_2,-0.16814607568698567,-0.4659113357304722
1783952592,panel_4,panel_4_f0_3,-0.17034005162949695,-0.4817697779144274
1783952592,panel_4,panel_4_f0_3,-0.2271005768909867,-0.6471178913859982
1783952592,panel_4,panel_4_f0_3,-0.3229316426809203,-0.9283317710829272
1783952592,panel_4,panel_4_f0_3,-0.3255772393899495,-0.9400854170436735
1783952592,panel_4,panel_4_f0_3,-0.3596190230294256,-1.0459186209054845
1783952592,panel_4,panel_4_f0_3,-0.3455192439515446,-1.0084180157963445
1783952592,panel_4,panel_4_f0_3,-0.30232933845760845,-0.882365763821805
1783952592,panel_4,panel_4_f0_3,-0.2687371897401026,-0.7843251233971631
1783952592,panel_4,panel_4_f0_3,-0.26585601044575863,-0.7798992438488173
1783952592,panel_4,panel_4_f0_3,-0.24168728222342198,-0.7089993125898363
1783952592,panel_4,panel_4_f0_3,-0.22154667537147477,-0.6499160365406856
1783952592,panel_4,panel_4_f0_3,-0.2188855959595908,-0.6423474997240818
1783952592,panel_4,panel_4_f0_3,-0.20325091053390973,-0.596465535458078
1783952592,panel_4,panel_4_f0_3,-0.20260205557327604,-0.5957862396202729
1783952592,panel_4,panel_4_f0_3,-0.20083294236629062,-0.5928831401094636
1783952592,panel_4,panel_4_f0_3,-0.1986379805081315,-0.5890253359841109
1783952592,panel_4,panel_4_f0_3,-0.18694359575471453,-0.5383559237365109
1783952592,panel_4,panel_4_f0_3,-0.17560612589006586,-0.49351232709376214
1783952592,panel_4,panel_4_f0_3,-0.16448014815170778,-0.4509929141133349
1783952592,panel_4,panel_4_f0_3,-0.15308832876601056,-0.40677789189493135
1783952593,panel_4,panel_4_f0_3,-0.14168009373559157,-0.36492223278089425
1783952593,panel_4,panel_4_f0_3,-0.1306959323170265,-0.32602228058117005
1783952593,panel_4,panel_4_f0_3,-0.11994913058736167,-0.28981132034244617
1783952593,panel_4,panel_4_f0_3,-0.10970377750403885,-0.2564382681171943
1783952593,panel_4,panel_4_f0_3,-0.10548440144619334,-0.24657525780499556
1783952593,panel_4,panel_4_f0_3,-0.10157757176300306,-0.23744284084925601
1783952593,panel_4,panel_4_f0_3,-0.0923571906235635,-0.21075017093965265
1783952593,panel_4,panel_4_f0_3,-0.08917245991240805,-0.20348292366587248
1783952593,panel_4,panel_4_f0_3,-0.08090023832432788,-0.1812217224610303
1783952593,panel_4,panel_4_f0_3,-0.0691234561887423,-0.15000615492321157
1783952593,panel_4,panel_4_f0_3,-0.06210318770488722,-0.13259746292367294
1783952593,panel_4,panel_4_f0_3,-0.060221272925952925,-0.12857935798659278
1783952593,panel_4,panel_4_f0_3,-0.05845005901636771,-0.12479761216345851
1783952593,panel_4,panel_4_f0_3,-0.05678005733018736,-0.12123196610164619
1783952593,panel_4,panel_4_f0_3,-0.05146363517861681,-0.11026702082122072
1783952593,panel_4,panel_4_f0_3,-0.046709840635030545,-0.10114441919057032
1783952594,panel_4,panel_4_f0_3,-0.04751002280636667,-0.10080536209834552
1783952594,panel_4,panel_4_f0_3,-0.047849600272825865,-0.10063703639455633
1783952594,panel_4,panel_4_f0_3,-0.046653360266006604,-0.09812111048469312
1783952594,panel_4,panel_4_f0_3,-0.04729574020423216,-0.10012401610504112
1783952595,panel_4,panel_4_f0_3,-0.04616965115175177,-0.09774011095968367
1783952595,panel_4,panel_4_f0_3,-0.04509593833427046,-0.09546708512341259
1783952595,panel_4,panel_4_f0_3,-0.045623985279027335,-0.09933275556526283
1783952595,panel_4,panel_4_f0_3,-0.045732145587779556,-0.10200578188606034
1783952595,panel_4,panel_4_f0_3,-0.04473796850978556,-0.09978826488853788
1783952595,panel_4,panel_4_f0_3,-0.044780024330030484,-0.10307401901422508
1783952595,panel_4,panel_4_f0_3,-0.04448491869105575,-0.10466662445888515
1783952595,panel_4,panel_4_f0_3,-0.04357706320756595,-0.1025305708985003
1783952595,panel_4,panel_4_f0_3,-0.04323404660900315,-0.10384561772131606
1783952595,panel_4,panel_4_f0_3,-0.04323404660900315,-0.10384561772131606
1783952595,panel_4,panel_4_f0_3,-0.03676587514087565,-0.086954296552219
1783952595,panel_4,panel_4_f0_3,-0.029953442592597426,-0.06739801418563676
1783952595,panel_4,panel_4_f0_3,-0.01794238880039009,-0.03355025300954274
1783952595,panel_4,panel_4_f0_3,-0.01121919627586988,-0.013808252991810115
1783952595,panel_4,panel_4_f0_3,-0.0006768308272935218,0.01695124343159566
1783952595,panel_4,panel_4_f0_3,0.004512464773645661,0.03187049563880533
1783952595,panel_4,panel_4_f0_3,0.004538442677975724,0.03134290893377836
1783952595,panel_4,panel_4_f0_3,0.004602755721600211,0.03094683619335032
1783952595,panel_4,panel_4_f0_3,0.009510661387638553,0.04551337684077765
1783952596,panel_4,panel_4_f0_3,0.009649418829105926,0.04536440295583628
1783952596,panel_4,panel_4_f0_3,0.009783701481402743,0.04531675684781339
1783952596,panel_4,panel_4_f0_3,0.013674592099648488,0.05635089707572298
1783952596,panel_4,panel_4_f0_3,0.013877155370464675,0.05638229027703674
1783952596,panel_4,panel_4_f0_3,0.017978904576288975,0.06815526564151134
1783952596,panel_4,panel_4_f0_3,0.021701814946640988,0.07917916047500621
1783952596,panel_4,panel_4_f0_3,0.02497218676219158,0.08972516987457502
1783952596,panel_4,panel_4_f0_3,0.024734967861122996,0.08326468818512066
1783952596,panel_4,panel_4_f0_3,0.024348411710228626,0.07696889030392091
1783952596,panel_4,panel_4_f0_3,0.023576362105947882,0.0697816973750594
1783952596,panel_4,panel_4_f0_3,0.02222901196688154,0.06016312636889001
1783952596,panel_4,panel_4_f0_3,0.020271155128816293,0.04988219419661176
1783952596,panel_4,panel_4_f0_3,0.018052042750987075,0.039286660840355946
1783952596,panel_4,panel_4_f0_3,0.015507496567087381,0.028425845537391307
1783952596,panel_4,panel_4_f0_3,0.012783802637172102,0.01753554583161374
1783952596,panel_4,panel_4_f0_3,0.012793042344089798,0.017363208044561637
1783952596,panel_4,panel_4_f0_3,0.012768846869770523,0.017116184407990363
1783952596,panel_4,panel_4_f0_3,0.009591550718813216,0.006648612683726563
1783952596,panel_4,panel_4_f0_3,0.009591550718813218,0.006648612683726566
1783952596,panel_4,panel_4_f0_3,0.00623670329409366,-0.0032164454828322257
1783952596,panel_4,panel_4_f0_3,0.0004437690134821158,-0.019287706782851365
1783952597,panel_4,panel_4_f0_3,-0.002666733692411398,-0.027429146564092437
1783952597,panel_4,panel_4_f0_3,-0.0027730039490442295,-0.027732170825492983
1783952597,panel_4,panel_4_f0_3,-0.0028907826078866296,-0.028049509485909813
1783952597,panel_4,panel_4_f0_3,-0.0030447268497065354,-0.028457299673720973
1783952597,panel_4,panel_4_f0_3,-0.005736949652234695,-0.03392742095359494
1783952597,panel_4,panel_4_f0_3,-0.008398835095803865,-0.03890223072071232
1783952597,panel_4,panel_4_f0_3,-0.007001982602480358,-0.03748659421725429
1783952597,panel_4,panel_4_f0_3,-0.005979975619835856,-0.03604142122365528
1783952597,panel_4,panel_4_f0_3,-0.005979975619835855,-0.036041421223655286
1783952598,panel_4,panel_4_f0_3,-0.00495918889324787,-0.03280089245080345
1783952598,panel_4,panel_4_f0_3,-0.004959188893247871,-0.03280089245080345
1783952598,panel_4,panel_4_f0_3,-0.0040050782770601825,-0.02792123322363615
1783952598,panel_4,panel_4_f0_3,-0.0029952542936037417,-0.023528854423613695
1783952598,panel_4,panel_4_f0_3,-0.0032162723075011574,-0.02391477960599692
1783952598,panel_4,panel_4_f0_3,-0.002429414525110377,-0.019178780094156533
1783952598,panel_4,panel_4_f0_3,-0.002028611609440033,-0.01615701734346734
1783952598,panel_4,panel_4_f0_3,-0.002028611609440033,-0.01615701734346734
1783952598,panel_4,panel_4_f0_3,-0.0016133205304176002,-0.013048360524495897
1783952598,panel_4,panel_4_f0_3,-0.0017314869017966863,-0.01326932847993389
1783952598,panel_4,panel_4_f0_3,-0.0015172277877642463,-0.011077403279326983
1783952598,panel_4,panel_4_f0_3,-0.0016240947604271544,-0.011210119362018182
1783952598,panel_4,panel_4_f0_3,-0.0015589658574214134,-0.009752674178162857
1783952598,panel_4,panel_4_f0_3,-0.001685839726778223,-0.009868292644710445
1783952598,panel_4,panel_4_f0_3,-0.0017174736936542722,-0.009196493150899782
1783952598,panel_4,panel_4_f0_3,-0.0016883579049094,-0.008447457655279912
1783952598,panel_4,panel_4_f0_3,-0.0017143358092394628,-0.007919870950252948
1783952598,panel_4,panel_4_f0_3,-0.001813918807231113,-0.007559557453168632
1783952598,panel_4,panel_4_f0_3,-0.0019233165373373007,-0.007324771542322417
1783952598,panel_4,panel_4_f0_3,-0.002062073978804675,-0.007175797657381055
1783952598,panel_4,panel_4_f0_3,-0.0021352903089335356,-0.007141281882216442
1783952598,panel_4,panel_4_f0_3,-0.002182270233616119,-0.007153310426523093
1783952598,panel_4,panel_4_f0_3,-0.0022442609782650797,-0.007190490404507053
1783952598,panel_4,panel_4_f0_3,-0.002276927766534255,-0.007240195568883133
1783952598,panel_4,panel_4_f0_3,-0.0023143892999366853,-0.007276731137722437
1783952598,panel_4,panel_4_f0_3,-0.0023143892999366853,-0.007276731137722437
1783952598,panel_4,panel_4_f0_3,-0.0014229879268720916,-0.007297294276125199
1783952598,panel_4,panel_4_f0_3,-0.00016393685735536235,-0.007328161605242118
1783952598,panel_4,panel_4_f0_3,0.0029837774882567002,-0.007488090298633677
1783952598,panel_4,panel_4_f0_3,0.0070712262230236385,-0.007804510266107887
1783952599,panel_4,panel_4_f0_3,0.0070712262230236385,-0.007804510266107888
1783952599,panel_4,panel_4_f0_3,0.017966519594357133,-0.010137929410658164
1783952599,panel_4,panel_4_f0_3,0.023288236833119917,-0.01174280610019065
1783952599,panel_4,panel_4_f0_3,0.023288236833119917,-0.011742806100190649
1783952599,panel_4,panel_4_f0_3,0.023278997126202218,-0.011570468313138548
1783952599,panel_4,panel_4_f0_3,0.025470233035722028,-0.014373580510588964
1783952599,panel_4,panel_4_f0_3,0.02612415968176435,-0.01730391833381959
1783952599,panel_4,panel_4_f0_3,0.026124159681764354,-0.01730391833381959
1783952599,panel_4,panel_4_f0_3,0.019036338379393104,-0.018289440847102954
1783952599,panel_4,panel_4_f0_3,0.019145672502427033,-0.017947396971311366
1783952599,panel_4,panel_4_f0_3,0.019145672502427033,-0.017947396971311366
1783952599,panel_4,panel_4_f0_3,0.0016579560568748897,-0.016036106134769277
1783952599,panel_4,panel_4_f0_3,0.001775734715717292,-0.015718767474352444
1783952599,panel_4,panel_4_f0_3,-0.021853026034603346,-0.012479577803412823
1783952599,panel_4,panel_4_f0_3,-0.04709681153654555,-0.009562505857322658
1783952599,panel_4,panel_4_f0_3,-0.04692346135165899,-0.00913308088046272
1783952599,panel_4,panel_4_f0_3,-0.046777978582067545,-0.008783512390200747
1783952599,panel_4,panel_4_f0_3,-0.04658491468474765,-0.008343872190788972
1783952599,panel_4,panel_4_f0_3,-0.0758352519199493,-0.006704251279126961
1783952599,panel_4,panel_4_f0_3,-0.0991590794538799,-0.005921660862722473
1783952600,panel_4,panel_4_f0_3,-0.127535005594323,-0.005025215419984355
1783952600,panel_4,panel_4_f0_3,-0.12753500559432301,-0.005025215419984355
1783952600,panel_4,panel_4_f0_3,-0.15403094815444318,-0.005175184047055199
1783952600,panel_4,panel_4_f0_3,-0.1792259924295715,-0.006003926023162311
1783952600,panel_4,panel_4_f0_3,-0.17900497441567406,-0.005618000840779086
1783952600,panel_4,panel_4_f0_3,-0.1976931434782561,-0.0061679261482176
1783952600,panel_4,panel_4_f0_3,-0.1974816473207427,-0.005599307291749199
1783952600,panel_4,panel_4_f0_3,-0.20985972077653528,-0.0073615912329357495
1783952600,panel_4,panel_4_f0_4,-5.551115123125783e-14,-2.7755575615628914e-14
1783952600,panel_4,panel_4_f0_4,-0.1825149641744993,-0.09064261250754815
1783952600,panel_4,panel_4_f0_4,-0.12167664278301804,-0.060428408338374685
1783952600,panel_4,panel_4_f0_4,-0.14983000469550553,-0.10139690175055455
1783952600,panel_4,panel_4_f0_4,-0.158803223282353,-0.1254604632358524
1783952600,panel_4,panel_4_f0_4,-0.13233601940197007,-0.1045503860298816
1783952600,panel_4,panel_4_f0_4,-0.13553204371062338,-0.11568232607482928
1783952600,panel_4,panel_4_f0_4,-0.13544944602740394,-0.11846498747309456
1783952600,panel_4,panel_4_f0_4,-0.12039950757992078,-0.10530221108719824
1783952600,panel_4,panel_4_f0_4,-0.1189931520704578,-0.09840959093425222
1783952600,panel_4,panel_4_f0_4,-0.1160415886671872,-0.08666396907200079
1783952600,panel_4,panel_4_f0_4,-0.11643585883480963,-0.06991007217583374
1783952601,panel_4,panel_4_f0_4,-0.10747925430905932,-0.06453237431615635
1783952601,panel_4,panel_4_f0_4,-0.10153530534030808,-0.05430501890407262
1783952601,panel_4,panel_4_f0_4,-0.09476628498429124,-0.05068468431046962
1783952601,panel_4,panel_4_f0_4,-0.08884339217277651,-0.047516891541067
1783952601,panel_4,panel_4_f0_4,-0.08361731028026351,-0.04472178027394705
1783952601,panel_4,panel_4_f0_4,-0.07502506838832788,-0.0442539988818687
1783952601,panel_4,panel_4_f0_4,-0.07107638057841881,-0.04192484104598233
1783952601,panel_4,panel_4_f0_4,-0.06752256154950065,-0.03982859899368461
1783952601,panel_4,panel_4_f0_4,-0.05967434909865886,-0.03861788665631316
1783952601,panel_4,panel_4_f0_4,-0.05696187868508598,-0.036862528171936554
1783952601,panel_4,panel_4_f0_4,-0.054485275263997705,-0.0352598095557666
1783952601,panel_4,panel_4_f0_4,-0.05221505546133345,-0.033790650824277485
1783952601,panel_4,panel_4_f0_4,-0.04752456176246883,-0.031860560412461096
1783952601,panel_4,panel_4_f0_4,-0.04379731737203699,-0.030184605177939902
1783952601,panel_4,panel_4_f0_4,-0.04094396574328693,-0.028701494044529544
1783952601,panel_4,panel_4_f0_4,-0.0384656666236113,-0.027405845632072583
1783952601,panel_4,panel_4_f0_4,-0.037139264326247305,-0.026460816472346903
1783952601,panel_4,panel_4_f0_4,-0.03695760039911424,-0.027056943483773754
1783952601,panel_4,panel_4_f0_4,-0.03576541974108009,-0.02618413885526582
1783952601,panel_4,panel_4_f0_4,-0.03663842341057371,-0.02989975985024282
1783952602,panel_4,panel_4_f0_4,-0.03708920152008205,-0.03443214961778041
1783952602,panel_4,panel_4_f0_4,-0.03702728772616476,-0.038865366951661935
1783952602,panel_4,panel_4_f0_4,-0.036461037043394394,-0.04271367079345668
1783952602,panel_4,panel_4_f0_4,-0.035448230458857206,-0.04152717993808366
1783952602,panel_4,panel_4_f0_4,-0.03449017017618689,-0.0404048237235416
1783952602,panel_4,panel_4_f0_4,-0.033906613607802165,-0.041096220642780165
1783952602,panel_4,panel_4_f0_4,-0.03303721325888558,-0.040042471395530105
1783952602,panel_4,panel_4_f0_4,-0.032211282927414826,-0.03904140961064255
1783952602,panel_4,panel_4_f0_4,-0.03158434273638516,-0.040150745952498505
1783952602,panel_4,panel_4_f0_4,-0.03151995989840174,-0.04225438677081355
1783952602,panel_4,panel_4_f0_4,-0.031517893251504295,-0.04430194212575942
1783952602,panel_4,panel_4_f0_4,-0.03239799125943705,-0.04843593917384848
1783952602,panel_4,panel_4_f0_4,-0.03443176863682776,-0.057789523026510574
1783952602,panel_4,panel_4_f0_4,-0.034702129493120515,-0.06132232147082273
1783952602,panel_4,panel_4_f0_4,-0.035049966100088766,-0.06576814233576427
1783952602,panel_4,panel_4_f0_4,-0.03532219010734639,-0.06973782214003106
1783952602,panel_4,panel_4_f0_4,-0.0355156606114586,-0.07275358569539277
1783952602,panel_4,panel_4_f0_4,-0.035673945811591105,-0.07495181624695757
1783952602,panel_4,panel_4_f0_4,-0.035673945811591105,-0.07495181624695756
1783952602,panel_4,panel_4_f0_4,-0.028373347244613357,-0.07132611174665675
1783952603,panel_4,panel_4_f0_4,-0.02900319442229331,-0.07130984558451839
1783952603,panel_4,panel_4_f0_4,-0.024317392613635063,-0.06682379794477704
1783952603,panel_4,panel_4_f0_4,-0.02032899190412577,-0.06105463553363009
1783952603,panel_4,panel_4_f0_4,-0.020250949718583017,-0.05958135519751534
1783952603,panel_4,panel_4_f0_4,-0.017156785927333263,-0.05593187587062559
1783952603,panel_4,panel_4_f0_4,-0.015058126972902163,-0.05245700748361717
1783952603,panel_4,panel_4_f0_4,-0.015058126972902163,-0.05245700748361717
1783952603,panel_4,panel_4_f0_4,-0.014027050888320172,-0.05198405796785169
1783952603,panel_4,panel_4_f0_4,-0.012296531795631657,-0.05259990295886251
1783952603,panel_4,panel_4_f0_4,-0.012088500842614525,-0.05504904741838068
1783952603,panel_4,panel_4_f0_4,-0.013135742326758444,-0.05474576300030902
1783952603,panel_4,panel_4_f0_4,-0.013635733445721387,-0.05589429566493771
1783952603,panel_4,panel_4_f0_4,-0.014532784944953274,-0.05553051284061062
1783952603,panel_4,panel_4_f0_4,-0.014532784944953274,-0.05553051284061063
1783952603,panel_4,panel_4_f0_4,-0.01512510438855429,-0.05533239875363874
1783952603,panel_4,panel_4_f0_4,-0.01654596526404695,-0.05460636444930856
1783952603,panel_4,panel_4_f0_4,-0.01654596526404695,-0.05460636444930856
1783952603,panel_4,panel_4_f0_4,-0.01707495411848062,-0.054486432702912674
1783952603,panel_4,panel_4_f0_4,-0.01948013102409467,-0.054114099981414435
1783952603,panel_4,panel_4_f0_4,-0.01989780599971751,-0.05404790208175908
1783952604,panel_4,panel_4_f0_4,-0.020245527809679257,-0.054006188117061704
1783952604,panel_4,panel_4_f0_4,-0.02054672515344593,-0.05397846810050667
1783952604,panel_4,panel_4_f0_4,-0.021847670893652676,-0.05426770028992987
1783952604,panel_4,panel_4_f0_4,-0.022835346741428973,-0.05450198580363221
1783952604,panel_4,panel_4_f0_4,-0.023635786754757054,-0.05470814187314235
1783952604,panel_4,panel_4_f0_4,-0.0242573174452769,-0.054874872693985235
1783952604,panel_4,panel_4_f0_4,-0.0242573174452769,-0.05487487269398525
1783952604,panel_4,panel_4_f0_4,-0.023623530515032902,-0.05398798015768273
1783952604,panel_4,panel_4_f0_4,-0.023623530515032902,-0.05398798015768273
1783952604,panel_4,panel_4_f0_4,-0.0223494997717365,-0.05108629994379269
1783952604,panel_4,panel_4_f0_4,-0.02131921775125063,-0.04749692750021359
1783952604,panel_4,panel_4_f0_4,-0.02061953510071386,-0.04379369672081909
1783952604,panel_4,panel_4_f0_4,-0.02027536482413092,-0.04032257669253008
1783952604,panel_4,panel_4_f0_4,-0.020035669161963456,-0.04040388699179921
1783952604,panel_4,panel_4_f0_4,-0.01947327165414088,-0.040776695273717384
1783952604,panel_4,panel_4_f0_4,-0.019226971242590644,-0.03944313714062579
1783952604,panel_4,panel_4_f0_4,-0.019226971242590644,-0.03944313714062579
1783952604,panel_4,panel_4_f0_4,-0.019226971242590644,-0.03944313714062579
1783952604,panel_4,panel_4_f0_4,-0.018841190350985998,-0.040199779993391443
1783952605,panel_4,panel_4_f0_4,-0.017481189465261154,-0.03781787964262117
1783952605,panel_4,panel_4_f0_4,-0.01555702059136832,-0.029538086856592437
1783952605,panel_4,panel_4_f0_4,-0.015251778911715159,-0.025363652072332144
1783952605,panel_4,panel_4_f0_4,-0.014230769911303702,-0.01995813402987121
1783952605,panel_4,panel_4_f0_4,-0.014101885508834597,-0.013465095362699036
1783952605,panel_4,panel_4_f0_4,-0.013592127519838182,-0.008389925300873163
1783952605,panel_4,panel_4_f0_4,-0.013234078500875318,-0.0038478330549873885
1783952605,panel_4,panel_4_f0_4,-0.013491397459777019,-0.003446690544155902
1783952605,panel_4,panel_4_f0_4,-0.013652275188417145,-0.0032417121728025356
1783952605,panel_4,panel_4_f0_4,-0.013316343195042784,-0.002967536609823909
1783952605,panel_4,panel_4_f0_4,-0.0134499970246,-0.002877955665888867
1783952605,panel_4,panel_4_f0_4,-0.013631991477742429,-0.004193751899799876
1783952605,panel_4,panel_4_f0_4,-0.013901980252302791,-0.005704217302177814
1783952605,panel_4,panel_4_f0_4,-0.013988559597173458,-0.005755827606682034
1783952605,panel_4,panel_4_f0_4,-0.01354327145062234,-0.006619908563405635
1783952605,panel_4,panel_4_f0_4,-0.013607008613684976,-0.006712157775931363
1783952605,panel_4,panel_4_f0_4,-0.012563536887223354,-0.00656382551502028
1783952605,panel_4,panel_4_f0_4,-0.012612445706646398,-0.006676904282956091
1783952605,panel_4,panel_4_f0_4,-0.010445623977923504,-0.0066337874008431455
1783952606,panel_4,panel_4_f0_4,-0.009425074104849265,-0.007060595386298413
1783952606,panel_4,panel_4_f0_4,-0.008452916872929709,-0.007585298737576043
1783952606,panel_4,panel_4_f0_4,-0.007556739508421327,-0.008050731685915554
1783952606,panel_4,panel_4_f0_4,-0.007556739508421327,-0.008050731685915554
1783952606,panel_4,panel_4_f0_4,-0.006936435173052482,-0.008376320819376164
1783952606,panel_4,panel_4_f0_4,-0.006896388493756751,-0.008501931697833103
1783952606,panel_4,panel_4_f0_4,-0.006896388493756751,-0.008501931697833103
1783952606,panel_4,panel_4_f0_4,-0.006367399639323086,-0.008621863444228989
1783952606,panel_4,panel_4_f0_4,-0.005908020732073683,-0.008706123367550101
1783952606,panel_4,panel_4_f0_4,-0.005490345756450837,-0.008772321267205454
1783952606,panel_4,panel_4_f0_4,-0.0051426239464890935,-0.008814035231902837
1783952606,panel_4,panel_4_f0_4,-0.004764577223471634,-0.008903234989636404
1783952606,panel_4,panel_4_f0_4,-0.004764577223471635,-0.008903234989636404
1783952606,panel_4,panel_4_f0_4,-0.004647440397244086,-0.00895451392573386
1783952606,panel_4,panel_4_f0_4,-0.004387395493990085,-0.008982581331568058
1783952606,panel_4,panel_4_f0_4,-0.004230973572348464,-0.008991401262576651
1783952606,panel_4,panel_4_f0_4,-0.004097012349792568,-0.009011924664531414
1783952606,panel_4,panel_4_f0_4,-0.004097012349792568,-0.009011924664531414
1783952606,panel_4,panel_4_f0_4,-0.003996002891138144,-0.009018564883537535
1783952606,panel_4,panel_4_f0_4,-0.003996002891138144,-0.009018564883537535
1783952607,panel_4,panel_4_f0_4,-0.003996002891138144,-0.009018564883537536
1783952607,panel_4,panel_4_f0_4,-0.0038996453338179214,-0.009015515659570011
1783952607,panel_4,panel_4_f0_4,-0.0038996453338179214,-0.009015515659570011
1783952607,panel_4,panel_4_f0_4,-0.004079487996268859,-0.008930263230758904
1783952607,panel_4,panel_4_f0_4,-0.0046026701731411,-0.008555631487213208
1783952607,panel_4,panel_4_f0_4,-0.004576449231946116,-0.008555597464738648
1783952607,panel_4,panel_4_f0_4,-0.0045641251126432615,-0.008559148060008667
1783952607,panel_4,panel_4_f0_4,-0.004558781086340671,-0.008565768326171716
1783952607,panel_4,panel_4_f0_4,-0.004818674320189938,-0.006131511520234731
1783952607,panel_4,panel_4_f0_4,-0.004608613976693326,-0.0031580588861550908
1783952607,panel_4,panel_4_f0_4,-0.00411970214091172,-0.0004316592018958475
1783952607,panel_4,panel_4_f0_4,-0.003580104841380117,0.0011667367543488779
1783952607,panel_4,panel_4_f0_4,-0.0030496368369877748,0.0022292077159737126
1783952607,panel_4,panel_4_f0_4,-0.002441509543375901,0.002403010864020606
1783952607,panel_4,panel_4_f0_4,-0.002441509543375901,0.002403010864020606
1783952607,panel_4,panel_4_f0_4,-0.0016080595768770173,0.0010362276556592958
1783952607,panel_4,panel_4_f0_4,-0.0012409589893597574,0.0002228415901029406
1783952607,panel_4,panel_4_f0_4,-0.0007482149747947324,-0.000767911775179898
1783952607,panel_4,panel_4_f0_4,-0.0005099135796182295,-0.0012787503086743493
1783952607,panel_4,panel_4_f0_4,-0.00034903585097810746,-0.0014837286800277144
1783952608,panel_4,panel_4_f0_4,-7.034332518543366e-05,-0.001901334843774744
1783952608,panel_4,panel_4_f0_4,6.331050437178246e-05,-0.0019909157877097874
1783952608,panel_4,panel_4_f0_4,0.00014947233556410192,-0.0021489076439125017
1783952608,panel_4,panel_4_f0_4,0.0003454680731326827,-0.0022266503959962334
1783952608,panel_4,panel_4_f0_4,0.0004320474180033494,-0.0021750400914920124
1783952608,panel_4,panel_4_f0_4,0.0006073925777680371,-0.002145062771014449
1783952608,panel_4,panel_4_f0_4,0.0007180301929783875,-0.002200540852501663
1783952608,panel_4,panel_4_f0_4,0.0008314435764677318,-0.0022410597359027048
1783952608,panel_4,panel_4_f0_4,0.0009675284927046126,-0.0022719953683750737
1783952608,panel_4,panel_4_f0_4,0.0011154001146945777,-0.002294782242155221
1783952608,panel_4,panel_4_f0_4,0.0012748751028486265,-0.0023069698253124354
1783952608,panel_4,panel_4_f0_4,0.0014144971161112285,-0.0023102383467091775
1783952608,panel_4,panel_4_f0_4,0.0015897120824737729,-0.002332604496566428
1783952608,panel_4,panel_4_f0_4,0.0017856136764068556,-0.0024461147707739053
1783952608,panel_4,panel_4_f0_4,0.0019662348585260934,-0.002423793296106329
1783952608,panel_4,panel_4_f0_4,0.001926188179230363,-0.0022981824176493896
1783952608,panel_4,panel_4_f0_4,0.001926188179230363,-0.0022981824176493896
1783952608,panel_4,panel_4_f0_4,0.0021637877342567708,-0.002360263988346411
1783952608,panel_4,panel_4_f0_4,0.002405216703739517,-0.0024034424581889013
1783952608,panel_4,panel_4_f0_4,0.002644225612582148,-0.002434279967860817
1783952609,panel_4,panel_4_f0_4,0.0028880225784602026,-0.0024483954385430646
1783952609,panel_4,panel_4_f0_4,0.003008254630890236,-0.0023901966046463784
1783952609,panel_4,panel_4_f0_4,0.003008254630890236,-0.0023901966046463784
1783952609,panel_4,panel_4_f0_4,0.0031462543358206497,-0.002321554390544893
1783952609,panel_4,panel_4_f0_4,0.0030217859138093285,-0.0022845188236839103
1783952609,panel_4,panel_4_f0_4,0.002917926490533832,-0.0022605013019182957
1783952609,panel_4,panel_4_f0_4,0.0027839652679779365,-0.002239977899963534
1783952609,panel_4,panel_4_f0_4,0.003028970798052836,-0.002207791292920642
1783952609,panel_4,panel_4_f0_4,0.003166317104078855,-0.002173246187011897
1783952609,panel_4,panel_4_f0_4,0.003349135199787885,-0.002156064953775047
1783952609,panel_4,panel_4_f0_4,0.0035728638954789418,-0.0021402891302074035
1783952609,panel_4,panel_4_f0_4,0.003476506338158719,-0.0021433383541749275
1783952609,panel_4,panel_4_f0_4,0.0036808155826503846,-0.002146051027066938
1783952609,panel_4,panel_4_f0_4,0.003966145560900051,-0.002173333829260658
1783952609,panel_4,panel_4_f0_4,0.004109684015921283,-0.002199637490426151
1783952609,panel_4,panel_4_f0_4,0.004439264387821826,-0.002271821331899351
1783952609,panel_4,panel_4_f0_4,0.004597911484149884,-0.0023147360222812927
1783952609,panel_4,panel_4_f0_4,0.004762057856255161,-0.0023678779871857195
1783952609,panel_4,panel_4_f0_4,0.00493419545887678,-0.002422417148358818
1783952609,panel_4,panel_4_f0_4,0.0050752616553057074,-0.002465561299183843
1783952610,panel_4,panel_4_f0_4,0.005232761876757014,-0.0025514363014692903
1783952610,panel_4,panel_4_f0_4,0.0053838600476697985,-0.002646649778228318
1783952610,panel_4,panel_4_f0_4,0.005407582634223895,-0.0026019692750095975
1783952610,panel_4,panel_4_f0_4,0.005580008096040468,-0.002651987995503172
1783952610,panel_4,panel_4_f0_4,0.00558000809604047,-0.0026519879955031723
1783952610,panel_4,panel_4_f0_4,0.005734652739589845,-0.002768765353551655
1783952610,panel_4,panel_4_f0_4,0.005753839059251948,-0.0026803446227666385
1783952610,panel_4,panel_4_f0_4,0.0059255942789187745,-0.0026987543971551124
1783952610,panel_4,panel_4_f0_4,0.0059446118426439735,-0.002589058374492149
1783952610,panel_4,panel_4_f0_4,0.006099562150549564,-0.0027091535837950958
1783952610,panel_4,panel_4_f0_4,0.006114784809062488,-0.002581989145165056
1783952610,panel_4,panel_4_f0_4,0.00627368721898042,-0.0026984943273657496
1783952610,panel_4,panel_4_f0_4,0.006434313561793551,-0.002672209439385404
1783952610,panel_4,panel_4_f0_4,0.006590138624765005,-0.002667106574292522
1783952610,panel_4,panel_4_f0_4,0.006743840242868333,-0.0027722996100329193
1783952610,panel_4,panel_4_f0_4,0.006874549985589764,-0.0027565907518152587
1783952610,panel_4,panel_4_f0_4,0.00697918970939646,-0.002708196239592776
1783952610,panel_4,panel_4_f0_4,0.007065110374286233,-0.0026589208152310133
1783952610,panel_4,panel_4_f0_4,0.006977934277472394,-0.0025149064148228335
1783952610,panel_4,panel_4_f0_4,0.006979155911153624,-0.002449744537117819
1783952611,panel_4,panel_4_f0_4,0.006977360083891724,-0.0024074107931027723
1783952611,panel_4,panel_4_f0_4,0.00685085133260224,-0.0023039182848605846
1783952611,panel_4,panel_4_f0_4,0.006778893125309417,-0.0022497265691521023
1783952611,panel_4,panel_4_f0_4,0.006710816517656236,-0.002218660344793017
1783952611,panel_4,panel_4_f0_4,0.00660755646028918,-0.0021757130579867327
1783952611,panel_4,panel_4_f0_4,0.0067421202592902515,-0.0022502776229552214
1783952611,panel_4,panel_4_f0_4,0.0068714191303052355,-0.0023191847066255434
1783952611,panel_4,panel_4_f0_4,0.006757037684807022,-0.0023224973136683116
1783952611,panel_4,panel_4_f0_4,0.006625997187203192,-0.0023409816962837587
1783952611,panel_4,panel_4_f0_4,0.0064732782179882055,-0.0023687412021919482
1783952611,panel_4,panel_4_f0_4,0.006299448073443886,-0.0024113928509574786
1783952611,panel_4,panel_4_f0_4,0.006147558258679682,-0.0024627298901433326
1783952611,panel_4,panel_4_f0_4,0.006175215843113583,-0.0025163554564834245
1783952611,panel_4,panel_4_f0_4,0.005915293046843581,-0.002586595878268288
1783952611,panel_4,panel_4_f0_4,0.005867541134388786,-0.0026819757525250953
1783952611,panel_4,panel_4_f0_4,0.0058154613155488415,-0.0027353345050367844
1783952611,panel_4,panel_4_f0_4,0.0057600015601560785,-0.0027788129634772024
1783952611,panel_4,panel_4_f0_4,0.005430432611233275,-0.0028664000077975255
1783952611,panel_4,panel_4_f0_4,0.005192076846552831,-0.0028943048947001476
1783952611,panel_4,panel_4_f0_4,0.004916305855645581,-0.002959436886365622
1783952612,panel_4,panel_4_f0_4,0.004594712442186431,-0.0030246790916130394
1783952612,panel_4,panel_4_f0_4,0.004594712442186431,-0.0030246790916130394
1783952612,panel_4,panel_4_f0_4,0.004390403197694766,-0.003021966418721029
1783952612,panel_4,panel_4_f0_4,0.003905799385814086,-0.003077078158736809
1783952612,panel_4,panel_4_f0_4,0.003577464015095761,-0.003143299797760863
1783952612,panel_4,panel_4_f0_4,0.003066336088946181,-0.003172154957121056
1783952612,panel_4,panel_4_f0_4,0.0027664635889121836,-0.003218843092378632
1783952612,panel_4,panel_4_f0_4,0.0024380763636106346,-0.0032937139937470393
1783952612,panel_4,panel_4_f0_4,0.0021096404590509278,-0.0033722395750773486
1783952612,panel_4,panel_4_f0_4,0.0019810751625527743,-0.003309229257669978
1783952612,panel_4,panel_4_f0_4,0.0016764233725841415,-0.0033992774216458715
1783952612,panel_4,panel_4_f0_4,0.001389993418389398,-0.003486509396991774
1783952612,panel_4,panel_4_f0_4,0.0012754416218597364,-0.003674484135748831
1783952612,panel_4,panel_4_f0_4,0.0010300707045225407,-0.003757235710240465
1783952612,panel_4,panel_4_f0_4,0.000969356352724616,-0.003950416311439467
1783952612,panel_4,panel_4_f0_4,0.0007777068231158566,-0.004027548436543145
1783952612,panel_4,panel_4_f0_4,0.0007688785378816252,-0.004183166646974539
1783952612,panel_4,panel_4_f0_4,0.0006264689714896393,-0.004257393193924455
1783952612,panel_4,panel_4_f0_4,0.0006264689714896393,-0.004257393193924455
1783952612,panel_4,panel_4_f0_4,0.0005879308131959148,-0.004528783839896263
1783952613,panel_4,panel_4_f0_4,0.0005879308131959148,-0.004528783839896263
1783952613,panel_4,panel_4_f0_4,0.000429028403277983,-0.0044122786576955685
1783952613,panel_4,panel_4_f0_4,0.0002697559254994102,-0.004299643683168828
1783952613,panel_4,panel_4_f0_4,0.0002303099879558036,-0.004391516189762549
1783952613,panel_4,panel_4_f0_4,7.660836985247611e-05,-0.004286323154022152
1783952613,panel_4,panel_4_f0_4,-7.596838871961588e-05,-0.004183924417783705
1783952613,panel_4,panel_4_f0_4,-5.7061228828148116e-05,-0.0042950581277255125
1783952613,panel_4,panel_4_f0_4,-0.00020422403854616442,-0.004197576254208606
1783952613,panel_4,panel_4_f0_4,9.947459276275946e-06,-0.004417074379757444
1783952613,panel_4,panel_4_f0_4,8.685039650786156e-05,-0.004521123405902455
1783952613,panel_4,panel_4_f0_4,-4.4137153314607674e-05,-0.0044277459993766815
1783952613,panel_4,panel_4_f0_4,0.00039412724057956867,-0.004851774832214237
1783952613,panel_4,panel_4_f0_4,0.00029174461623335447,-0.0047819502740530555
1783952613,panel_4,panel_4_f0_4,0.00016391962995345144,-0.0046995062242046635
1783952613,panel_4,panel_4_f0_4,0.0003194677370835926,-0.004885744949941614
1783952613,panel_4,panel_4_f0_4,0.00018490393808252113,-0.0048111803849731245
1783952613,panel_4,panel_4_f0_4,0.0003270602933647862,-0.00499490904081055
1783952613,panel_4,panel_4_f0_4,0.00020384218383659108,-0.004929514863070761
1783952613,panel_4,panel_4_f0_4,0.0003703949398567431,-0.005121007576654541
1783952613,panel_4,panel_4_f0_4,0.0002841050002291006,-0.005062410561074437
1783952614,panel_4,panel_4_f0_4,0.000490167285845724,-0.005253660649518631
1783952614,panel_4,panel_4_f0_4,0.0007213704929689626,-0.005444034998335104
1783952614,panel_4,panel_4_f0_4,0.000954494448181729,-0.005630407355057813
1783952614,panel_4,panel_4_f0_4,0.0009592807132937681,-0.0055775302112769775
1783952614,panel_4,panel_4_f0_4,0.0011887205567500747,-0.005666772961215416
1783952614,panel_4,panel_4_f0_4,0.0013995652021447887,-0.005793825522474809
1783952614,panel_4,panel_4_f0_4,0.0014550249575375528,-0.005750347064034391
1783952614,panel_4,panel_4_f0_4,0.0016924330453761424,-0.005911413056927664
1783952614,panel_4,panel_4_f0_4,0.0016924330453761424,-0.005911413056927664
1783952614,panel_4,panel_4_f0_4,0.001785385940574362,-0.005863462298499038
1783952614,panel_4,panel_4_f0_4,0.0018832506583424558,-0.005813995916819265
1783952614,panel_4,panel_4_f0_4,0.0019292526404902815,-0.006001144275512928
1783952614,panel_4,panel_4_f0_4,0.0019609114579202695,-0.006178811945171256
1783952614,panel_4,panel_4_f0_4,0.002110300117384485,-0.0062636932079664165
1783952614,panel_4,panel_4_f0_4,0.0022500977853999633,-0.006325565098873917
1783952614,panel_4,panel_4_f0_4,0.002405424398454016,-0.006224560120515084
1783952614,panel_4,panel_4_f0_4,0.002499107283771574,-0.006256206593353024
1783952614,panel_4,panel_4_f0_4,0.0026043663208413646,-0.00623024439973568
1783952614,panel_4,panel_4_f0_4,0.0027037130888609225,-0.006181304642040525
1783952614,panel_4,panel_4_f0_4,0.0026422522698262025,-0.006261292594930108
1783952615,panel_4,panel_4_f0_4,0.002730527396109295,-0.006155093110923652
1783952615,panel_4,panel_4_f0_4,0.002865859179391253,-0.005972647658818722
1783952615,panel_4,panel_4_f0_4,0.002980410975920915,-0.005784672920061664
1783952615,panel_4,panel_4_f0_4,0.003046269510397143,-0.005623788705596726
1783952615,panel_4,panel_4_f0_4,0.0030918593984869563,-0.005446011929063812
1783952615,panel_4,panel_4_f0_4,0.0031257824029342074,-0.0052574756491909095
1783952615,panel_4,panel_4_f0_4,0.003134610688168439,-0.005101857438759515
1783952615,panel_4,panel_4_f0_4,0.0031230704137262793,-0.004907257732551966
1783952615,panel_4,panel_4_f0_4,0.0031477127057876557,-0.004875380311735034
1783952615,panel_4,panel_4_f0_4,0.0030535747518948336,-0.004440054680542119
1783952615,panel_4,panel_4_f0_4,0.0030771754029916597,-0.004389081519920447
1783952615,panel_4,panel_4_f0_4,0.0030771754029916597,-0.004389081519920447
1783952615,panel_4,panel_4_f0_4,0.003099306720461546,-0.0043209739887648925
1783952615,panel_4,panel_4_f0_4,0.002978878446482732,-0.00411927652891715
1783952615,panel_4,panel_4_f0_4,0.003005149233102389,-0.004037811154740607
1783952615,panel_4,panel_4_f0_4,0.003005149233102389,-0.004037811154740607
1783952615,panel_4,panel_4_f0_4,0.0028347018972565098,-0.0038273446630083395
1783952615,panel_4,panel_4_f0_4,0.0028599070151639587,-0.0037528256374498355
1783952615,panel_4,panel_4_f0_4,0.0026724151630900623,-0.0034338788968888982
1783952615,panel_4,panel_4_f0_4,0.002506430208976576,-0.0031504902626977417
1783952616,panel_4,panel_4_f0_4,0.002506430208976576,-0.0031504902626977417
1783952616,panel_4,panel_4_f0_4,0.0020688890821886174,-0.0026132949400044275
1783952616,panel_4,panel_4_f0_4,0.002059245489026644,-0.0024938114396488584
1783952616,panel_4,panel_4_f0_4,0.002026226340760393,-0.0023686357547676295
1783952616,panel_4,panel_4_f0_4,0.0017170949063967237,-0.0019909090624755004
1783952616,panel_4,panel_4_f0_4,0.0017170949063967237,-0.0019909090624755004
1783952616,panel_4,panel_4_f0_4,0.0013530743808935419,-0.0016012529109597415
1783952616,panel_4,panel_4_f0_4,0.0012403971124911076,-0.0014600679292450997
1783952616,panel_4,panel_4_f0_4,0.0008355998261961311,-0.0010627922610226747
1783952616,panel_4,panel_4_f0_4,0.0008355998261961311,-0.0010627922610226747
1783952616,panel_4,panel_4_f0_4,0.00040507315698612044,-0.0006620200936683898
1783952616,panel_4,panel_4_f0_4,0.00012867833294626799,-0.00041702779838421436
1783952616,panel_4,panel_4_f0_4,-0.0003025563987613121,-1.4518445783391308e-05
1783952616,panel_4,panel_4_f0_4,-0.00047753084858314173,0.00015072564450005317
1783952616,panel_4,panel_4_f0_4,-0.0006592187795846519,0.000335348268695298
1783952616,panel_4,panel_4_f0_4,-0.0008179836061394211,0.0005157595824663805
1783952616,panel_4,panel_4_f0_4,-0.0010070453313405102,0.0006778630012710876
1783952616,panel_4,panel_4_f0_4,-0.0011598900003311958,0.000894329431441791
1783952616,panel_4,panel_4_f0_4,-0.0011598900003311958,0.000894329431441791
1783952617,panel_4,panel_4_f0_4,-0.0013080281214127847,0.0010107819283777947
1783952617,panel_4,panel_4_f0_4,-0.0014878692698217482,0.001149831404741548
1783952617,panel_4,panel_4_f0_4,-0.0017068700907819192,0.0014655145024265685
1783952617,panel_4,panel_4_f0_4,-0.0019053436027158077,0.0017651826411498638
1783952617,panel_4,panel_4_f0_4,-0.002045697430024343,0.002019566328113463
1783952617,panel_4,panel_4_f0_4,-0.0022014863707905145,0.0022811925151809847
1783952617,panel_4,panel_4_f0_4,-0.002201486370790514,0.0022811925151809847
1783952617,panel_4,panel_4_f0_4,-0.002336252120408217,0.0025058606999810618
1783952617,panel_4,panel_4_f0_4,-0.0022826143305843248,0.0026145316387996
1783952617,panel_4,panel_4_f0_4,-0.0022214157525183185,0.0027115266629706993
1783952617,panel_4,panel_4_f0_4,-0.0023549056900714644,0.002890732970830973
1783952617,panel_4,panel_4_f0_4,-0.0024947289874461243,0.003061871225562501
1783952617,panel_4,panel_4_f0_4,-0.0026926757908694306,0.0031649081378056225
1783952617,panel_4,panel_4_f0_4,-0.002897603460760359,0.0032691759804476315
1783952617,panel_4,panel_4_f0_4,-0.0028665181524562223,0.003298789157957558
1783952617,panel_4,panel_4_f0_4,-0.0028513936887481117,0.0033141929826236466
1783952617,panel_4,panel_4_f0_4,-0.0030444770505064283,0.0034239592921328534
1783952617,panel_4,panel_4_f0_4,-0.0032373698875662387,0.0035270120608271514
1783952617,panel_4,panel_4_f0_4,-0.0034307637950554983,0.003626505356703936
1783952617,panel_4,panel_4_f0_4,-0.003455406087116874,0.0035946279358870033
1783952617,panel_4,panel_4_f0_4,-0.003627169483171068,0.0036199776459931053
1783952618,panel_4,panel_4_f0_4,-0.003836819384549981,0.0036439253921497616
1783952618,panel_4,panel_4_f0_4,-0.004026719602447828,0.0037086121764471226
1783952618,panel_4,panel_4_f0_4,-0.004048850919917715,0.0036405046452915677
1783952618,panel_4,panel_4_f0_4,-0.004048850919917715,0.0036405046452915686
1783952618,panel_4,panel_4_f0_4,-0.004075121706537372,0.0035590392711150245
1783952618,panel_4,panel_4_f0_4,-0.004229170670769375,0.003574342565814156
1783952618,panel_4,panel_4_f0_4,-0.004229170670769375,0.003574342565814156
1783952618,panel_4,panel_4_f0_4,-0.004452866873221036,0.003500114564205883
1783952618,panel_4,panel_4_f0_4,-0.00447954651896958,0.003400665949193785
1783952618,panel_4,panel_4_f0_4,-0.0046989171154824295,0.0032866675072811768
1783952619,panel_4,panel_4_f0_4,-0.004883706046398759,0.003158903313740905
1783952619,panel_4,panel_4_f0_4,-0.004874062453236785,0.0030394198133853354
1783952619,panel_4,panel_4_f0_4,-0.004999410135167469,0.0028955856189491706
1783952619,panel_4,panel_4_f0_4,-0.005097399833725362,0.0027455078228706604
1783952619,panel_4,panel_4_f0_4,-0.005097399833725362,0.00274550782287066
1783952619,panel_4,panel_4_f0_4,-0.0051250503553072055,0.0025786631817851626
1783952619,panel_4,panel_4_f0_4,-0.005012373086904771,0.00243747820007052
1783952619,panel_4,panel_4_f0_4,-0.00497277607909835,0.0022586909056012293
1783952619,panel_4,panel_4_f0_4,-0.005053969614887909,0.0022184177400861775
1783952619,panel_4,panel_4_f0_4,-0.004899472052628256,0.0020656627806238653
1783952619,panel_4,panel_4_f0_4,-0.005007003056713593,0.0020058483019125706
1783952619,panel_4,panel_4_f0_4,-0.005031207064158126,0.0017308776291067097
1783952619,panel_4,panel_4_f0_4,-0.004971740443402413,0.0015017787856786808
1783952619,panel_4,panel_4_f0_4,-0.004971740443402414,0.0015017787856786808
1783952619,panel_4,panel_4_f0_4,-0.005112500503334295,0.001444072985020667
1783952619,panel_4,panel_4_f0_4,-0.004923438778133207,0.00128196956621596
1783952619,panel_4,panel_4_f0_4,-0.005107687407983817,0.0012380422364329147
1783952619,panel_4,panel_4_f0_4,-0.005107687407983818,0.0012380422364329147
1783952619,panel_4,panel_4_f0_4,-0.00514795487780249,0.0011026211690439286
1783952619,panel_4,panel_4_f0_4,-0.005232182018602026,0.0009516329475868792
1783952619,panel_4,panel_4_f0_4,-0.005340907719072896,0.0008173912379572243
1783952619,panel_4,panel_4_f0_4,-0.005174093024568996,0.0006953907688922556
1783952619,panel_4,panel_4_f0_4,-0.0050437070228102,0.0006043407573913339
1783952619,panel_4,panel_4_f0_4,-0.004882134165312743,0.0004952882997933292
1783952619,panel_4,panel_4_f0_4,-0.004882134165312743,0.0004952882997933294
1783952619,panel_4,panel_4_f0_4,-0.00506383000563172,0.00043063765505400983
1783952619,panel_4,panel_4_f0_4,-0.00506383000563172,0.00043063765505400983
1783952619,panel_4,panel_4_f0_4,-0.0054231838506122775,0.00048739059110365206
1783952619,panel_4,panel_4_f0_4,-0.005228233094024413,0.00038817223613296257
1783952620,panel_4,panel_4_f0_4,-0.005029533354415519,0.00028675766365631947
1783952620,panel_4,panel_4_f0_4,-0.0048315865509922125,0.0001837207514131975
1783952620,panel_4,panel_4_f0_4,-0.004626658881101284,7.945290877118847e-05
1783952620,panel_4,panel_4_f0_4,-0.005059341248960433,0.00020475648687205494
1783952620,panel_4,panel_4_f0_4,-0.005501247778981788,0.00033899572458407734
1783952620,panel_4,panel_4_f0_4,-0.00566690633994169,0.00034985580863735737
1783952620,panel_4,panel_4_f0_4,-0.005834152364266038,0.00036574224800389017
1783952620,panel_4,panel_4_f0_4,-0.006086124972421966,0.00041728838155120413
1783952620,panel_4,panel_4_f0_4,-0.006509352942423394,0.0005677569193630961
1783952620,panel_4,panel_4_f0_4,-0.006760955434813703,0.0006454356356689427
1783952620,panel_4,panel_4_f0_4,-0.0069349611882681276,0.0007074964605793142
1783952620,panel_4,panel_4_f0_4,-0.007073728352118874,0.0007705346602193985
1783952620,panel_4,panel_4_f0_4,-0.007361334346587781,0.0008818247012664192
1783952620,panel_4,panel_4_f0_4,-0.007620139984154721,0.0009843833269568814
1783952620,panel_4,panel_4_f0_4,-0.007620139984154721,0.0009843833269568814
1783952620,panel_4,panel_4_f0_4,-0.007466091019922717,0.0009690800322577496
1783952620,panel_4,panel_4_f0_4,-0.007583600782862073,0.0010368163327418385
1783952620,panel_4,panel_4_f0_4,-0.007385109698317862,0.0010365253087916077
1783952620,panel_4,panel_4_f0_4,-0.007446460564024081,0.0011289850291703965
1783952620,panel_4,panel_4_f0_4,-0.007278254251788977,0.001236936010971434
1783952621,panel_4,panel_4_f0_4,-0.007278254251788977,0.0012369360109714337
1783952621,panel_4,panel_4_f0_4,-0.007068719949140719,0.0013381994792919071
1783952621,panel_4,panel_4_f0_4,-0.007011751574437652,0.0014538571023548367
1783952621,panel_4,panel_4_f0_4,-0.006768515444298816,0.0015969636668553557
1783952621,panel_4,panel_4_f0_4,-0.006521706255912641,0.001746975874929819
1783952621,panel_4,panel_4_f0_4,-0.006521706255912641,0.0017469758749298187
1783952621,panel_4,panel_4_f0_4,-0.006263453956010201,0.0019129573388201307
1783952621,panel_4,panel_4_f0_4,-0.006263453956010201,0.0019129573388201307
1783952621,panel_4,panel_4_f0_4,-0.006001477734333117,0.0020837594404564024
1783952622,panel_4,panel_4_f0_4,-0.005525079988890622,0.0023891877868357655
1783952622,panel_4,panel_4_f0_4,-0.005239870145002794,0.002551888061215217
1783952622,panel_4,panel_4_f0_4,-0.005045212945497352,0.0026643473044830556
1783952622,panel_4,panel_4_f0_4,-0.004929705116431234,0.00272820205762764
1783952622,panel_4,panel_4_f0_4,-0.00463297939015478,0.0028526057490559998
1783952622,panel_4,panel_4_f0_4,-0.00418026267055316,0.0030352506433739407
1783952622,panel_4,panel_4_f0_4,-0.0038468797598492114,0.003158393012995917
1783952622,panel_4,panel_4_f0_4,-0.002945761676210016,0.003445807862695725
1783952622,panel_4,panel_4_f0_4,-0.0029457616762100154,0.003445807862695725
1783952622,panel_4,panel_4_f0_4,-0.0023681395568382,0.0035823596418444294
1783952622,panel_4,panel_4_f0_4,-0.0021040712676296995,0.003594298386937725
1783952622,panel_4,panel_4_f0_4,-0.001403303554996614,0.003708073814542103
1783952622,panel_4,panel_4_f0_4,-0.0009722785769351386,0.003809114081963876
1783952622,panel_4,panel_4_f0_4,-0.0009722785769351386,0.003809114081963876
1783952622,panel_4,panel_4_f0_4,-0.0005372971526546198,0.0038957819065835743
1783952622,panel_4,panel_4_f0_4,0.00032462007296617197,0.004052024803115804
1783952622,panel_4,panel_4_f0_4,0.0006763000619883794,0.004016807156802526
1783952622,panel_4,panel_4_f0_4,0.0006763000619883795,0.004016807156802526
1783952622,panel_4,panel_4_f0_4,0.001432904303308708,0.004011582303032485
1783952622,panel_4,panel_4_f0_4,0.001432904303308708,0.004011582303032485
1783952622,panel_4,panel_4_f0_4,0.0020863270265910703,0.004078243393229087
1783952622,panel_4,panel_4_f0_4,0.002359942109268626,0.0041055229084758765
1783952622,panel_4,panel_4_f0_4,0.002359942109268626,0.0041055229084758765
1783952622,panel_4,panel_4_f0_4,0.0030880531382002346,0.004015825340497286
1783952622,panel_4,panel_4_f0_4,0.0035299596682215897,0.003881586102785263
1783952622,panel_4,panel_4_f0_4,0.0041245773827697394,0.00380846080259076
1783952622,panel_4,panel_4_f0_4,0.004484716244153898,0.0036895215945299286
1783952622,panel_4,panel_4_f0_4,0.005100552219436603,0.003587158879515483
1783952622,panel_4,panel_4_f0_4,0.00552378018943803,0.0034366903417035917
1783952623,panel_4,panel_4_f0_4,0.005924871882163491,0.0032898221393734815
1783952623,panel_4,panel_4_f0_4,0.006365084043689614,0.0032089535333934965
1783952623,panel_4,panel_4_f0_4,0.006693751425438208,0.003081228549456051
1783952623,panel_4,panel_4_f0_4,0.006994335992532654,0.0030176766722621482
1783952623,panel_4,panel_4_f0_4,0.007247250206769187,0.003037596967052575
1783952623,panel_4,panel_4_f0_4,0.007229242494925222,0.0030888681863095063
1783952623,panel_4,panel_4_f0_4,0.007187873457717979,0.0031570395770860902
1783952623,panel_4,panel_4_f0_4,0.007250856574737384,0.0031603461933118666
1783952623,panel_4,panel_4_f0_4,0.007194191914923815,0.003219789436480226
1783952623,panel_4,panel_4_f0_4,0.0071732219682735,0.0032033034054469067
1783952623,panel_4,panel_4_f0_4,0.007121706012786201,0.003169802894534785
1783952623,panel_4,panel_4_f0_4,0.007009246607513143,0.0032529893457048996
1783952623,panel_4,panel_4_f0_4,0.00686227911882099,0.0032525496818760734
1783952623,panel_4,panel_4_f0_4,0.006805310744117922,0.0031368920588131445
1783952623,panel_4,panel_4_f0_4,0.0065809145841220495,0.0031077619139295866
1783952623,panel_4,panel_4_f0_4,0.0064803324050072865,0.002978545820393329
1783952623,panel_4,panel_4_f0_4,0.0064803324050072865,0.0029785458203933296
1783952623,panel_4,panel_4_f0_4,0.006194582073580138,0.0029569084821552717
1783952623,panel_4,panel_4_f0_4,0.006035224840044329,0.003077638709969289
1783952623,panel_4,panel_4_f0_4,0.005732396816476129,0.0030402717956605585
1783952623,panel_4,panel_4_f0_4,0.005543624473857193,0.0029070092195991864
1783952624,panel_4,panel_4_f0_4,0.0049824466853562385,0.003021262868741972
1783952624,panel_4,panel_4_f0_4,0.0046061501474663645,0.003037367807532148
1783952624,panel_4,panel_4_f0_4,0.0046061501474663645,0.003037367807532148
1783952624,panel_4,panel_4_f0_4,0.004606150147466365,0.0030373678075321475
1783952624,panel_4,panel_4_f0_4,0.004309424421189911,0.0029129641161037877
1783952624,panel_4,panel_4_f0_4,0.0037025784662175236,0.0028745718381121
1783952624,panel_4,panel_4_f0_4,0.0033691955555135754,0.002751429468490123
1783952624,panel_4,panel_4_f0_4,0.0023128709377145586,0.002572559881773127
1783952624,panel_4,panel_4_f0_4,0.0023128709377145586,0.0025725598817731275
1783952624,panel_4,panel_4_f0_4,0.0015632484768567407,0.002499611740784385
1783952624,panel_4,panel_4_f0_4,0.0015632484768567407,0.002499611740784385
1783952624,panel_4,panel_4_f0_4,0.0007713565939671377,0.0024177781004752963
1783952624,panel_4,panel_4_f0_4,0.0003403316159056625,0.0023167378330535243
1783952624,panel_4,panel_4_f0_4,-0.0005434387574940574,0.0022229376764123514
1783952624,panel_4,panel_4_f0_4,-0.0024077721517523688,0.0017127274550859583
1783952624,panel_4,panel_4_f0_4,-0.00530678379277256,0.0008643681403605176
1783952624,panel_4,panel_4_f0_4,-0.005306783792772559,0.0008643681403605178
1783952624,panel_4,panel_4_f0_4,-0.01233250043320254,-0.0013226568956146117
1783952624,panel_4,panel_4_f0_4,-0.016427255259386243,-0.002645887733881862
1783952624,panel_4,panel_4_f0_4,-0.016427255259386243,-0.002645887733881862
1783952625,panel_4,panel_4_f0_4,-0.018537740969549587,-0.0036404749223209044
1783952625,panel_4,panel_4_f0_4,-0.01881135605222714,-0.003667754437567693
1783952625,panel_4,panel_4_f0_4,-0.018669187370328185,-0.004105697192512425
1783952625,panel_4,panel_4_f0_4,-0.01846438691492888,-0.004283855539523898
1783952625,panel_4,panel_4_f0_4,-0.018464386914928882,-0.004283855539523899
1783952625,panel_4,panel_4_f0_4,-0.018203553299478106,-0.004331378434823787
1783952625,panel_4,panel_4_f0_4,-0.018203553299478106,-0.0043313784348237875
1783952625,panel_4,panel_4_f0_4,-0.01739736638343205,-0.004135274591669072
1783952625,panel_4,panel_4_f0_4,-0.017165617657593415,-0.004279424707774807
1783952625,panel_4,panel_4_f0_4,-0.017592788914607263,-0.004520435586122487
1783952626,panel_4,panel_4_f0_4,-0.018581678657406585,-0.004751157990227103
1783952626,panel_4,panel_4_f0_4,-0.018581678657406585,-0.004751157990227103
1783952626,panel_4,panel_4_f0_4,-0.019701048298762514,-0.004907768393362777
1783952626,panel_4,panel_4_f0_4,-0.020694995819938805,-0.005124775793804457
1783952626,panel_4,panel_4_f0_4,-0.02067698810809484,-0.005176047013061387
1783952626,panel_4,panel_4_f0_4,-0.020168225727968277,-0.005181546271437553
1783952626,panel_4,panel_4_f0_4,-0.01914048683052979,-0.005142378953646357
1783952626,panel_4,panel_4_f0_4,-0.01576514977372493,-0.004823231992347198
1783952626,panel_4,panel_4_f0_4,-0.015682828961368397,-0.004899205681692667
1783952626,panel_4,panel_4_f0_4,-0.013537472416166228,-0.0047161238501403305
1783952626,panel_4,panel_4_f0_4,-0.01046449202143269,-0.004433906934554757
1783952626,panel_4,panel_4_f0_4,-0.007145605953002871,-0.004113001270061701
1783952626,panel_4,panel_4_f0_4,-0.0038812000785941867,-0.0036885423389079754
1783952626,panel_4,panel_4_f0_4,-0.003741673218540216,-0.0037838602489700017
1783952626,panel_4,panel_4_f0_4,-0.0005712616064385706,-0.003343700129830731
1783952626,panel_4,panel_4_f0_4,0.0024834300265320374,-0.002908906331770112
1783952626,panel_4,panel_4_f0_4,0.0026311438788445187,-0.0030234262283448817
1783952626,panel_4,panel_4_f0_4,0.0054878775784741665,-0.0027335157456583868
1783952626,panel_4,panel_4_f0_4,0.008046960588747598,-0.0024445376589893116
1783952626,panel_4,panel_4_f0_4,0.01029334446534807,-0.002075487453727194
1783952627,panel_4,panel_4_f0_4,0.01263877765382228,-0.00198015116899292
1783952627,panel_4,panel_4_f0_4,0.014641484871004917,-0.0017780805908390223
1783952627,panel_4,panel_4_f0_4,0.016152081586411963,-0.0014849125820674044
1783952627,panel_4,panel_4_f0_4,0.01615208158641196,-0.0014849125820674044
1783952627,panel_4,panel_4_f0_4,0.016152081586411963,-0.0014849125820674044
1783952627,panel_4,panel_4_f0_4,0.016446970881714606,-0.0015714593977356433
1783952627,panel_4,panel_4_f0_4,0.01297935288360702,-0.0013624058972359918
1783952627,panel_4,panel_4_f0_4,0.009581501450643076,-0.001484100979916329
1783952627,panel_4,panel_4_f0_4,0.009581501450643078,-0.001484100979916329
1783952627,panel_4,panel_4_f0_4,0.008874607660703693,-0.0018177767971437387
1783952627,panel_4,panel_4_f0_4,0.00965459149993141,-0.0020858340364356904
1783952627,panel_4,panel_4_f0_4,0.011987431263639294,-0.0023437437284879107
1783952627,panel_4,panel_4_f0_4,0.011987431263639296,-0.0023437437284879107
1783952627,panel_4,panel_4_f0_4,0.012871201637039014,-0.0022499435718467383
1783952627,panel_4,panel_4_f0_4,0.014300553607016805,-0.0018264011751400438
1783952627,panel_4,panel_4_f0_4,0.02254200519878152,-0.001247955612564306
1783952627,panel_4,panel_4_f0_4,0.029497110510003442,-0.001369866385835303
1783952627,panel_4,panel_4_f0_4,0.04431218502004665,0.0006776226274819128
1783952627,panel_4,panel_4_f0_4,0.05620384939272352,0.0017911747797523963
1783952627,panel_4,panel_4_f0_4,0.05620384939272353,0.001791174779752396
1783952628,panel_4,panel_4_f0_4,0.05766091237960451,0.002719100877994836
1783952628,panel_4,panel_4_f0_3,-0.19988644075041628,-0.007354834699184929
1783952628,panel_4,panel_4_f0_3,-0.18853711754811775,-0.0074158647514092615
1783952628,panel_4,panel_4_f0_3,-0.17566722206452237,-0.007588609861242081
1783952628,panel_4,panel_4_f0_3,-0.17556035509185947,-0.007455893778550878
1783952628,panel_4,panel_4_f0_3,-0.16365649564596324,-0.007910861464757828
1783952628,panel_4,panel_4_f0_3,-0.1519734254888851,-0.00857639975527436
1783952628,panel_4,panel_4_f0_3,-0.15188759814605043,-0.008506002868200566
1783952628,panel_4,panel_4_f0_3,-0.15188759814605043,-0.008506002868200567
1783952628,panel_4,panel_4_f0_3,-0.15188759814605043,-0.008506002868200567
1783952628,panel_4,panel_4_f0_3,-0.15185232819168323,-0.008470243624856846
1783952628,panel_4,panel_4_f0_3,-0.15185232819168323,-0.008470243624856846
1783952628,panel_4,panel_4_f0_3,-0.1456377719965187,-0.008954268534259135
1783952628,panel_4,panel_4_f0_3,-0.14180202971433098,-0.009203619871699176
1783952628,panel_4,panel_4_f0_3,-0.13780523781067916,-0.009441414132629812
1783952628,panel_4,panel_4_f0_3,-0.1379458103368464,-0.009435627355959599
1783952628,panel_4,panel_4_f0_3,-0.13814453103191454,-0.00943337559823865
1783952628,panel_4,panel_4_f0_3,-0.13834405498363506,-0.009434001913948255
1783952628,panel_4,panel_4_f0_3,-0.13719442669495693,-0.009459120701161134
1783952629,panel_4,panel_4_f0_3,-0.13755463462579653,-0.009442588516693768
1783952629,panel_4,panel_4_f0_3,-0.1389964961778922,-0.00938937155589195
1783952629,panel_4,panel_4_f0_3,-0.14261936012083662,-0.009174402694604334
1783952629,panel_4,panel_4_f0_3,-0.14756231041078516,-0.008787526694441933
1783952629,panel_4,panel_4_f0_3,-0.14851817686169616,-0.008789573472123557
1783952629,panel_4,panel_4_f0_3,-0.16071034778967963,-0.00646798677036708
1783952629,panel_4,panel_4_f0_3,-0.16603206502844242,-0.0048631100808345954
1783952629,panel_4,panel_4_f0_3,-0.16603206502844245,-0.004863110080834596
1783952629,panel_4,panel_4_f0_3,-0.16603206502844242,-0.0048631100808345954
1783952629,panel_4,panel_4_f0_3,-0.16994770641555434,-0.0023133867409258595
1783952629,panel_4,panel_4_f0_3,-0.17279815198115808,-0.0007180215153815472
1783952629,panel_4,panel_4_f0_3,-0.17493379100864623,-0.003130728741752786
1783952629,panel_4,panel_4_f0_3,-0.16952127296646474,-0.0055140975138592875
1783952629,panel_4,panel_4_f0_3,-0.1709886196062996,-0.011430076156857073
1783952629,panel_4,panel_4_f0_3,-0.17219469312951996,-0.018831436811975032
1783952629,panel_4,panel_4_f0_3,-0.15460070642733498,-0.02043970338711657
1783952629,panel_4,panel_4_f0_3,-0.15518922728721699,-0.032101908103370574
1783952629,panel_4,panel_4_f0_3,-0.13177371297360763,-0.04850657162790537
1783952629,panel_4,panel_4_f0_3,-0.10652992747166543,-0.051423643573995544
1783952629,panel_4,panel_4_f0_3,-0.10644719215779422,-0.0697969307199187
1783952629,panel_4,panel_4_f0_3,-0.10644719215779422,-0.06979693071991872
1783952630,panel_4,panel_4_f0_3,-0.10644719215779422,-0.06979693071991872
1783952630,panel_3,panel_3_f4_2,-5.551115123125783e-14,5.551115123125783e-14
1783952630,panel_3,panel_3_f4_2,0.004851823998507926,-0.28706551450876844
1783952630,panel_3,panel_3_f4_2,0.003234549332320114,-0.1913770096724938
1783952630,panel_3,panel_3_f4_2,0.0024259119992262076,-0.14353275725435646
1783952630,panel_3,panel_3_f4_2,0.003218443451284208,-0.22754092669797493
1783952630,panel_3,panel_3_f4_2,0.003620321248997953,-0.2834129987221015
1783952630,panel_3,panel_3_f4_2,0.00370967431009636,-0.32323944992861414
1783952631,panel_3,panel_3_f4_2,0.0032459650213273756,-0.28283451868753046
1783952631,panel_3,panel_3_f4_2,0.003127926817503622,-0.31391650442861213
1783952631,panel_3,panel_3_f4_2,0.002815134135747709,-0.28252485398574534
1783952631,panel_3,panel_3_f4_2,0.002580175629566802,-0.3080916897465242
1783952631,panel_3,panel_3_f4_2,0.0023651609937649426,-0.2824173822676425
1783952631,panel_3,panel_3_f4_2,0.002074217429606557,-0.3041722526298798
1783952631,panel_3,panel_3_f4_2,0.001756567994885775,-0.3228711810707055
1783952631,panel_3,panel_3_f4_2,0.0016394634618896893,-0.3013464356659881
1783952631,panel_3,panel_3_f4_2,0.0015369969955181142,-0.2825122834368603
1783952631,panel_3,panel_3_f4_2,0.00122175230431668,-0.29755388078387074
1783952631,panel_3,panel_3_f4_2,0.0009402210415977394,-0.31011986779994083
1783952631,panel_3,panel_3_f4_2,0.0008907357236159894,-0.29379776949467784
1783952631,panel_3,panel_3_f3_2,-0.003990142831785093,-0.4734267633297633
1783952631,panel_3,panel_3_f3_2,-0.0039723854474075,-0.4538548721896665
1783952631,panel_3,panel_3_f3_2,-0.003981690540973543,-0.4387480764824125
1783952631,panel_3,panel_3_f3_2,-0.0029862679057440352,-0.3290610573617955
1783952631,panel_3,panel_3_f3_2,-0.0023890143246063306,-0.26324884588942526
1783952631,panel_3,panel_3_f3_2,-0.001990845270514527,-0.2193740382411785
1783952631,panel_3,panel_3_f3_2,-0.0017064388033060963,-0.1880348899210022
1783952631,panel_3,panel_3_f3_2,-0.0014931339528997732,-0.16453052868086998
1783952632,panel_3,panel_3_f3_2,-0.001327230180361522,-0.1462493588274338
1783952632,panel_3,panel_3_f3_2,-0.0013594993656691073,-0.15061403975890036
1783952632,panel_3,panel_3_f3_2,-0.001316480788074108,-0.14858371515523225
1783952632,panel_3,panel_3_f3_2,-0.0012557848727437137,-0.14785155141173406
1783952632,panel_3,panel_3_f3_2,-0.0011605809648765626,-0.1451151107375008
1783952632,panel_3,panel_3_f3_2,-0.0010776823245322018,-0.1347497456848182
1783952632,panel_3,panel_3_f3_2,-0.0009442540504370499,-0.1312837051575136
1783952632,panel_3,panel_3_f3_2,-0.0008852381722882037,-0.12307847358516556
1783952632,panel_3,panel_3_f3_2,-0.0007068266565833782,-0.12014225861559955
1783952632,panel_3,panel_3_f3_2,-0.0005018742430437811,-0.11768487381065561
1783952632,panel_3,panel_3_f3_2,-0.00028832841763884904,-0.1157707643343189
1783952632,panel_3,panel_3_f3_2,-0.0002739119967596821,-0.10998222611760018
1783952632,panel_3,panel_3_f3_2,-0.00026086856834519776,-0.10474497725485467
1783952632,panel_3,panel_3_f3_2,-0.000249010906150212,-0.09998384192508603
1783952632,panel_3,panel_3_f3_2,3.459849214115803e-05,-0.10207022180893827
1783952632,panel_3,panel_3_f3_2,0.00031556212508840196,-0.10527615776815052
1783952632,panel_3,panel_3_f3_2,0.0003029396400826454,-0.10106511145742228
1783952632,panel_3,panel_3_f3_2,0.0005760310693657321,-0.10641472900032344
1783952632,panel_3,panel_3_f3_2,0.0007736608461089487,-0.11090349837645766
1783952632,panel_3,panel_3_f3_2,0.0010112552487764096,-0.118228409984673
1783952633,panel_3,panel_3_f3_2,0.0012316043147386187,-0.12690259524967396
1783952633,panel_3,panel_3_f3_2,0.0011905508375788143,-0.12267250874134963
1783952633,panel_3,panel_3_f3_2,0.001152145971848675,-0.11871533104001399
1783952633,panel_3,panel_3_f3_2,0.0013452128022858666,-0.13053749050051777
1783952633,panel_3,panel_3_f3_2,0.0013044487779724915,-0.12658180897019738
1783952633,panel_3,panel_3_f3_2,0.001266082637442256,-0.12285881458871938
1783952633,panel_3,panel_3_f3_2,0.0012299088477994628,-0.11934856274332581
1783952633,panel_3,panel_3_f3_2,0.0013932807004773686,-0.13269814424551266
1783952633,panel_3,panel_3_f3_2,0.0015447252145050973,-0.14552468869083635
1783952633,panel_3,panel_3_f2_2,0.006796104369576961,-0.6122583769173673
1783952633,panel_3,panel_3_f2_2,0.003398052184760725,-0.3061291884586559
1783952633,panel_3,panel_3_f2_2,0.002265368123155313,-0.20408612563908543
1783952633,panel_3,panel_3_f2_2,0.0016990260923526069,-0.1530645942293002
1783952633,panel_3,panel_3_f2_2,0.0013592208738709833,-0.12245167538342905
1783952633,panel_3,panel_3_f2_2,0.002047858419940217,-0.1992304411596669
1783952633,panel_3,panel_3_f2_2,0.002507855935145589,-0.25158065322659356
1783952633,panel_3,panel_3_f2_2,0.0021943739432454513,-0.2201330715732624
1783952633,panel_3,panel_3_f2_2,0.001950554616212011,-0.1956738413984493
1783952633,panel_3,panel_3_f2_2,0.0022550842313164565,-0.2266660746237948
1783952633,panel_3,panel_3_f2_2,0.0025120648730455938,-0.24923352736598273
1783952634,panel_3,panel_3_f2_2,0.002302726133620502,-0.22846406675214623
1783952634,panel_3,panel_3_f2_2,0.0025687829840345512,-0.24248642041008875
1783952634,panel_3,panel_3_f2_2,0.002743991129188159,-0.24627693828475228
1783952634,panel_3,panel_3_f2_2,0.003001549800890809,-0.25276010374060726
1783952634,panel_3,panel_3_f2_2,0.0031614768672937202,-0.25240867166013703
1783952634,panel_3,panel_3_f2_2,0.002975507639802589,-0.23756110273894926
1783952634,panel_3,panel_3_f2_2,0.0031468126025480324,-0.23567771570278528
1783952634,panel_3,panel_3_f2_2,0.003310892190372232,-0.23268617263295752
1783952634,panel_3,panel_3_f2_2,0.0035436302529437435,-0.23120506659484263
1783952634,panel_3,panel_3_f2_2,0.0033748859551818743,-0.22019530151889513
1783952634,panel_3,panel_3_f2_2,0.0035886085891082557,-0.2170404854006591
1783952634,panel_3,panel_3_f2_2,0.0034325821287098314,-0.20760394255714973
1783952634,panel_3,panel_3_f2_2,0.0032895578733446087,-0.1989537782839328
1783952634,panel_3,panel_3_f2_2,0.003409413390002133,-0.19332738270180522
1783952634,panel_3,panel_3_f2_2,0.0032782821057691465,-0.18589171413634903
1783952634,panel_3,panel_3_f2_2,0.0034318815388906807,-0.17992170931739726
1783952634,panel_3,panel_3_f2_2,0.0035615240064444235,-0.17323895043753637
1783952634,panel_3,panel_3_f2_2,0.0036763087519714006,-0.16626288361580796
1783952634,panel_3,panel_3_f2_2,0.003727903029444851,-0.15908047122323105
1783952634,panel_3,panel_3_f2_2,0.003607648093009355,-0.15394884311925405
1783952635,panel_3,panel_3_f2_2,0.0036364810700003324,-0.14629999971540755
1783952635,panel_3,panel_3_f2_2,0.0036576356831668866,-0.13842197548938592
1783952635,panel_3,panel_3_f2_2,0.00355005816307211,-0.13435074091616706
1783952635,panel_3,panel_3_f2_2,0.0034486279298398927,-0.1305121483185607
1783952635,panel_3,panel_3_f2_2,0.0033200444085631792,-0.11762861683194004
1783952635,panel_3,panel_3_f2_2,0.0031985890652879863,-0.10820729389205262
1783952635,panel_3,panel_3_f2_2,0.003115859438455398,-0.09869919268609179
1783952635,panel_3,panel_3_f2_2,0.003035965606698708,-0.09616844415567775
1783952635,panel_3,panel_3_f2_2,0.0029738547652702913,-0.0868852604752097
1783952635,panel_3,panel_3_f2_2,0.0029636074913188485,-0.07798810855198503
1783952635,panel_3,panel_3_f2_2,0.0028930454081908877,-0.07613124882455549
1783952635,panel_3,panel_3_f2_2,0.002951971706746213,-0.06803040377888031
1783952635,panel_3,panel_3_f2_2,0.0030187831488786413,-0.06056035855881134
1783952635,panel_3,panel_3_f2_2,0.002951699078902327,-0.05921457281305874
1783952635,panel_3,panel_3_f2_2,0.002887531707620635,-0.05792729949103452
1783952635,panel_3,panel_3_f2_2,0.0028260948627764613,-0.056694803757181535
1783952635,panel_3,panel_3_f2_2,0.002767217886467462,-0.05551366201223911
1783952635,panel_3,panel_3_f2_2,0.002710744052048626,-0.05438073013443718
1783952635,panel_3,panel_3_f2_2,0.002742354992194234,-0.05072019106999596
1783952635,panel_3,panel_3_f2_2,0.002606432904801585,-0.0384750235316475
1783952636,panel_3,panel_3_f2_2,0.002677490983801738,-0.03735024082869721
1783952636,panel_3,panel_3_f2_2,0.0027412124752051632,-0.036960571316278855
1783952636,panel_3,panel_3_f2_2,0.00280004651888946,-0.03686671595420647
1783952636,panel_3,panel_3_f2_2,0.0028000465188894597,-0.03686671595420647
1783952636,panel_3,panel_3_f2_2,0.0027482313270601262,-0.025457803704339543
1783952636,panel_3,panel_3_f2_2,0.0026428745065314595,-0.014144165191775358
1783952636,panel_3,panel_3_f2_2,0.002698940972987045,-0.014293357271017462
1783952636,panel_3,panel_3_f2_2,0.002698940972987045,-0.014293357271017462
1783952636,panel_3,panel_3_f2_2,0.0025973089207980992,-0.0039044323320368453
1783952636,panel_3,panel_3_f2_2,0.0024956714949902494,0.005593728763721515
1783952636,panel_3,panel_3_f2_2,0.0024690457809500355,0.006524818001019947
1783952636,panel_3,panel_3_f2_2,0.002353816477168863,0.014739911287129032
1783952636,panel_3,panel_3_f2_2,0.0024938378218641397,0.022492340159880712
1783952636,panel_3,panel_3_f2_2,0.002361690397768472,0.029362828562333364
1783952636,panel_3,panel_3_f2_2,0.0029031428230721825,0.03732095061075372
1783952636,panel_3,panel_3_f2_2,0.0035583489982988228,0.04111691879127784
1783952636,panel_3,panel_3_f2_2,0.004027493960089167,0.04951908415010184
1783952636,panel_3,panel_3_f2_2,0.0039022074646639007,0.0530958520976241
1783952636,panel_3,panel_3_f2_2,0.003968677266645809,0.06267653160953879
1783952636,panel_3,panel_3_f2_2,0.003968677266645809,0.06267653160953879
1783952637,panel_3,panel_3_f2_2,0.0036094582471723536,0.07180317597329103
1783952637,panel_3,panel_3_f2_2,0.00327609568339009,0.0767883911192276
1783952637,panel_3,panel_3_f2_2,0.0024278662663274188,0.08301817546585934
1783952637,panel_3,panel_3_f2_2,0.0011390047162811222,0.09033279505790116
1783952637,panel_3,panel_3_f2_2,0.0011390047162811222,0.09033279505790116
1783952637,panel_3,panel_3_f2_2,-0.0011018483226301937,0.09655282673079645
1783952637,panel_3,panel_3_f2_2,-0.0012430857352392134,0.09640891594442341
1783952637,panel_3,panel_3_f2_2,-0.0036338952482068265,0.10069473638906504
1783952637,panel_3,panel_3_f2_2,-0.003738377989731435,0.09971054662583619
1783952637,panel_3,panel_3_f2_2,-0.005498253234306853,0.10345543032465647
1783952637,panel_3,panel_3_f2_2,-0.005588859301442376,0.10163914740858089
1783952637,panel_3,panel_3_f2_2,-0.006682230531993388,0.10168190043861053
1783952637,panel_3,panel_3_f2_2,-0.006682230531993388,0.10168190043861053
1783952637,panel_3,panel_3_f2_2,-0.00698424533932095,0.10251113165284233
1783952637,panel_3,panel_3_f2_2,-0.006960637762599625,0.09584523194884778
1783952637,panel_3,panel_3_f2_2,-0.006759189817902479,0.09094853566696084
1783952637,panel_3,panel_3_f2_2,-0.0063858029762030545,0.08520739864644795
1783952637,panel_3,panel_3_f2_2,-0.005916172731547507,0.08437354048437905
1783952637,panel_3,panel_3_f2_2,-0.005352305920254644,0.07793703984607632
1783952637,panel_3,panel_3_f2_2,-0.004768227673093041,0.07145270247220882
1783952638,panel_3,panel_3_f2_2,-0.00476822767309304,0.07145270247220882
1783952638,panel_3,panel_3_f2_2,-0.004340947856186088,0.06545539022022243
1783952638,panel_3,panel_3_f2_2,-0.0038629755179984382,0.05979765145546009
1783952638,panel_3,panel_3_f2_2,-0.0038629755179984382,0.059797651455460094
1783952638,panel_3,panel_3_f2_2,-0.0035157793947143815,0.0597335984430479
1783952638,panel_3,panel_3_f2_2,-0.0032436294361661492,0.0597840018090702
1783952638,panel_3,panel_3_f2_2,-0.003243629436166149,0.059784001809070196
1783952638,panel_3,panel_3_f2_2,-0.003243629436166149,0.05978400180907022
1783952638,panel_3,panel_3_f2_2,-0.0033294552573538403,0.05721107734731884
1783952638,panel_3,panel_3_f2_2,-0.0032341205738964335,0.0574929382079095
1783952638,panel_3,panel_3_f2_2,-0.0032696016819811673,0.05673918642942865
1783952638,panel_3,panel_3_f2_2,-0.0033333231733845914,0.05634951691701029
1783952638,panel_3,panel_3_f2_2,-0.003392157217068888,0.05625566155493792
1783952638,panel_3,panel_3_f2_2,-0.0033921572170688887,0.05625566155493792
1783952638,panel_3,panel_3_f2_2,-0.003536862489568413,0.05824163825285376
1783952638,panel_3,panel_3_f2_2,-0.003536862489568413,0.05824163825285376
1783952638,panel_3,panel_3_f2_2,-0.0037165693239929252,0.061376419485384755
1783952638,panel_3,panel_3_f2_2,-0.0037165693239929252,0.061376419485384755
1783952638,panel_3,panel_3_f3_2,0.0013085009258766247,-0.1358397943769731
1783952638,panel_3,panel_3_f3_2,0.001274949620083493,-0.13235672272628007
1783952639,panel_3,panel_3_f3_2,0.001243075879580018,-0.12904780465812163
1783952639,panel_3,panel_3_f3_2,0.0012127569556864685,-0.12590029722743437
1783952639,panel_3,panel_3_f3_2,0.0009432135086258831,-0.11528866679058657
1783952639,panel_3,panel_3_f3_2,0.0009212783107495716,-0.11260753500475768
1783952639,panel_3,panel_3_f3_2,0.0009003401673221834,-0.11004827284555739
1783952639,panel_3,panel_3_f3_2,0.0008803326080471234,-0.10760275567121044
1783952639,panel_3,panel_3_f3_2,0.0005930956561073147,-0.09834187063912811
1783952639,panel_3,panel_3_f3_2,0.000580476599593212,-0.09624949041276248
1783952639,panel_3,panel_3_f3_2,7.542730819928129e-05,-0.08303349081500555
1783952639,panel_3,panel_3_f3_2,-0.00019836229598271815,-0.07536110639321235
1783952639,panel_3,panel_3_f3_2,-0.000194395050064174,-0.07385388426534699
1783952639,panel_3,panel_3_f3_2,-0.0003339137267459716,-0.05980099388152582
1783952639,panel_3,panel_3_f3_2,-0.000528608139378563,-0.04541621942184349
1783952639,panel_3,panel_3_f3_2,-0.0004486021248175608,-0.0372455297204843
1783952639,panel_3,panel_3_f3_2,-0.0006636594509079317,-0.03269903187699972
1783952639,panel_3,panel_3_f3_2,-0.0009298134548191419,-0.0270135640135119
1783952639,panel_3,panel_3_f3_2,-0.0009298134548191419,-0.027013564013511907
1783952639,panel_3,panel_3_f3_2,-0.0009298134548191419,-0.0270135640135119
1783952639,panel_3,panel_3_f3_2,-0.001171502534564132,-0.02129669477789911
1783952639,panel_3,panel_3_f3_2,-0.001171502534564132,-0.02129669477789911
1783952640,panel_3,panel_3_f3_2,-0.001310944269318668,-0.012900532956709298
1783952640,panel_3,panel_3_f3_2,-0.001293218369077296,-0.010334923574337162
1783952640,panel_3,panel_3_f3_2,-0.0014652810854007031,-0.0017575521296911223
1783952640,panel_3,panel_3_f3_2,-0.0014649184039923985,0.00048800432324401565
1783952640,panel_3,panel_3_f3_2,-0.0015884582316440265,0.005139705646387713
1783952640,panel_3,panel_3_f3_2,-0.0016069330673830384,0.006794888401893808
1783952640,panel_3,panel_3_f3_2,-0.0016069330673830384,0.006794888401893811
1783952640,panel_3,panel_3_f3_2,-0.0016498882192780252,0.008258144783945785
1783952640,panel_3,panel_3_f3_2,-0.0018151261312433456,0.015654324475211142
1783952640,panel_3,panel_3_f3_2,-0.0018862360600374543,0.017280660350417417
1783952640,panel_3,panel_3_f3_2,-0.0018862360600374545,0.017280660350417417
1783952640,panel_3,panel_3_f3_2,-0.0019683662574772652,0.023200841147719184
1783952640,panel_3,panel_3_f3_2,-0.002039561909856759,0.02913548042262762
1783952640,panel_3,panel_3_f3_2,-0.0021650420149488953,0.03209489200770248
1783952640,panel_3,panel_3_f4_2,0.0007211338352272932,-0.26420688984672047
1783952640,panel_3,panel_3_f4_2,0.0006087885780254183,-0.23739823138110233
1783952640,panel_3,panel_3_f4_2,0.0005319193675760206,-0.2130004708786805
1783952640,panel_3,panel_3_f4_2,0.0005087924385485627,-0.20373958084047455
1783952640,panel_3,panel_3_f4_2,0.00048759275360672625,-0.19525043163878583
1783952641,panel_3,panel_3_f4_2,0.00046808904346023675,-0.1874404143732322
1783952641,panel_3,panel_3_f4_2,0.00048095826464692224,-0.1685940960470485
1783952641,panel_3,panel_3_f4_2,0.00046314499558386917,-0.16234987026752615
1783952641,panel_3,panel_3_f4_2,0.00048350928188036337,-0.1456899418552952
1783952641,panel_3,panel_3_f4_2,0.0005064609635360971,-0.13014642088779016
1783952641,panel_3,panel_3_f4_2,0.0005244638331179596,-0.11562073381542781
1783952641,panel_3,panel_3_f4_2,0.0005075456449510734,-0.11189103272460577
1783952641,panel_3,panel_3_f4_2,0.0005356428687929187,-0.09877156190319647
1783952641,panel_3,panel_3_f4_2,0.0006117282746230413,-0.08632126913742828
1783952641,panel_3,panel_3_f4_2,0.0005937362665442604,-0.08378240828044346
1783952641,panel_3,panel_3_f4_2,0.0010538972496097537,-0.06321525830177974
1783952641,panel_3,panel_3_f4_2,0.001290195287826062,-0.0527221240034261
1783952641,panel_3,panel_3_f4_2,0.0015102671869621205,-0.04305532091308635
1783952641,panel_3,panel_3_f4_2,0.0016962100050575584,-0.0341677651174337
1783952641,panel_3,panel_3_f4_2,0.00165271744082389,-0.03329166857595962
1783952641,panel_3,panel_3_f4_2,0.0016113995048019046,-0.032459376861559225
1783952641,panel_3,panel_3_f4_2,0.0015720970778541627,-0.03166768474298325
1783952641,panel_3,panel_3_f4_2,0.0015011891651801252,-0.025691972786501
1783952641,panel_3,panel_3_f4_2,0.001293166064915246,-0.02029968459504883
1783952641,panel_3,panel_3_f4_2,0.0012637759270750016,-0.019838328126978277
1783952641,panel_3,panel_3_f4_2,0.0012356920175832125,-0.019397476390821972
1783952642,panel_3,panel_3_f4_2,0.0007199844341812072,-0.014682073647632765
1783952642,panel_3,panel_3_f4_2,0.0001641883391396141,-0.01023343339338706
1783952642,panel_3,panel_3_f4_2,-0.00045278938235658665,-0.006123882206677524
1783952642,panel_3,panel_3_f4_2,-0.0011013889085524536,-0.0023272328580826694
1783952642,panel_3,panel_3_f4_2,-0.0017911137663528664,0.0010558000626224118
1783952642,panel_3,panel_3_f4_2,-0.0025419183135156486,0.004215444708266593
1783952642,panel_3,panel_3_f4_2,-0.0035362317359993733,0.01856782542574975
1783952642,panel_3,panel_3_f4_2,-0.004379805119243337,0.02112899166670293
1783952642,panel_3,panel_3_f4_2,-0.0052331804291912655,0.02349650762221329
1783952642,panel_3,panel_3_f4_2,-0.006202619522656628,0.03690869385183936
1783952642,panel_3,panel_3_f4_2,-0.0071381991009883605,0.050285917998258024
1783952642,panel_3,panel_3_f4_2,-0.007223114954523206,0.06152988114161293
1783952642,panel_3,panel_3_f4_2,-0.00795065749382417,0.06408332944046281
1783952642,panel_3,panel_3_f4_2,-0.007994329917563554,0.07533477724760923
1783952642,panel_3,panel_3_f4_2,-0.008633599931323573,0.0785638269665334
1783952642,panel_3,panel_3_f4_2,-0.00913104812866258,0.09271180442429076
1783952642,panel_3,panel_3_f4_2,-0.009736993970537879,0.09651552414596408
1783952642,panel_3,panel_3_f4_2,-0.009708651863733108,0.10782013808549969
1783952642,panel_3,panel_3_f4_2,-0.010185709388481994,0.12345111695025332
1783952642,panel_3,panel_3_f4_2,-0.010580847179629711,0.12699152661243565
1783952645,panel_3,panel_3_f4_2,-0.01207384772621912,0.11980114333218284
1783952645,panel_3,panel_3_f4_2,-0.013240978680784197,0.12471093757707587
1783952645,panel_3,panel_3_f4_2,-0.013164062472292824,0.13518577051853964
1783952645,panel_3,panel_3_f4_2,-0.013164062472292825,0.13518577051853964
1783952646,panel_3,panel_3_f4_2,-0.014429217127524631,0.1230154479023508
1783952646,panel_3,panel_3_f4_2,-0.017358226027753984,0.10288029332591604
1783952646,panel_3,panel_3_f4_2,-0.01733657934671787,0.09689324333247357
1783952646,panel_3,panel_3_f4_2,-0.018937229700502822,0.08897911651536522
1783952646,panel_3,panel_3_f4_2,-0.020478236973824893,0.08125378382345055
1783952646,panel_3,panel_3_f4_2,-0.020478236973824896,0.08125378382345051
1783952646,panel_3,panel_3_f4_2,-0.020494290749712284,0.07520250658130075
1783952646,panel_3,panel_3_f4_2,-0.021086735143135037,0.07286319775974526
1783952646,panel_3,panel_3_f4_2,-0.02162002700700532,0.06485744492380292
1783952646,panel_3,panel_3_f4_2,-0.022017657556777172,0.057390344101452266
1783952646,panel_3,panel_3_f4_2,-0.022452639650319482,0.04983251290778621
1783952646,panel_3,panel_3_f4_2,-0.022832158482126812,0.048546209346830224
1783952646,panel_3,panel_3_f4_2,-0.02320057926291206,0.04126268099243179
1783952646,panel_3,panel_3_f4_2,-0.023261508488136906,0.03502091900508983
1783952647,panel_3,panel_3_f4_2,-0.023261508488136906,0.03502091900508983
1783952647,panel_3,panel_3_f4_2,-0.023595495901614746,0.022299562185635193
1783952647,panel_3,panel_3_f4_2,-0.02404900656959875,0.01520834799685341
1783952647,panel_3,panel_3_f4_2,-0.024237663680717066,0.00910935619007162
1783952647,panel_3,panel_3_f4_2,-0.024644498946086973,0.0028371805991593405
1783952647,panel_3,panel_3_f4_2,-0.02464449894608698,0.002837180599159342
1783952647,panel_3,panel_3_f4_2,-0.024856561888155975,0.0034218731533863615
1783952647,panel_3,panel_3_f4_2,-0.024856561888155975,0.0034218731533863615
1783952647,panel_3,panel_3_f4_2,-0.024828441183067974,-0.0009643711951979572
1783952647,panel_3,panel_3_f4_2,-0.024793599857834026,-0.002615768560841405
1783952647,panel_3,panel_3_f4_2,-0.024927743333679496,0.0015630970480325767
1783952647,panel_3,panel_3_f4_2,-0.02505951810146735,0.006530134621408152
1783952647,panel_3,panel_3_f4_2,-0.024757670477440347,0.008657894269501915
1783952647,panel_3,panel_3_f4_2,-0.024408142994147668,0.011505869987788074
1783952647,panel_3,panel_3_f4_2,-0.023950604205381337,0.013757675912246891
1783952647,panel_3,panel_3_f4_2,-0.023463416381213218,0.017980338675833273
1783952647,panel_3,panel_3_f4_2,-0.022896596925473998,0.022843524108380954
1783952647,panel_3,panel_3_f4_2,-0.02227028308473525,0.02806847905055286
1783952647,panel_3,panel_3_f4_2,-0.021578004170976627,0.03360419455679633
1783952647,panel_3,panel_3_f4_2,-0.02073443078773266,0.031043028315843147
1783952648,panel_3,panel_3_f4_2,-0.019881055477784734,0.028675512360332788
1783952648,panel_3,panel_3_f4_2,-0.019100569128843087,0.03440260729351918
1783952648,panel_3,panel_3_f4_2,-0.0182775837552638,0.03228085032395633
1783952648,panel_3,panel_3_f4_2,-0.018337168111194284,0.03982885302559573
1783952648,panel_3,panel_3_f4_2,-0.01760962557189332,0.03727540472674586
1783952648,panel_3,panel_3_f4_2,-0.017609625571893318,0.03727540472674586
1783952648,panel_3,panel_3_f4_2,-0.0169703555581333,0.034046355007821695
1783952648,panel_3,panel_3_f4_2,-0.016477519172150557,0.031173578497151678
1783952649,panel_4,panel_4_f0_4,0.05766091237960449,0.002719100877994836
1783952649,panel_4,panel_4_f0_4,0.05643081494469833,0.02139826658119657
1783952649,panel_4,panel_4_f0_4,0.05593058582822656,0.02154081891808577
1783952649,panel_4,panel_4_f0_4,0.055485029570612,0.033874483742141664
1783952649,panel_4,panel_4_f0_4,0.05507503082533734,0.04181696012967782
1783952649,panel_4,panel_4_f0_4,0.055380330725530565,0.047000976217763786
1783952649,panel_4,panel_4_f0_4,0.054920344703869306,0.04743987183904329
1783952649,panel_4,panel_4_f0_4,0.055225737568485506,0.04583673717385145
1783952649,panel_4,panel_4_f0_4,0.05565290882549934,0.04607774805219913
1783952649,panel_4,panel_4_f0_4,0.05656164141050907,0.046252357330595045
1783952649,panel_4,panel_4_f0_4,0.05662382694774762,0.03722241374676233
1783952649,panel_4,panel_4_f0_4,0.05741862016975494,0.026378580709783873
1783952649,panel_4,panel_4_f0_4,0.05781098047161267,0.014482708784745897
1783952649,panel_4,panel_4_f0_4,0.05781098047161268,0.014482708784745892
1783952649,panel_4,panel_4_f0_4,0.057343587128693356,0.014420036652345475
1783952649,panel_4,panel_4_f0_4,0.05637037487717482,0.014309826417844413
1783952650,panel_3,panel_3_f4_2,-0.017922755679335774,0.0189688375370761
1783952650,panel_3,panel_3_f4_2,-0.017922755679335774,0.0189688375370761
1783952650,panel_3,panel_3_f4_2,-0.017398240661458307,0.014657003688352401
1783952650,panel_3,panel_3_f4_2,-0.01911287151729483,0.0014371317750992386
1783952650,panel_3,panel_3_f4_2,-0.017619870970705418,0.008627515055352057
1783952650,panel_3,panel_3_f4_2,-0.016376296761043324,0.01448210957718088
1783952650,panel_3,panel_3_f4_2,-0.016376296761043324,0.014482109577180881
1783952650,panel_3,panel_3_f4_2,-0.018330829933730374,0.004109142379831523
1783952650,panel_3,panel_3_f4_2,-0.017015649237616517,0.010319068526732063
1783952650,panel_3,panel_3_f4_2,-0.01405387800606803,0.024478724344542756
1783952651,panel_3,panel_3_f4_2,-0.01405387800606803,0.02447872434454276
1783952651,panel_3,panel_3_f4_2,-0.012951424129402232,0.03872670793557653
1783952651,panel_3,panel_3_f4_2,-0.01184658042403101,0.05381945831739486
1783952651,panel_3,panel_3_f4_2,-0.012543579625775207,0.06820314132835209
1783952651,panel_3,panel_3_f4_2,-0.012874618570561429,0.07665906886956686
1783952651,panel_3,panel_3_f4_2,-0.012570431267779623,0.08771189943825132
1783952651,panel_3,panel_3_f4_2,-0.012057806304148164,0.08963508976869594
1783952651,panel_3,panel_3_f4_2,-0.011863366734889717,0.09988552629693367
1783952651,panel_3,panel_3_f4_2,-0.011449315582368358,0.10133087366493924
1783952652,panel_3,panel_3_f4_2,-0.011144668738935872,0.11109158147716348
1783952652,panel_3,panel_3_f4_2,-0.010824003051676877,0.12018998023332005
1783952652,panel_3,panel_3_f4_2,-0.010824003051676877,0.12018998023332006
1783952652,panel_3,panel_3_f4_2,-0.010824003051676878,0.12018998023332003
1783952652,panel_3,panel_3_f4_2,-0.010824003051676878,0.12018998023332003
1783952652,panel_3,panel_3_f4_2,-0.010433698742033067,0.12585807572457947
1783952652,panel_3,panel_3_f4_2,-0.010433698742033067,0.12585807572457944
1783952652,panel_3,panel_3_f4_2,-0.009850578228000851,0.13095646318269374
1783952652,panel_3,panel_3_f4_2,-0.009850578228000851,0.13095646318269377
1783952652,panel_3,panel_3_f4_2,-0.009450297935555418,0.13104306205442476
1783952652,panel_3,panel_3_f4_2,-0.009300072981635387,0.13093628023581444
1783952652,panel_3,panel_3_f4_2,-0.009300072981635387,0.13093628023581444
1783952652,panel_3,panel_3_f4_2,-0.009186038223946253,0.12846414921254012
1783952652,panel_3,panel_3_f4_2,-0.008866046088168471,0.12339652032248676
1783952652,panel_3,panel_3_f4_2,-0.008557708834893128,0.11754719625893341
1783952652,panel_3,panel_3_f4_2,-0.008259550900517373,0.11073255953005967
1783952652,panel_3,panel_3_f4_2,-0.007962071152160898,0.10345538251561233
1783952652,panel_3,panel_3_f4_2,-0.007727716538126738,0.09728397462998087
1783952652,panel_3,panel_3_f4_2,-0.007570221038976881,0.08946307314890617
1783952652,panel_3,panel_3_f4_2,-0.007325559902171727,0.08141748113823305
1783952653,panel_3,panel_3_f4_2,-0.007201069195747697,0.07303288155041696
1783952653,panel_3,panel_3_f4_2,-0.007019287768088891,0.06493301669842019
1783952653,panel_3,panel_3_f4_2,-0.006969388098822355,0.06525682443095109
1783952653,panel_3,panel_3_f4_2,-0.0069378546744178005,0.06557529826401078
1783952653,panel_3,panel_3_f4_2,-0.006854776817959969,0.05806007633421244
1783952653,panel_3,panel_3_f4_2,-0.006851144451839049,0.058482474969374226
1783952653,panel_3,panel_3_f4_2,-0.006808649278466752,0.05140286219290458
1783952653,panel_3,panel_3_f4_2,-0.006790492234589749,0.05182951813079341
1783952653,panel_3,panel_3_f4_2,-0.00679049223458975,0.0518295181307934
1783952653,panel_3,panel_3_f4_2,-0.00679049223458975,0.051829518130793416
1783952653,panel_3,panel_3_f4_2,-0.0066354111181683014,0.051400298119141284
1783952653,panel_3,panel_3_f4_2,-0.004584228769107787,0.05980131935754355
1783952653,panel_3,panel_3_f4_2,-0.0044163379458148685,0.0582906120057847
1783952653,panel_3,panel_3_f4_2,-0.004267194616471581,0.05601992743687476
1783952653,panel_3,panel_3_f4_2,-0.0020438370301877782,0.06284493137824805
1783952653,panel_3,panel_3_f4_2,-0.0020679166891481404,0.059988449718499176
1783952653,panel_3,panel_3_f4_2,-0.0023081618686802254,0.056010426230737424
1783952653,panel_3,panel_3_f4_2,-0.002681006038677947,0.05185394567659705
1783952653,panel_3,panel_3_f4_2,-0.0007264728659909017,0.0622269128739464
1783952653,panel_3,panel_3_f4_2,-0.001294564325554149,0.05852497896056657
1783952654,panel_3,panel_3_f4_2,-0.002197339979844396,0.05360030426111799
1783952654,panel_3,panel_3_f4_2,-0.0032515748822343586,0.04852246852744655
1783952654,panel_3,panel_3_f4_2,-0.004019114867298331,0.03684755886861252
1783952654,panel_3,panel_3_f4_2,-0.004697655424434326,0.0250385616071889
1783952654,panel_3,panel_3_f4_2,-0.005241881007240878,0.005902657038157694
1783952654,panel_3,panel_3_f4_2,-0.004910842062454656,-0.0025532705030570607
1783952654,panel_3,panel_3_f4_2,-0.004622584971813711,-0.011266792250186017
1783952654,panel_3,panel_3_f4_2,-0.00462258497181371,-0.011266792250186022
1783952654,panel_3,panel_3_f4_2,-0.006425179437965616,-0.027953235792588935
1783952654,panel_3,panel_3_f4_2,-0.008492389379093919,-0.03637021659564741
1783952654,panel_3,panel_3_f4_2,-0.010522156877630324,-0.053646441860292333
1783952654,panel_3,panel_3_f4_2,-0.010502534920262985,-0.0616199529332592
1783952654,panel_3,panel_3_f4_2,-0.010502534920262985,-0.0616199529332592
1783952654,panel_3,panel_3_f4_2,-0.012596873615448161,-0.07151281760655585
1783952654,panel_3,panel_3_f4_2,-0.014249366724271677,-0.07954626471638827
1783952654,panel_3,panel_3_f4_2,-0.016389796259868295,-0.0945217142592416
1783952654,panel_3,panel_3_f4_2,-0.017931660767025598,-0.10258794277913559
1783952654,panel_3,panel_3_f4_2,-0.020135669553133728,-0.11729547728412162
1783952655,panel_3,panel_3_f4_2,-0.020135669553133728,-0.11729547728412161
1783952656,panel_3,panel_3_f4_2,-0.018065654873334898,-0.10632775632612063
1783952656,panel_3,panel_3_f4_2,-0.015915433465346837,-0.09470745196685275
1783952656,panel_3,panel_3_f4_2,-0.015915433465346837,-0.09470745196685275
1783952656,panel_3,panel_3_f4_2,-0.013600581173046428,-0.0837592189500367
1783952656,panel_3,panel_3_f4_2,-0.011488651163710291,-0.07225279615284794
1783952656,panel_3,panel_3_f4_2,-0.01166521364919778,-0.07137050966267018
1783952656,panel_3,panel_3_f4_2,-0.01181548207122346,-0.07063385357780672
1783952656,panel_3,panel_3_f4_2,-0.009843308072845575,-0.06105190758850429
1783952656,panel_3,panel_3_f4_2,-0.009946186629793616,-0.06087280609870392
1783952656,panel_3,panel_3_f4_2,-0.009946186629793618,-0.060872806098703915
1783952656,panel_3,panel_3_f4_2,-0.008612465954136452,-0.055411237398570484
1783952656,panel_3,panel_3_f4_2,-0.008612465954136452,-0.055411237398570484
1783952656,panel_3,panel_3_f4_2,-0.007193122224899209,-0.04996606710419202
1783952656,panel_3,panel_3_f4_2,-0.007151472975953612,-0.05065817029537793
1783952656,panel_3,panel_3_f4_2,-0.007183006400358164,-0.05097664412843764
1783952656,panel_3,panel_3_f4_2,-0.007204902897483715,-0.05132923127200169
1783952656,panel_3,panel_3_f4_2,-0.007208535263604634,-0.051751629907163484
1783952656,panel_3,panel_3_f4_2,-0.007191446081046448,-0.05222001983233323
1783952656,panel_3,panel_3_f4_2,-0.006702841519925284,-0.04839266716035212
1783952656,panel_3,panel_3_f4_2,-0.006317954865672531,-0.04454480179945371
1783952657,panel_3,panel_3_f4_2,-0.006005823751443957,-0.040988068021158404
1783952657,panel_3,panel_3_f4_2,-0.0059432480346012055,-0.037455712895737306
1783952657,panel_3,panel_3_f4_2,-0.005629338749650194,-0.032473191605739415
1783952657,panel_3,panel_3_f4_2,-0.005797229572943113,-0.030962484253980564
1783952657,panel_3,panel_3_f4_2,-0.0059463729022864,-0.028691799685070615
1783952657,panel_3,panel_3_f4_2,-0.00586716050093951,-0.024103338673690113
1783952657,panel_3,panel_3_f4_2,-0.005611717261572049,-0.020004504895689258
1783952657,panel_3,panel_3_f4_2,-0.005371472082039964,-0.016026481407927503
1783952657,panel_3,panel_3_f4_2,-0.0054979457638563625,-0.013013559548673987
1783952657,panel_3,panel_3_f4_2,-0.006028104442383691,-0.014444172290394268
1783952657,panel_3,panel_3_f4_2,-0.005460012982820443,-0.010742238377014435
1783952657,panel_3,panel_3_f4_2,-0.005083060561867833,-0.0077017873778252284
1783952657,panel_3,panel_3_f4_2,-0.004432162793048958,-0.004230764150878871
1783952658,panel_3,panel_3_f4_2,-0.0034870853280845643,-0.00025613500898209713
1783952658,panel_3,panel_3_f4_2,-0.0023723812029977213,0.004185444562537878
1783952658,panel_3,panel_3_f4_2,-0.0011311564184469701,0.008937666120611849
1783952658,panel_3,panel_3_f4_2,-0.0011311564184469708,0.008937666120611847
1783952658,panel_3,panel_3_f4_2,-0.0011311564184469701,0.00893766612061185
1783952658,panel_3,panel_3_f4_2,-0.0011311564184469708,0.008937666120611844
1783952658,panel_3,panel_3_f4_2,0.0008516468672192956,0.016739330633081778
1783952658,panel_3,panel_3_f4_2,0.002918856808347598,0.025156311436140256
1783952658,panel_3,panel_3_f4_2,0.005023496295258851,0.033958132449516926
1783952658,panel_3,panel_3_f4_2,0.005023496295258851,0.033958132449516926
1783952658,panel_3,panel_3_f4_2,0.00502349629525885,0.033958132449516926
1783952658,panel_3,panel_3_f4_2,0.007117834990444027,0.04385099712281357
1783952658,panel_3,panel_3_f4_2,0.008770328099267543,0.051884444232646
1783952658,panel_3,panel_3_f4_2,0.010782751460695308,0.06199226094424381
1783952658,panel_3,panel_3_f4_2,0.012328977774071348,0.07029443744378593
1783952658,panel_3,panel_3_f4_2,0.014195034747342914,0.08052173144741076
1783952658,panel_3,panel_3_f4_2,0.014209341300338433,0.08076044554511652
1783952658,panel_3,panel_3_f4_2,0.011961902688088898,0.06935725755610211
1783952658,panel_3,panel_3_f4_2,0.009669343369626344,0.05807487995828684
1783952658,panel_3,panel_3_f4_2,0.009677817592046207,0.058296551039324615
1783952659,panel_3,panel_3_f4_2,0.007362965299745798,0.047348318022508565
1783952659,panel_3,panel_3_f4_2,0.005069058704792057,0.03693078419566073
1783952659,panel_3,panel_3_f4_2,0.00507007547836964,0.03707895670315575
1783952659,panel_3,panel_3_f4_2,0.005064324966431681,0.037253367696345234
1783952659,panel_3,panel_3_f4_2,0.002797975655804568,0.028348285459608772
1783952659,panel_3,panel_3_f4_2,0.002797975655804568,0.028348285459608772
1783952659,panel_3,panel_3_f4_2,0.0019316627099373346,0.02827832272857995
1783952659,panel_3,panel_3_f4_2,-0.00039317910079140567,0.022490887539985988
1783952659,panel_3,panel_3_f4_2,-0.0013382607425416364,0.02221429244595777
1783952659,panel_3,panel_3_f4_2,-0.0028314243506551177,0.0164635113602024
1783952659,panel_3,panel_3_f4_2,-0.003176124680179735,0.016610558369266268
1783952659,panel_3,panel_3_f4_2,-0.0031761246801797344,0.016610558369266268
1783952659,panel_3,panel_3_f4_2,-0.002835646040640687,0.016532756264722562
1783952659,panel_3,panel_3_f4_2,-0.0024643970192789522,0.01648214489905037
1783952659,panel_3,panel_3_f4_2,-0.0024643970192789522,0.01648214489905037
1783952659,panel_3,panel_3_f4_2,-0.0027568227541073507,0.012214764707254603
1783952659,panel_3,panel_3_f4_2,-0.003094791896264651,0.008353684796365791
1783952659,panel_3,panel_3_f4_2,-0.003415909217778189,0.0047671013264875325
1783952659,panel_3,panel_3_f4_2,-0.003599158244062999,0.0015938638885882566
1783952659,panel_3,panel_3_f4_2,-0.0037299204870105363,-0.00355730489854224
1783952660,panel_3,panel_3_f4_2,-0.0035875639989437396,-0.003753925304693044
1783952660,panel_3,panel_3_f4_2,-0.0035875639989437404,-0.003753925304693044
1783952660,panel_3,panel_3_f4_2,-0.004069005593374595,-0.005699032563547063
1783952660,panel_3,panel_3_f4_2,-0.004300369173781693,-0.00694138468179904
1783952660,panel_3,panel_3_f4_2,-0.004928389547168644,-0.0071024815486261305
1783952660,panel_3,panel_3_f4_2,-0.004429071695354525,-0.005958922853739268
1783952660,panel_3,panel_3_f4_2,-0.003898913016827196,-0.004528310112018984
1783952660,panel_3,panel_3_f4_2,-0.0038989130168271967,-0.004528310112018984
1783952660,panel_3,panel_3_f4_2,-0.0037617111442485502,-0.002718978692524235
1783952660,panel_3,panel_3_f4_2,-0.0035300581880158945,-0.0011606459268525967
1783952660,panel_3,panel_3_f4_2,-0.0032093991907971593,0.00020577781615925924
1783952660,panel_3,panel_3_f4_2,-0.0032093991907971597,0.00020577781615925924
1783952660,panel_3,panel_3_f4_2,-0.0032093991907971593,0.00020577781615925924
1783952660,panel_3,panel_3_f4_2,-0.0032093991907971597,0.00020577781615925924
1783952660,panel_3,panel_3_f4_2,-0.0032093991907971593,0.00020577781615925924
1783952660,panel_3,panel_3_f4_2,-0.0032093991907971597,0.00020577781615925924
1783952660,panel_3,panel_3_f4_2,-0.0032093991907971593,0.00020577781615925924
1783952660,panel_3,panel_3_f4_2,-0.0032093991907971597,0.00020577781615925924
1783952660,panel_3,panel_3_f4_2,-0.0028729942226255033,0.00012612797390271498
1783952660,panel_3,panel_3_f4_2,-0.0023534674592980784,4.930418292008072e-05
1783952661,panel_3,panel_3_f4_2,-0.0018052410226014537,-1.4031024429751452e-05
1783952661,panel_3,panel_3_f4_2,-0.0018052410226014537,-1.4031024429751443e-05
1783952661,panel_3,panel_3_f4_2,-0.0013081691841401993,-5.633443685813832e-05
1783952661,panel_3,panel_3_f4_2,-0.0009749147582505727,-8.591586938521827e-05
1783952661,panel_3,panel_3_f4_2,-0.0006406093111890348,-0.0003598116708892231
1783952661,panel_3,panel_3_f4_2,-0.0006504646325076611,-0.0005992190231632089
1783952661,panel_3,panel_3_f4_2,-0.0006647711855031844,-0.0008379331208689814
1783952661,panel_3,panel_3_f4_2,-0.0005332790926859358,-0.0011225156895644474
1783952661,panel_3,panel_3_f4_2,-0.00045733378494666716,-0.001407662322034524
1783952661,panel_3,panel_3_f4_2,-0.00041744159667977704,-0.0016865707122204038
1783952661,panel_3,panel_3_f4_2,-0.00041744159667977704,-0.0016865707122204038
1783952661,panel_3,panel_3_f4_2,-0.00042131367099448565,-0.0018866964013819177
1783952661,panel_3,panel_3_f4_2,-0.0004415895390602542,-0.002100632778779618
1783952661,panel_3,panel_3_f4_2,-0.0004595102003017935,-0.0023415672738457986
1783952661,panel_3,panel_3_f4_2,-0.0003242880748554085,-0.002545109452157518
1783952661,panel_3,panel_3_f4_2,-0.0003242880748554086,-0.0025451094521575183
1783952661,panel_3,panel_3_f4_2,0.0005375764983770004,-0.0026299732155192724
1783952661,panel_3,panel_3_f4_2,0.001428969676874553,-0.0024581884124755937
1783952661,panel_3,panel_3_f4_2,0.0023804789137786024,-0.0030864058558730144
1783952662,panel_3,panel_3_f4_2,0.0023934418444903228,-0.004753987210894197
1783952662,panel_3,panel_3_f4_2,0.0026597755570060516,-0.006374873839538447
1783952662,panel_3,panel_3_f4_2,0.002682748604618783,-0.009818061399531302
1783952662,panel_3,panel_3_f4_2,0.0023676481370490166,-0.014457542860185373
1783952662,panel_3,panel_3_f4_2,0.0020273107603889593,-0.019982583714188814
1783952662,panel_3,panel_3_f4_2,0.002053923244828797,-0.025199004775512894
1783952662,panel_3,panel_3_f4_2,0.001882339720524074,-0.03238283996475083
1783952662,panel_3,panel_3_f4_2,0.0018810371883472641,-0.0398147845006439
1783952662,panel_3,panel_3_f4_2,0.0018900233956322301,-0.03978493480906096
1783952662,panel_3,panel_3_f4_2,0.001981766886028516,-0.047378514763264636
1783952662,panel_3,panel_3_f4_2,0.0020169372378401095,-0.05488399005091413
1783952662,panel_3,panel_3_f4_2,0.002164335385672566,-0.06227738133229708
1783952662,panel_3,panel_3_f4_2,0.002550723711304487,-0.06962987365311683
1783952662,panel_3,panel_3_f4_2,0.0033066482378967667,-0.07638730797207692
1783952662,panel_3,panel_3_f4_2,0.0042194060449070895,-0.08818200981066164
1783952662,panel_3,panel_3_f4_2,0.0053779998226595885,-0.09400641651814155
1783952662,panel_3,panel_3_f4_2,0.005907492251852053,-0.09941909563034161
1783952662,panel_3,panel_3_f4_2,0.005907492251852053,-0.09941909563034158
1783952663,panel_3,panel_3_f4_2,0.0018151603351688284,-0.08792758434924884
1783952664,panel_4,panel_4_f0_4,0.04357813763636427,0.04530110659091823
1783952664,panel_4,panel_4_f0_4,0.03447490822016077,0.07429555350281525
1783952664,panel_4,panel_4_f0_4,0.03241282460776634,0.07404867673408021
1783952664,panel_4,panel_4_f0_4,0.02100670056126356,0.09864280437191902
1783952664,panel_4,panel_4_f0_4,0.01780931334268775,0.09823567260661883
1783952664,panel_4,panel_4_f0_4,0.006897577766477839,0.11858680031463083
1783952664,panel_4,panel_4_f0_4,0.0068975777664778345,0.11858680031463081
1783952664,panel_4,panel_4_f0_4,0.0037271661543761938,0.11814664019549155
1783952664,panel_4,panel_4_f0_4,-0.005554579091116608,0.1322733772314583
1783952664,panel_4,panel_4_f0_4,-0.010959421814039598,0.14613292203139058
1783952664,panel_4,panel_4_f0_4,-0.017578277572700723,0.15684765840663195
1783952664,panel_4,panel_4_f0_4,-0.020008249730493553,0.15645991232492393
1783952664,panel_4,panel_4_f0_4,-0.025278483015898554,0.1674122788383503
1783952664,panel_4,panel_4_f0_4,-0.03046277601618248,0.18105821660307722
1783952664,panel_4,panel_4_f0_4,-0.03454514342747678,0.19169973822966527
1783952664,panel_4,panel_4_f0_4,-0.036055740142883826,0.1914065702208936
1783952664,panel_4,panel_4_f0_4,-0.036055740142883826,0.1914065702208936
1783952665,panel_4,panel_4_f0_4,-0.037720534703980214,0.20278211008526154
1783952665,panel_4,panel_4_f0_4,-0.04047634023677651,0.22357225563681088
1783952665,panel_4,panel_4_f0_4,-0.038138030385426125,0.2327457930836402
1783952665,panel_4,panel_4_f0_4,-0.03530929842361164,0.2411339875300822
1783952665,panel_4,panel_4_f0_4,-0.036084636174258625,0.2486632172811266
1783952665,panel_4,panel_4_f0_4,-0.035660745108353674,0.25539339676534917
1783952665,panel_4,panel_4_f0_4,-0.03644072894758139,0.2556614540046411
1783952665,panel_4,panel_4_f0_4,-0.03924901345863691,0.26368975758450874
1783952665,panel_4,panel_4_f0_4,-0.03924901345863691,0.2636897575845087
1783952665,panel_4,panel_4_f0_4,-0.03973620097837642,0.26730401029606793
1783952665,panel_4,panel_4_f0_4,-0.040114945800606296,0.26988524959076665
1783952665,panel_4,panel_4_f0_4,-0.04678101952570987,0.2726307528942826
1783952665,panel_4,panel_4_f0_4,-0.054101533340456705,0.27457965771220627
1783952665,panel_4,panel_4_f0_4,-0.062345849434987194,0.27652585406973645
1783952665,panel_4,panel_4_f0_4,-0.07134028953093624,0.27930987008631086
1783952665,panel_4,panel_4_f0_4,-0.07213447741937401,0.28128833761307703
1783952665,panel_4,panel_4_f0_4,-0.07256623032091218,0.28211411041605056
1783952665,panel_4,panel_4_f0_4,-0.0729030624317259,0.28262001776068285
1783952665,panel_4,panel_4_f0_4,-0.07213149595042254,0.2646833672714728
1783952665,panel_4,panel_4_f0_4,-0.0725024338398341,0.2649136752049995
1783952665,panel_4,panel_4_f0_4,-0.07205687758221954,0.2525800103809435
1783952666,panel_4,panel_4_f0_4,-0.07239854332172782,0.24456864032010617
1783952666,panel_4,panel_4_f0_4,-0.07270384322192103,0.23938462423202023
1783952666,panel_4,panel_4_f0_4,-0.07322051357594335,0.23870094805317635
1783952666,panel_4,panel_4_f0_4,-0.07405202811611257,0.24002360960494493
1783952666,panel_4,panel_4_f0_4,-0.0740520281161126,0.24002360960494495
1783952666,panel_4,panel_4_f0_4,-0.07433897393993197,0.23949047307873944
1783952666,panel_4,panel_4_f0_4,-0.07468397460114012,0.24813883591766356
1783952666,panel_4,panel_4_f0_4,-0.07437237675441706,0.2590915411939245
1783952666,panel_4,panel_4_f0_4,-0.07425247268022472,0.2707776823838071
1783952666,panel_4,panel_4_f0_4,-0.07471126811373682,0.27063422027622264
1783952666,panel_4,panel_4_f0_4,-0.07471126811373682,0.27063422027622264
1783952666,panel_4,panel_4_f0_4,-0.07624589168107648,0.270376697895103
1783952666,panel_4,panel_4_f0_4,-0.07186777082421818,0.23777372397177454
1783952666,panel_4,panel_4_f0_4,-0.06596503745380242,0.20778106569604826
1783952666,panel_4,panel_4_f0_4,-0.06596503745380242,0.20778106569604826
1783952666,panel_4,panel_4_f0_4,-0.05751943439676013,0.18282153469145374
1783952666,panel_4,panel_4_f0_4,-0.06216906781241725,0.18142273267743408
1783952666,panel_4,panel_4_f0_4,-0.05895311900360141,0.15924516662611038
1783952666,panel_4,panel_4_f0_4,-0.06310177775156423,0.15775677965141072
1783952666,panel_4,panel_4_f0_4,-0.06763849661528157,0.1555618135195046
1783952667,panel_4,panel_4_f0_4,-0.06549521586649201,0.1386620078303862
1783952668,panel_4,panel_4_f0_4,-0.05388765506392221,0.12319149219026704
1783952668,panel_4,panel_4_f0_4,-0.049966175771354926,0.11206611510452509
1783952668,panel_4,panel_4_f0_4,-0.049966175771354926,0.1120661151045251
1783952668,panel_4,panel_4_f0_4,-0.0469423263625504,0.10074469838583663
1783952668,panel_4,panel_4_f0_4,-0.043748720629273735,0.08675727808242971
1783952668,panel_4,panel_4_f0_4,-0.034416214811066895,0.07630941435477033
1783952668,panel_4,panel_4_f0_4,-0.034416214811066895,0.07630941435477032
1783952668,panel_4,panel_4_f0_4,-0.027549682524309938,0.07709910254053107
1783952669,panel_4,panel_4_f0_4,-0.01976319686583746,0.06625725025190819
1783952669,panel_4,panel_4_f0_4,-0.008707221494870932,0.04582771424360517
1783952669,panel_4,panel_4_f0_4,-0.007577913348113734,0.036445123296276166
1783952669,panel_4,panel_4_f0_4,-0.006669338712953833,0.028114005999314795
1783952669,panel_4,panel_4_f0_4,0.0011531178141941257,0.019516537072711834
1783952669,panel_4,panel_4_f0_4,0.007088358706210492,0.012143287315464156
1783952669,panel_4,panel_4_f0_4,0.00904517096990425,0.011797141655003984
1783952669,panel_4,panel_4_f0_4,0.00989346442679163,0.004000512950531598
1783952669,panel_4,panel_4_f0_4,0.009415593201912282,0.004242812384877145
1783952669,panel_4,panel_4_f0_4,0.00990278072165178,0.000628559673317968
1783952669,panel_4,panel_4_f0_4,0.01028152554388166,-0.00195267962138081
1783952669,panel_4,panel_4_f0_4,0.01009306619504096,-0.004012854893928555
1783952669,panel_4,panel_4_f0_4,0.0102533797490288,-0.005251554932543027
1783952669,panel_4,panel_4_f0_4,0.010708337973946054,-0.007058215267415307
1783952669,panel_4,panel_4_f0_4,0.01340394479022594,-0.008619447381215074
1783952669,panel_4,panel_4_f0_4,0.015917220223122912,-0.010019706141099743
1783952669,panel_4,panel_4_f0_4,0.01843683649515015,-0.010267134009200887
1783952669,panel_4,panel_4_f0_4,0.01877366860596386,-0.010773041353833147
1783952669,panel_4,panel_4_f0_4,0.019090030877667724,-0.011077613812880034
1783952670,panel_4,panel_4_f0_4,0.022948533837120408,-0.010280195220125228
1783952670,panel_4,panel_4_f0_4,0.02436385494288732,-0.009826301831491593
1783952670,panel_4,panel_4_f0_4,0.02552593805752824,-0.009435875229723415
1783952670,panel_4,panel_4_f0_4,0.02552593805752824,-0.009435875229723415
1783952670,panel_4,panel_4_f0_4,0.025942461455637486,-0.009204730859535923
1783952670,panel_4,panel_4_f0_4,0.025136460366950764,-0.008728935471703076
1783952670,panel_4,panel_4_f0_4,0.025136460366950768,-0.008728935471703073
1783952670,panel_4,panel_4_f0_4,0.02042415908360434,-0.008626820154098309
1783952670,panel_4,panel_4_f0_4,0.020706974207573947,-0.008245239409189664
1783952670,panel_4,panel_4_f0_4,0.020706974207573944,-0.008245239409189666
1783952670,panel_4,panel_4_f0_4,0.021194548776030574,-0.00794098019407348
1783952670,panel_4,panel_4_f0_4,0.021653344209542676,-0.00779751808648899
1783952670,panel_4,panel_4_f0_4,0.021653344209542676,-0.00779751808648899
1783952670,panel_4,panel_4_f0_4,0.023187967776882333,-0.007539995705369347
1783952670,panel_4,panel_4_f0_4,0.028283411763843285,-0.006306892159582244
1783952670,panel_4,panel_4_f0_4,0.0350969315566706,-0.0051225736078055265
1783952670,panel_4,panel_4_f0_4,0.0350969315566706,-0.0051225736078055265
1783952670,panel_4,panel_4_f0_4,0.03872817104263004,-0.004996300953626388
1783952670,panel_4,panel_4_f0_4,0.04337780445828716,-0.0035974989396067077
1783952670,panel_4,panel_4_f0_4,0.0509490359650599,-0.002157732414919746
1783952671,panel_4,panel_4_f0_4,0.06251064892790141,0.001507931306892937
1783952671,panel_4,panel_4_f0_4,0.06928317635461123,0.003753801719243442
1783952671,panel_4,panel_4_f0_4,0.06579074427633094,0.005231062298716035
1783952671,panel_4,panel_4_f0_4,0.06856270018494084,0.005075937959539122
1783952671,panel_4,panel_4_f0_4,0.07093534837531826,0.004929595342965666
1783952671,panel_4,panel_4_f0_4,0.0741358685125098,0.004728511160184527
1783952671,panel_4,panel_4_f0_4,0.07686617711701012,0.004562992132373023
1783952671,panel_4,panel_4_f0_4,0.06981194919100234,0.004048272920832137
1783952671,panel_4,panel_4_f0_4,0.06981194919100234,0.004048272920832137
1783952671,panel_4,panel_4_f0_4,0.06294541690424539,0.003258584735071392
1783952671,panel_4,panel_4_f0_4,0.056823725806869285,0.002724897159326335
1783952671,panel_4,panel_4_f0_4,0.05358621096101968,0.002252803037599051
1783952671,panel_4,panel_4_f0_4,0.05866675883332501,0.002152098199725844
1783952671,panel_4,panel_4_f0_4,0.05866675883332502,0.0021520981997258434
1783952671,panel_4,panel_4_f0_4,0.05161964005682404,0.00322033737528438
1783952671,panel_4,panel_4_f0_4,0.05159331020323897,0.0041188212918840785
1783952671,panel_4,panel_4_f0_4,0.055112979168199926,0.004471194438972334
1783952671,panel_4,panel_4_f0_4,0.055112979168199926,0.004471194438972333
1783952671,panel_4,panel_4_f0_4,0.061229506442742165,0.004150076454961572
1783952671,panel_4,panel_4_f0_4,0.06573816447177148,0.004096631178246741
1783952672,panel_4,panel_4_f0_4,0.0771402331528928,0.004023316615175637
1783952672,panel_4,panel_4_f0_4,0.07779040905047176,0.003451659439824854
1783952672,panel_4,panel_4_f0_4,0.08274787583044327,0.0028784832588800873
1783952672,panel_4,panel_4_f0_4,0.08879216779367109,0.002914708640713018
1783952672,panel_4,panel_4_f0_4,0.08689684113050732,0.001850075341655518
1783952672,panel_4,panel_4_f0_4,0.09153169449867588,0.0013495081992475053
1783952672,panel_4,panel_4_f0_4,0.0959857514873344,0.0008728413241324224
1783952672,panel_4,panel_4_f0_4,0.09598575148733442,0.0008728413241324224
1783952672,panel_4,panel_4_f0_4,0.10284102100666485,0.0010136315015726485
1783952672,panel_4,panel_4_f0_4,0.1049777666138794,0.0001159612369797317
1783952672,panel_4,panel_4_f0_4,0.11071636322239624,-0.00016139594120510707
1783952672,panel_4,panel_4_f0_4,0.115693328506855,-0.0003196773506193103
1783952672,panel_4,panel_4_f0_4,0.12322092823046761,-0.00010733279821112641
1783952672,panel_4,panel_4_f0_4,0.13037588994634686,-0.0001037389131479953
1783952672,panel_4,panel_4_f0_4,0.1388222255527652,8.446671852770031e-05
1783952672,panel_4,panel_4_f0_4,0.14589407371863333,0.0003024665440187291
1783952672,panel_4,panel_4_f0_4,0.15089332082579915,0.0007334877526194158
1783952672,panel_4,panel_4_f0_4,0.15658544759566495,0.0008960343070765809
1783952672,panel_4,panel_4_f0_4,0.16415907874107558,0.001124931684890517
1783952672,panel_4,panel_4_f0_4,0.17216070217660773,0.0013788265865343355
1783952673,panel_4,panel_4_f0_4,0.17904251202378116,0.0016130426070510451
1783952673,panel_4,panel_4_f0_4,0.19543353356298523,0.0021990583772991345
1783952673,panel_4,panel_4_f0_4,0.20505420483089776,0.0025581876117477063
1783952673,panel_4,panel_4_f0_4,0.20505420483089778,0.0025581876117477063
1783952673,panel_4,panel_4_f0_4,0.2119420689462378,0.002790565616487542
1783952673,panel_4,panel_4_f0_4,0.2119420689462378,0.002790565616487542
1783952673,panel_4,panel_4_f0_4,0.21719777573295448,0.003036582810056348
1783952673,panel_4,panel_4_f0_4,0.22870379738934857,0.003534538193333079
1783952673,panel_4,panel_4_f0_4,0.23742602270931423,0.004029764112523429
1783952673,panel_4,panel_4_f0_4,0.24661282953486258,0.00460438734139127
1783952673,panel_4,panel_4_f0_4,0.25699904191589057,0.005114096499874243
1783952673,panel_4,panel_4_f0_4,0.2681721712724475,0.005755535385570412
1783952673,panel_4,panel_4_f0_4,0.27998659615166366,0.005657689652426391
1783952673,panel_4,panel_4_f0_4,0.27721464024305376,0.005812813991603306
1783952673,panel_4,panel_4_f0_4,0.27484199205267634,0.005959156608176761
1783952673,panel_4,panel_4_f0_4,0.2716414719154848,0.006160240790957899
1783952673,panel_4,panel_4_f0_4,0.28237102875915804,0.004723900060293479
1783952673,panel_4,panel_4_f0_4,0.28237102875915804,0.004723900060293479
1783952673,panel_4,panel_4_f0_4,0.29482534058119486,0.00367389911174954
1783952674,panel_4,panel_4_f0_4,0.3043857837185583,0.00294101133896745
1783952674,panel_4,panel_4_f0_4,0.3160611924813208,0.0020850164582096593
1783952674,panel_4,panel_4_f0_4,0.32232251673312523,0.0014064193666464364
1783952674,panel_4,panel_4_f0_4,0.3283725135875493,0.0008791455872229351
1783952674,panel_4,panel_4_f0_4,0.3283725135875493,0.0008791455872229351
1783952674,panel_4,panel_4_f0_4,0.33757729982381285,0.0014510254810053956
1783952674,panel_4,panel_4_f0_4,0.34118973291420884,0.002531774929399463
1783952674,panel_4,panel_4_f0_4,0.34466678305236753,0.0035267734113209083
1783952674,panel_4,panel_4_f0_4,0.3446667830523675,0.003526773411320909
1783952674,panel_4,panel_4_f0_4,0.3390281270027045,0.003605591960986124
1783952674,panel_4,panel_4_f0_4,0.3345194689736752,0.0036590372377009544
1783952674,panel_4,panel_4_f0_4,0.333837895888567,0.004273886053746003
1783952674,panel_4,panel_4_f0_4,0.345342882822887,0.004971997142888457
1783952674,panel_4,panel_4_f0_4,0.3405905109924525,0.004956879317795094
1783952674,panel_4,panel_4_f0_4,0.34710815812466495,0.005715241562797315
1783952674,panel_4,panel_4_f0_4,0.34710815812466483,0.005715241562797315
1783952674,panel_4,panel_4_f0_4,0.3542410451896176,0.006422286311015883
1783952674,panel_4,panel_4_f0_4,0.36154271071148153,0.007046668434435969
1783952674,panel_4,panel_4_f0_4,0.3756490372175779,0.007605727396312427
1783952674,panel_4,panel_4_f0_4,0.3802462379795408,0.007900080578747476
1783952674,panel_4,panel_4_f0_4,0.37462192730228516,0.007770024317058886
1783952675,panel_4,panel_4_f0_3,-0.06093420733648451,-0.07101630777437616
1783952675,panel_4,panel_4_f0_3,-0.020903818231765587,-0.07244285491590935
1783952675,panel_4,panel_4_f0_3,0.021298832523862787,-0.07427172000655491
1783952675,panel_4,panel_4_f0_3,0.03784327794916603,-0.0780520064719815
1783952675,panel_4,panel_4_f0_3,0.09403588775787884,-0.08718887247834906
1783952675,panel_4,panel_4_f0_3,0.13516266241354077,-0.09278224723908482
1783952675,panel_4,panel_4_f0_3,0.15066154746794422,-0.09953660742032897
1783952675,panel_4,panel_4_f0_3,0.18169899412005472,-0.10383543135619451
1783952675,panel_4,panel_4_f0_3,0.18169899412005466,-0.10383543135619451
1783952675,panel_4,panel_4_f0_3,0.19407706757584733,-0.10207314741500795
1783952675,panel_4,panel_4_f0_3,0.19796974028140896,-0.10439357059182364
1783952675,panel_4,panel_4_f0_3,0.20015063387942422,-0.10512473634870709
1783952675,panel_4,panel_4_f0_3,0.2004714433928752,-0.10375218387265736
1783952675,panel_4,panel_4_f0_3,0.21354117466999573,-0.10184016829555415
1783952675,panel_4,panel_4_f0_3,0.2122093417377694,-0.09899596298471212
1783952675,panel_4,panel_4_f0_3,0.21119038218859296,-0.09566591368183612
1783952675,panel_4,panel_4_f0_3,0.2220578411977091,-0.09300820505906994
1783952675,panel_4,panel_4_f0_3,0.23339819103058818,-0.0905489568813319
1783952675,panel_4,panel_4_f0_3,0.24523950625550334,-0.08838110660516632
1783952675,panel_4,panel_4_f0_3,0.2606175699933781,-0.08595016002602547
1783952676,panel_4,panel_4_f0_3,0.27635814780684465,-0.08367017005727134
1783952676,panel_4,panel_4_f0_3,0.27014359161168017,-0.08318614514786907
1783952676,panel_4,panel_4_f0_3,0.26624678300732446,-0.08292366347757074
1783952676,panel_4,panel_4_f0_3,0.27921479203884186,-0.08015334416505757
1783952676,panel_4,panel_4_f0_3,0.2964597493405112,-0.07768206235485418
1783952676,panel_4,panel_4_f0_3,0.2964597493405112,-0.07768206235485418
1783952676,panel_4,panel_4_f0_3,0.3142307469928618,-0.075326964580083
1783952676,panel_4,panel_4_f0_3,0.3130811187041836,-0.07530184579287014
1783952676,panel_4,panel_4_f0_3,0.3308305524638549,-0.07299556339485726
1783952676,panel_4,panel_4_f0_3,0.33083055246385484,-0.07299556339485726
1783952676,panel_4,panel_4_f0_3,0.34984664662469506,-0.07071942374644165
1783952676,panel_4,panel_4_f0_3,0.36947064872095753,-0.06837096529697304
1783952676,panel_4,panel_4_f0_3,0.38939705847430744,-0.06595488055788568
1783952676,panel_4,panel_4_f0_3,0.3906939360309574,-0.06594304811509186
1783952676,panel_4,panel_4_f0_3,0.3906939360309575,-0.06594304811509186
1783952676,panel_4,panel_4_f0_3,0.40923278121372497,-0.06227991401198379
1783952676,panel_4,panel_4_f0_3,0.40923278121372497,-0.06227991401198379
1783952676,panel_4,panel_4_f0_3,0.42623341808874016,-0.05890403323535478
1783952676,panel_4,panel_4_f0_3,0.4480177458491439,-0.05381320579747609
1783952676,panel_4,panel_4_f0_3,0.450153384876632,-0.05140049857110487
1783952677,panel_4,panel_4_f0_3,0.46845408416932643,-0.04472224726171374
1783952677,panel_4,panel_4_f0_3,0.4699214308091612,-0.038806268618715965
1783952677,panel_4,panel_4_f0_3,0.49240130449504926,-0.027966916779778122
1783952677,panel_4,panel_4_f0_3,0.5140507103088872,-0.024439376991764
1783952677,panel_4,panel_4_f0_3,0.5365265334600826,-0.009243274553338277
1783952677,panel_4,panel_4_f0_2,0.2573472098173996,-0.25172180599621335
1783952677,panel_4,panel_4_f0_2,0.47197327581166,-0.14462264999384722
1783952677,panel_4,panel_4_f0_2,0.3775786206493169,-0.11569811999508332
1783952677,panel_4,panel_4_f0_2,0.31464885054108815,-0.0964150999959074
1783952677,panel_4,panel_4_f0_2,0.2696990147494962,-0.08264151428221031
1783952677,panel_4,panel_4_f0_2,0.37842080806421596,-0.04430925086697101
1783952677,panel_4,panel_4_f0_2,0.33637405161263023,-0.039386000770643984
1783952677,panel_4,panel_4_f0_2,0.30273664645136167,-0.03544740069358236
1783952677,panel_4,panel_4_f0_2,0.38167034847673736,-0.011974887512228088
1783952677,panel_4,panel_4_f0_2,0.34986448610367127,-0.010976980219544727
1783952677,panel_4,panel_4_f0_2,0.32295183332646155,-0.01013259712573573
1783952677,panel_4,panel_4_f0_2,0.3855861977294594,0.006217421473521413
1783952677,panel_4,panel_4_f0_2,0.35988045121415835,0.0058029267086181354
1783952677,panel_4,panel_4_f0_2,0.41341805475581495,0.01949170866762622
1783952677,panel_4,panel_4_f0_2,0.38909934565252846,0.01834513756952893
1783952678,panel_4,panel_4_f0_2,0.3674827153384961,0.017325963260109115
1783952678,panel_4,panel_4_f0_2,0.3481415197943618,0.016414070456944013
1783952678,panel_4,panel_4_f0_2,0.3805571548313872,0.02603002135850314
1783952678,panel_4,panel_4_f0_2,0.3624353855536995,0.02479049653190643
1783952678,panel_4,panel_4_f0_2,0.34596104984671067,0.023663655780454877
1783952678,panel_4,panel_4_f0_2,0.3309192650707643,0.022634801181303458
1783952678,panel_4,panel_4_f0_2,0.3702356749508031,0.03302805688203237
1783952678,panel_4,panel_4_f0_2,0.3554262479527688,0.03170693460674996
1783952678,panel_4,panel_4_f0_2,0.3913830657375751,0.04094667868061726
1783952678,panel_4,panel_4_f0_2,0.37688739663618137,0.03943013502577855
1783952678,panel_4,panel_4_f0_2,0.41188100387994325,0.048540577674987664
1783952678,panel_4,panel_4_f0_2,0.3976782106427019,0.046866764651711273
1783952678,panel_4,panel_4_f0_2,0.4318001596936754,0.057897922555254604
1783952678,panel_4,panel_4_f0_2,0.41787112228420026,0.056030247634116466
1783952678,panel_4,panel_4_f0_2,0.4048126497128173,0.054279302395549456
1783952678,panel_4,panel_4_f0_2,0.3925455997215181,0.05263447505022893
1783952678,panel_4,panel_4_f0_1,1.5438851800176188,0.7269793375749068
1783952678,panel_4,panel_4_f0_1,1.520520998008339,0.7492496614210452
1783952678,panel_4,panel_4_f0_1,1.3884677156726815,0.7087382826682292
1783952678,panel_4,panel_4_f0_1,1.041350786754497,0.5315537120011651
1783952679,panel_4,panel_4_f0_1,0.8330806294035866,0.42524296960092656
1783952679,panel_4,panel_4_f0_1,0.8702328601364736,0.47486591784364424
1783952679,panel_4,panel_4_f0_1,0.8854410097791927,0.5085046826031168
1783952679,panel_4,panel_4_f0_1,0.7747608835567865,0.44494159727772364
1783952679,panel_4,panel_4_f0_1,0.7823392781315975,0.4745586726261478
1783952679,panel_4,panel_4_f0_1,0.7808668858418728,0.4974465183253824
1783952679,panel_4,panel_4_f0_1,0.7757435480820944,0.5157981522370269
1783952679,panel_4,panel_4_f0_1,0.7558808408826067,0.5190541138718692
1783952679,panel_4,panel_4_f0_1,0.7480526444972716,0.531908061785972
1783952679,panel_4,panel_4_f0_1,0.6946203127474625,0.4939146288012578
1783952679,panel_4,panel_4_f0_1,0.690065180235789,0.5019857466109199
1783952679,panel_4,panel_4_f0_1,0.6469361064710486,0.4706116374477356
1783952679,panel_4,panel_4_f0_1,0.6414957940975947,0.46929212717518654
1783952679,panel_4,panel_4_f0_1,0.6058571388699475,0.44322034233211904
1783952679,panel_4,panel_4_f0_1,0.6195143381872394,0.45360834920907395
1783952679,panel_4,panel_4_f0_1,0.6073615537870783,0.4467374870286827
1783952679,panel_4,panel_4_f0_1,0.5784395750353101,0.42546427336064885
1783952679,panel_4,panel_4_f0_1,0.5521468670791572,0.4061249882078908
1783952679,panel_4,panel_4_f1_1,-0.04474126694235455,-0.35864207501481654
1783952680,panel_4,panel_4_f1_1,-0.017725030080900143,-0.1293690914052965
1783952680,panel_4,panel_4_f1_1,-0.02982122108432753,-0.07926069621050526
1783952680,panel_4,panel_4_f1_1,-0.043208863931334794,-0.0374255926300837
1783952680,panel_4,panel_4_f1_1,-0.05355517835023084,-0.009417715585801786
1783952680,panel_4,panel_4_f1_1,-0.04972980846807546,-0.008745021615389354
1783952680,panel_4,panel_4_f1_1,-0.06117039959101305,0.013788649991164963
1783952680,panel_4,panel_4_f1_1,-0.09165115549835519,0.05928286974196771
1783952680,panel_4,panel_4_f1_1,-0.08625991105727873,0.05579564211008563
1783952680,panel_4,panel_4_f1_1,-0.12115545521016588,0.09309538146498089
1783952680,panel_4,panel_4_f1_1,-0.13049897180950612,0.10295992151267001
1783952680,panel_4,panel_4_f1_1,-0.12397402321903359,0.09781192543703512
1783952680,panel_4,panel_4_f1_1,-0.13627489979909566,0.11033647123177984
1783952680,panel_4,panel_4_f1_1,-0.14403461577328724,0.11852781488031477
1783952680,panel_4,panel_4_f1_1,-0.154641637834382,0.12879738175970856
1783952680,panel_4,panel_4_f1_1,-0.16159781608709145,0.13545790889957166
1783952680,panel_4,panel_4_f1_1,-0.17208590393236253,0.14485858591985876
1783952680,panel_4,panel_4_f1_1,-0.17933684065915473,0.1504070380315308
1783952680,panel_4,panel_4_f1_1,-0.20359791084208917,0.1685545528717864
1783952680,panel_4,panel_4_f1_1,-0.19632655688344514,0.16253474741207877
1783952681,panel_4,panel_4_f1_1,-0.20555632625321127,0.168833114060159
1783952681,panel_4,panel_4_f1_1,-0.21414874067037842,0.17482375922707954
1783952681,panel_4,panel_4_f1_1,-0.20724071677778735,0.16918428312297934
1783952681,panel_4,panel_4_f1_1,-0.21532166309008025,0.17502840576046738
1783952681,panel_4,panel_4_f1_1,-0.22301582464256264,0.18056981639272066
1783952681,panel_4,panel_4_f1_1,-0.22766100621381807,0.18371532234079474
1783952681,panel_4,panel_4_f1_1,-0.24620509107505525,0.1969874456048224
1783952681,panel_4,panel_4_f1_1,-0.2545378262216021,0.2013825534121369
1783952681,panel_4,panel_4_f1_1,-0.2620790393193216,0.20286516049476022
1783952682,panel_4,panel_4_f1_1,-0.24242311137037661,0.18765027345765112
1783952682,panel_4,panel_4_f1_1,-0.25298566840405584,0.18244107123887407
1783952682,panel_4,panel_4_f1_1,-0.26140276872319,0.17553368734727612
1783952682,panel_4,panel_4_f1_1,-0.26786875036923524,0.16826818538471616
1783952682,panel_4,panel_4_f1_1,-0.27960532329401766,0.15961476389550114
1783952682,panel_4,panel_4_f1_1,-0.288964486010572,0.15232412905373172
1783952682,panel_4,panel_4_f1_1,-0.28950195434808085,0.14779337239660992
1783952682,panel_4,panel_4_f1_1,-0.29045668159232635,0.14396522112128698
1783952682,panel_4,panel_4_f1_1,-0.29388597155754376,0.14073824328658213
1783952682,panel_4,panel_4_f1_1,-0.2919016800208806,0.1380162232729825
1783952682,panel_4,panel_4_f1_1,-0.2860636464204641,0.1352558988075223
1783952682,panel_4,panel_4_f1_1,-0.28810015350975304,0.14291934445857143
1783952682,panel_4,panel_4_f1_1,-0.28897772405942723,0.1512243737060803
1783952682,panel_4,panel_4_f1_1,-0.2877268000419438,0.16929897689676796
1783952682,panel_4,panel_4_f1_1,-0.28804841484227117,0.17021779696103131
1783952682,panel_4,panel_4_f1_1,-0.286660671844357,0.17964109222287256
1783952682,panel_4,panel_4_f1_1,-0.28458089867454317,0.19136188239137028
1783952682,panel_4,panel_4_f1_1,-0.28458089867454317,0.19136188239137022
1783952682,panel_4,panel_4_f1_1,-0.28537729304186227,0.18447303036011195
1783952682,panel_4,panel_4_f1_1,-0.2836247826814729,0.1775766284194291
1783952682,panel_4,panel_4_f1_1,-0.2795791593529483,0.17049385354730723
1783952682,panel_4,panel_4_f1_1,-0.2738722833361896,0.16291077423520497
1783952682,panel_4,panel_4_f1_1,-0.27006282463122244,0.1544555633001134
1783952682,panel_4,panel_4_f1_1,-0.2633341974733125,0.148682389067247
1783952682,panel_4,panel_4_f1_1,-0.2633341974733125,0.148682389067247
1783952682,panel_4,panel_4_f1_1,-0.25890742396707084,0.14209718801758794
1783952682,panel_4,panel_4_f1_1,-0.24455753296864138,0.1280059930243063
1783952682,panel_4,panel_4_f1_1,-0.24455753296864138,0.1280059930243063
1783952682,panel_4,panel_4_f1_1,-0.2302699388524575,0.11346217401434174
1783952683,panel_4,panel_4_f1_1,-0.22429629344050603,0.1078517411669197
1783952683,panel_4,panel_4_f1_1,-0.22280643879809173,0.10839417618161151
1783952683,panel_4,panel_4_f1_1,-0.21415862171091898,0.10166672709516346
1783952683,panel_4,panel_4_f1_1,-0.20729960083807686,0.09630697092097919
1783952683,panel_4,panel_4_f1_1,-0.19916707126476227,0.08954528711630556
1783952683,panel_4,panel_4_f1_1,-0.19256237342303048,0.08442090883778912
1783952683,panel_4,panel_4_f1_1,-0.18418618258757313,0.07727326787268092
1783952683,panel_4,panel_4_f1_1,-0.1773375353306174,0.0717779413617993
1783952683,panel_4,panel_4_f1_1,-0.16116586706466973,0.05923158340768357
1783952683,panel_4,panel_4_f1_1,-0.16116586706466968,0.059231583407683586
1783952683,panel_4,panel_4_f1_1,-0.1527357480883455,0.05253454785926228
1783952683,panel_4,panel_4_f1_1,-0.1434691729129821,0.04556349847790619
1783952683,panel_4,panel_4_f1_1,-0.14456563020012228,0.045726309496344104
1783952683,panel_4,panel_4_f1_1,-0.13644858910958477,0.038743072054664617
1783952683,panel_4,panel_4_f1_1,-0.12833841022347195,0.031700291372294256
1783952683,panel_4,panel_4_f1_1,-0.12071937026216811,0.025949950999748915
1783952683,panel_4,panel_4_f1_1,-0.10318529073502684,0.01298515826811311
1783952683,panel_4,panel_4_f1_1,-0.09362648746085962,0.005922783670385441
1783952683,panel_4,panel_4_f1_1,-0.08432906132858997,0.0008091526575318369
1783952683,panel_4,panel_4_f1_1,-0.08432906132858996,0.0008091526575318365
1783952684,panel_4,panel_4_f1_1,-0.08432906132858996,0.0008091526575318364
1783952684,panel_4,panel_4_f1_1,-0.08432906132858996,0.0008091526575318361
1783952684,panel_4,panel_4_f1_1,-0.07218044183775989,0.0012453840909366371
1783952684,panel_4,panel_4_f1_1,-0.06005036420160713,0.0033987651351008873
1783952684,panel_4,panel_4_f1_1,-0.05053582266390486,0.006029722396970988
1783952684,panel_4,panel_4_f1_1,-0.036055939245107624,0.010165861681790716
1783952684,panel_4,panel_4_f1_1,-0.02204058633432946,0.013535137761472612
1783952684,panel_4,panel_4_f1_1,-0.015766825743610994,0.014656951304949473
1783952684,panel_4,panel_4_f1_1,-0.01012025840835268,0.015177834455134627
1783952684,panel_4,panel_4_f1_1,-0.0019965052324583295,0.015270362837400454
1783952684,panel_4,panel_4_f1_1,0.0010406397312723217,0.014994093041702619
1783952684,panel_4,panel_4_f1_1,0.00019808544891471256,0.01486200040483404
1783952684,panel_4,panel_4_f1_1,0.0024714459734086207,0.013982128938584224
1783952684,panel_4,panel_4_f1_1,0.003644454313662801,0.012872735790123572
1783952684,panel_4,panel_4_f1_1,0.004606503825404664,0.012020153675888592
1783952684,panel_4,panel_4_f1_1,0.004051493402011816,0.010880538642425322
1783952684,panel_4,panel_4_f1_1,0.0035902667317133322,0.009681094140770166
1783952684,panel_4,panel_4_f1_1,0.0026361324143572475,0.008469772405379054
1783952684,panel_4,panel_4_f1_1,0.0022697702459720096,0.008348906000830908
1783952685,panel_4,panel_4_f1_1,-4.8986771264291556e-05,0.007068500420335513
1783952685,panel_4,panel_4_f1_1,-0.0031346340633063158,0.005744147110945451
1783952685,panel_4,panel_4_f1_1,-0.0061215044952913885,0.004623045102825022
1783952685,panel_4,panel_4_f1_1,-0.008935010193338347,0.0037228524966323078
1783952685,panel_4,panel_4_f1_1,-0.008935010193338346,0.0037228524966323078
1783952685,panel_4,panel_4_f1_1,-0.01214787644804153,0.0029687036929904316
1783952685,panel_4,panel_4_f1_1,-0.012152874039281265,0.0029925954105048174
1783952685,panel_4,panel_4_f1_1,-0.01212134299803317,0.003043694209701062
1783952685,panel_4,panel_4_f1_1,-0.015439257311945937,0.0023684541878726834
1783952685,panel_4,panel_4_f1_1,-0.015378983168790052,0.002435065123819896
1783952685,panel_4,panel_4_f1_1,-0.015378983168790055,0.0024350651238198955
1783952685,panel_4,panel_4_f1_1,-0.015315545204105859,0.0025170321093220403
1783952685,panel_4,panel_4_f1_1,-0.016737662564825336,0.0020822032451306154
1783952685,panel_4,panel_4_f1_1,-0.017673925292151484,0.0017029701796875138
1783952685,panel_4,panel_4_f1_1,-0.018354401443590358,0.00136169629559778
1783952685,panel_4,panel_4_f1_1,-0.01872700855333676,0.0010288230381434048
1783952685,panel_4,panel_4_f1_1,-0.018893689078818388,0.00046352655546454455
1783952685,panel_4,panel_4_f1_1,-0.018793879669899448,0.00020167083243717858
1783952685,panel_4,panel_4_f1_1,-0.0184303217502771,-8.536947314838519e-05
1783952685,panel_4,panel_4_f1_1,-0.017914275304258234,-0.00034681029340185714
1783952685,panel_4,panel_4_f1_1,-0.017879929260143413,-0.00024332355232278057
1783952686,panel_4,panel_4_f1_1,-0.017030250864335454,-0.00045003560803015064
1783952686,panel_4,panel_4_f1_1,-0.017030250864335454,-0.0004500356080301507
1783952686,panel_4,panel_4_f1_1,-0.015933793577195276,-0.0006128466264680501
1783952686,panel_4,panel_4_f1_1,-0.014734214692310666,-0.0007535333352410689
1783952686,panel_4,panel_4_f1_1,-0.013459813691984622,-0.0008686517853677797
1783952686,panel_4,panel_4_f1_1,-0.013482059157702191,-0.0007665204991169107
1783952686,panel_4,panel_4_f1_1,-0.013523680334626371,-0.0006914081314306458
1783952686,panel_4,panel_4_f1_1,-0.012239466782554484,-0.0006453341735593933
1783952686,panel_4,panel_4_f1_1,-0.011063068119477612,-0.0005399916484966557
1783952686,panel_4,panel_4_f1_1,-0.011063068119477614,-0.0005399916484966557
1783952686,panel_4,panel_4_f1_1,-0.011429084768250709,-0.000444243921928791
1783952686,panel_4,panel_4_f1_1,-0.011429084768250709,-0.00044424392192879094
1783952686,panel_4,panel_4_f1_1,-0.010067945264057444,-0.00036193500508998624
1783952686,panel_4,panel_4_f1_1,-0.010327701702922087,-0.00036235303295484506
1783952686,panel_4,panel_4_f1_1,-0.009337541884151887,-0.00027334863009597103
1783952686,panel_4,panel_4_f1_1,-0.008438943702462787,-0.0001850958051251059
1783952686,panel_4,panel_4_f1_1,-0.008438943702462788,-0.00018509580512510588
1783952686,panel_4,panel_4_f1_1,-0.00871745224393014,-0.00021427337902658742
1783952686,panel_4,panel_4_f1_1,-0.008044712786521769,-0.00012911224929424204
1783952686,panel_4,panel_4_f1_1,-0.00745583262555357,-3.8311055716713306e-05
1783952687,panel_4,panel_4_f1_1,-0.0069618271284533515,5.878317051833225e-05
1783952687,panel_4,panel_4_f1_1,-0.0061192728460957415,0.00019087580738691055
1783952687,panel_4,panel_4_f1_1,-0.0053583317966274645,0.0003270549263587873
1783952687,panel_4,panel_4_f1_1,-0.005067832553524335,0.000446647875787527
1783952687,panel_4,panel_4_f1_1,-0.005465650030582031,0.00043378812379836636
1783952687,panel_4,panel_4_f1_1,-0.004972493324732609,0.000645521364424961
1783952687,panel_4,panel_4_f1_1,-0.004972493324732609,0.0006455213644249612
1783952687,panel_4,panel_4_f1_1,-0.005317045777569712,0.000647458391406562
1783952687,panel_4,panel_4_f1_1,-0.004950683609184474,0.0007683247959547076
1783952688,panel_4,panel_4_f1_1,-0.004736245496287222,0.0010539502230885167
1783952688,panel_4,panel_4_f1_1,-0.0046139531926280035,0.0011007570266347306
1783952688,panel_4,panel_4_f1_1,-0.005077839251428865,0.0011895983886312672
1783952688,panel_4,panel_4_f1_1,-0.005220830066887702,0.0012244712822874228
1783952688,panel_4,panel_4_f1_1,-0.005404262035539934,0.0012490771721477586
1783952688,panel_4,panel_4_f1_1,-0.005681954931203769,0.0012667982121631208
1783952688,panel_4,panel_4_f1_1,-0.005996528364133485,0.0012746015255974733
1783952688,panel_4,panel_4_f1_1,-0.006280262115596921,0.0012729848890560313
1783952688,panel_4,panel_4_f1_1,-0.006280262115596922,0.001272984889056031
1783952688,panel_4,panel_4_f1_1,-0.00665564309089381,0.0012809544510458699
1783952688,panel_4,panel_4_f1_1,-0.006723380372588656,0.0011733483005454712
1783952688,panel_4,panel_4_f1_1,-0.007084226336267891,0.0011607327847754968
1783952688,panel_4,panel_4_f1_1,-0.007387289516447518,0.0011488665084804588
1783952688,panel_4,panel_4_f1_1,-0.00761099032528391,0.0012466401955846997
1783952688,panel_4,panel_4_f1_1,-0.007805211883392959,0.0012581690988299659
1783952688,panel_4,panel_4_f1_1,-0.00791483533970559,0.0013297456945779967
1783952688,panel_4,panel_4_f1_1,-0.00791483533970559,0.0013297456945779967
1783952688,panel_4,panel_4_f1_1,-0.007951965826400079,0.0014081759412974406
1783952688,panel_4,panel_4_f1_1,-0.007986311870514896,0.0013046892002183642
1783952688,panel_4,panel_4_f1_1,-0.007899460417458076,0.0013696291382958039
1783952688,panel_4,panel_4_f1_1,-0.007749109380216909,0.0014261604873086007
1783952688,panel_4,panel_4_f1_1,-0.007548057267098289,0.0014760161990712542
1783952688,panel_4,panel_4_f1_1,-0.0072697322953223405,0.0015168062083649252
1783952688,panel_4,panel_4_f1_1,-0.007016115951232765,0.0015465908025003286
1783952688,panel_4,panel_4_f1_1,-0.006993870485515197,0.0014444595162494598
1783952688,panel_4,panel_4_f1_1,-0.006952249308591018,0.0013693471485631947
1783952688,panel_4,panel_4_f1_1,-0.0064631872571589396,0.0013188963713169572
1783952688,panel_4,panel_4_f1_1,-0.006265757835762158,0.0012024045497232723
1783952688,panel_4,panel_4_f1_1,-0.005880976047475412,0.0012515802763867834
1785234454,panel_3,panel_3_f4_1,0.30107664600131206,-0.6375091226559658
1785234455,panel_3,panel_3_f4_1,0.35873348377025355,-0.7970897343445357
1785234455,panel_3,panel_3_f4_1,0.34157017189971384,-0.7598999993207753
1785234455,panel_3,panel_3_f4_1,0.3450850888214831,-0.7683600625762721
1785234455,panel_3,panel_3_f4_1,0.3291997238653006,-0.7328855225727119
1785234455,panel_3,panel_3_f4_1,0.30387666818335013,-0.6765097131440375
1785234455,panel_3,panel_3_f4_1,0.3017961452692725,-0.6707884175799042
1785234455,panel_3,panel_3_f4_1,0.29574349239301295,-0.656556701742388
1785234455,panel_3,panel_3_f4_1,0.28308316363340946,-0.6282274187258364
1785234455,panel_3,panel_3_f4_1,0.2760771229790333,-0.6127517389535744
1785234455,panel_3,panel_3_f4_1,0.26475900589388457,-0.5879027634061903
1785234455,panel_3,panel_3_f4_1,0.25407226784031584,-0.5648104395800752
1785234455,panel_3,panel_3_f4_1,0.2441292373534162,-0.5435602390298162
1785234455,panel_3,panel_3_f4_1,0.2347221181212003,-0.523829737979613
1785234455,panel_3,panel_3_f4_1,0.22596114782261775,-0.5056410654871439
1785234455,panel_3,panel_3_f4_1,0.21977782419827,-0.49422628631400417
1785234455,panel_3,panel_3_f4_1,0.21242103746858346,-0.47866324670631455
1785234455,panel_3,panel_3_f4_1,0.2079406063057188,-0.4703377175308469
1785234456,panel_3,panel_3_f4_1,0.20338690933014797,-0.46145774696203584
1785234456,panel_3,panel_3_f4_1,0.20149657786516253,-0.4598603505332231
1785234456,panel_3,panel_3_f4_1,0.19575480674562443,-0.44770704222661
1785234456,panel_3,panel_3_f4_1,0.19146729382270025,-0.4403622847976975
1785234456,panel_3,panel_3_f4_1,0.1861116158826834,-0.4295120738769213
1785234456,panel_3,panel_3_f4_1,0.18090621640562313,-0.41921364322513527
1785234457,panel_3,panel_3_f4_1,0.13928570320326006,-0.34387923404824666
1785234457,panel_3,panel_3_f4_1,0.1319019568017306,-0.33059358938271893
1785234457,panel_3,panel_3_f4_1,0.12705263436394743,-0.3203153966641714
1785234457,panel_3,panel_3_f4_1,0.1223261768729642,-0.31027456888249105
1785234457,panel_3,panel_3_f4_1,0.11467870851238586,-0.2958885312663407
1785234457,panel_3,panel_3_f4_1,0.10770550730309623,-0.2824558123919819
1785234457,panel_3,panel_3_f4_1,0.10264289804927706,-0.27194291384649905
1785234457,panel_3,panel_3_f4_1,0.09763374940400357,-0.26154882233523286
1785234457,panel_3,panel_3_f4_1,0.09551127659087184,-0.25586297837142224
1785234457,panel_3,panel_3_f4_1,0.08897742988182855,-0.24303991764449995
1785234457,panel_3,panel_3_f4_1,0.08104176329787713,-0.2279592989308398
1785234457,panel_3,panel_3_f4_1,0.07621756875614734,-0.21809471495671046
1785234457,panel_3,panel_3_f4_1,0.07149744161494721,-0.208502723205603
1785234457,panel_3,panel_3_f4_1,0.06221349844947465,-0.19043581758922573
1785234457,panel_3,panel_3_f4_1,0.04814693709059166,-0.1639069408345642
1785234457,panel_3,panel_3_f4_1,0.03560646721834068,-0.14075298793717658
1785234457,panel_3,panel_3_f4_1,0.026649307095073533,-0.123301235693643
1785234457,panel_3,panel_3_f4_1,0.014694596955965276,-0.09671090677170956
1785234457,panel_3,panel_3_f4_1,0.0011092847510229531,-0.06871219580797906
1785234457,panel_3,panel_3_f4_1,-0.007097982108830254,-0.05282600747172231
1785234457,panel_3,panel_3_f4_1,-0.019392659255182684,-0.027598325431502486
1785234457,panel_3,panel_3_f4_1,-0.03002255879921288,-0.00935617409407788
1785234458,panel_3,panel_3_f4_2,-0.042041006663779995,0.12022155455120488
1785234458,panel_3,panel_3_f4_2,-0.06175514340730304,0.1768653673638071
1785234458,panel_3,panel_3_f4_2,-0.06744761742147408,0.19326418680164292
1785234458,panel_3,panel_3_f4_2,-0.06979096106835646,0.1998641330054821
1785234458,panel_3,panel_3_f4_2,-0.05583276885469627,0.15989130640439678
1785234458,panel_3,panel_3_f4_2,-0.052765997918493956,0.1508515733516167
1785234459,panel_3,panel_3_f4_2,-0.05052584987099505,0.14405749368012508
1785234459,panel_3,panel_3_f4_2,-0.053617055356293394,0.15113268378591835
1785234459,panel_3,panel_3_f4_2,-0.055980086124897036,0.15640726716891729
1785234459,panel_3,panel_3_f4_2,-0.057798372629653316,0.1603941466606172
1785234459,panel_3,panel_3_f4_2,-0.05587896972166431,0.15466131432115
1785234460,panel_3,panel_3_f4_2,-0.05356217199767948,0.14777097489390298
1785234460,panel_3,panel_3_f4_2,-0.05235479518368115,0.1436416353768991
1785234461,panel_4,panel_4_f0_4,-0.056926485863857665,0.41947558087777315
1785234461,panel_4,panel_4_f0_4,-0.05218285239022402,0.3795281222568295
1785234461,panel_4,panel_4_f0_4,-0.051353883702615656,0.36723467580292324
1785234462,panel_4,panel_4_f0_4,-0.0677530378197383,0.4695440144022983
1785234462,panel_4,panel_4_f0_4,-0.062418586494923864,0.4274038071564705
1785234462,panel_4,panel_4_f0_4,-0.0713982706336342,0.4715835112088637
1785234462,panel_4,panel_4_f0_4,-0.08093348951698302,0.5160888827835186
1785234462,panel_4,panel_4_f0_4,-0.07883204550268483,0.49522435022425093
1785234463,panel_4,panel_4_f0_4,-0.06834847027476806,0.44989528723156985
1785234463,panel_4,panel_4_f0_4,-0.06756887118903603,0.4615716316781723
1785234463,panel_4,panel_4_f0_4,-0.06595422328557764,0.45574984388629103
1785234463,panel_4,panel_4_f0_4,-0.06777920551422206,0.4708290308738352
1785234463,panel_4,panel_4_f0_4,-0.06941034939053276,0.4796962737855733
1785234463,panel_4,panel_4_f0_4,-0.07265545056096455,0.4926603223720544
1785234463,panel_4,panel_4_f0_4,-0.07627628635792799,0.5047393529533198
1785234463,panel_4,panel_4_f0_4,-0.07554064240640208,0.4947153902101952
1785234463,panel_4,panel_4_f0_4,-0.0804801912281825,0.5066810458461503
1785234463,panel_4,panel_4_f0_4,-0.08954770099516703,0.5298207472435099
1785234463,panel_4,panel_4_f0_4,-0.09561083559817382,0.5395621990099859
1785234463,panel_4,panel_4_f0_4,-0.0970510130350705,0.5336279377340644
1785234463,panel_4,panel_4_f0_4,-0.10395369185048466,0.5421930777829052
1785234463,panel_4,panel_4_f0_4,-0.10408585151191739,0.5330687300136683
1785234463,panel_4,panel_4_f0_4,-0.10049668421840491,0.5146870496683684
1785234463,panel_4,panel_4_f0_4,-0.10806480500946275,0.5260501016080951
1785234468,panel_4,panel_4_f0_4,-0.10575681723062848,0.5093242663642598
1785234485,panel_4,panel_4_f0_2,-0.013668214104929638,0.0034419802469967302
1785234485,panel_4,panel_4_f0_2,-0.009855613553876976,0.002669953148350366
1785234485,panel_4,panel_4_f0_2,-0.008307291510534371,0.0024676045246740936
1785234485,panel_4,panel_4_f0_2,-0.007299145553044557,0.0024045597013312332
1785234485,panel_4,panel_4_f0_2,-0.0064765378942544,0.002412548493141482
1785234485,panel_4,panel_4_f0_2,-0.0057531348397889615,0.002442612477154489
1785234485,panel_4,panel_4_f0_2,-0.004959293543648316,0.002495032525415918
1785234485,panel_4,panel_4_f0_2,-0.004166504865228366,0.0025553601901610297
1785234485,panel_4,panel_4_f0_2,-0.0034286939234591993,0.0026117682086651967
1785234486,panel_4,panel_4_f0_2,-0.002159533009595497,0.0029862476677372544
1785234486,panel_4,panel_4_f0_2,-0.0013966688956682585,0.0030091401954181075
1785234486,panel_4,panel_4_f0_2,-0.001280279821033863,0.0027583785124642855
1785234486,panel_4,panel_4_f0_2,0.001138695890600738,0.0032794861904152117
1785234486,panel_4,panel_4_f0_2,0.001854024539220273,0.0032668152919937744
1785234487,panel_4,panel_4_f0_2,0.006636624979398516,0.0030601794373712374
1785234487,panel_4,panel_4_f0_2,0.007936214095727966,0.0030999870543477865
1785234487,panel_4,panel_4_f0_2,0.009157415661701744,0.003145283314419829
1785234487,panel_4,panel_4_f0_2,0.010283408997637836,0.003193674005512143
1785234487,panel_4,panel_4_f0_2,0.011544117880164448,0.003279377356579112
1785234487,panel_4,panel_4_f0_2,0.012714407428061968,0.003371661956090504
1785234487,panel_4,panel_4_f0_2,0.014568763580291086,0.003593534514828171
1785234487,panel_4,panel_4_f0_2,0.015501070254347311,0.003714217722313664
1785234487,panel_4,panel_4_f0_2,0.015631592497771764,0.0037141574310167783
1785234487,panel_4,panel_4_f0_2,0.01760307652419086,0.004137708214758063
1785234487,panel_4,panel_4_f0_2,0.018146247016532936,0.0042889842618204855
1785234487,panel_4,panel_4_f0_2,0.018554226522990172,0.004452862473326688
1785234487,panel_4,panel_4_f0_2,0.0188737611632191,0.00462153730630257
1785234487,panel_4,panel_4_f0_2,0.01901468748650643,0.004808484123932234
1785234487,panel_4,panel_4_f0_2,0.019357536422598565,0.005165323723543629
1785234487,panel_4,panel_4_f0_2,0.01906165930928934,0.005184096184855564
1785234487,panel_4,panel_4_f0_2,0.018940453068034473,0.005373956490898192
1785234487,panel_4,panel_4_f0_2,0.01872215041164114,0.005560995876611177
1785234487,panel_4,panel_4_f0_2,0.018412124134680307,0.005740560368947782
1785234487,panel_4,panel_4_f0_2,0.017989694408251444,0.005751170276816287
1785234487,panel_4,panel_4_f0_2,0.017551335255540035,0.005759039299997578
1785234487,panel_4,panel_4_f0_2,0.017087064617249254,0.005761682461572417
1785234487,panel_4,panel_4_f0_2,0.016612048749957472,0.005759598223886352
1785234487,panel_4,panel_4_f0_2,0.016111742290945006,0.0057499816603260555
1785234487,panel_4,panel_4_f0_2,0.0155965305548686,0.005732322938839054
1785234488,panel_4,panel_4_f0_2,0.011578864466548225,0.00580455383382774
1785234488,panel_4,panel_4_f0_2,0.011274958859421657,0.005872334471887254
1785234488,panel_4,panel_4_f0_2,0.01087219191202015,0.005950077013661043
1785234488,panel_4,panel_4_f0_2,0.010359676820186934,0.006034414911007172
1785234488,panel_4,panel_4_f0_2,0.010127882973533722,0.006049776359762358
1785234488,panel_4,panel_4_f0_2,0.009545480452538588,0.006156858926257379
1785234488,panel_4,panel_4_f0_2,0.009588202843886715,0.006105000278312432
1785234488,panel_4,panel_4_f0_2,0.008931991011197998,0.007406799697509708
1785234488,panel_4,panel_4_f0_2,0.00799617423573449,0.01059161447833306
1785234488,panel_4,panel_4_f0_2,0.007619852832033753,0.012179867460220643
1785234488,panel_4,panel_4_f0_2,0.006823985519917325,0.0164508978678881
1785234488,panel_4,panel_4_f0_2,0.0060665707491007,0.021506862642352072
1785234488,panel_4,panel_4_f0_2,0.005751792422516286,0.024134103369091636
1785234488,panel_4,panel_4_f0_2,0.004518296205175399,0.02893176130449185
1785234488,panel_4,panel_4_f0_2,0.0036799869105257764,0.03307268257393369
1785234488,panel_4,panel_4_f0_2,0.0031288637049383984,0.0360406291133001
1785234488,panel_4,panel_4_f0_2,0.001892250694979804,0.037237533778940644
1785234488,panel_4,panel_4_f0_2,0.001300445494834945,0.037371024410258406
1785234488,panel_4,panel_4_f0_2,0.0003507735892929914,0.036747531715714
1785234488,panel_4,panel_4_f0_2,4.336038492717843e-05,0.0358477380957177
1785234489,panel_4,panel_4_f0_2,-0.0012760639275049268,0.03409624423172617
1785234489,panel_4,panel_4_f0_2,-0.0019051825784937584,0.032473616185784385
1785234489,panel_4,panel_4_f0_2,-0.002359069261222803,0.03174762022034707
1785234489,panel_4,panel_4_f0_2,-0.0026925979326340504,0.030942675561945975
1785234489,panel_4,panel_4_f0_2,-0.003403158765588766,0.030526175488468005
1785234490,panel_4,panel_4_f0_2,0.018214320202060545,0.027881488464712233
1785234490,panel_4,panel_4_f0_2,0.02156304943033753,0.02673528032542665
1785234490,panel_4,panel_4_f0_2,0.02432568600844224,0.02504764109817422
1785234490,panel_4,panel_4_f0_2,0.023684748880050014,0.023883413567739393
1785234490,panel_4,panel_4_f0_2,0.020827170318937268,0.023176321136715364
1785234490,panel_4,panel_4_f0_2,0.020533205626453877,0.022935939792667
1785234490,panel_4,panel_4_f0_2,0.012968536860631796,0.022653395545108642
1785234490,panel_4,panel_4_f0_2,0.0032454302287363355,0.022624109649610903
1785234490,panel_4,panel_4_f0_2,-0.008242368797223999,0.02289334481123371
1785234490,panel_4,panel_4_f0_2,-0.02116133390728425,0.023265738991249098
1785234490,panel_4,panel_4_f0_2,-0.02694569038332814,0.023374301352386505
1785234490,panel_4,panel_4_f0_2,-0.03305329439976638,0.02349740915797324
1785234490,panel_4,panel_4_f0_2,-0.039589357788478635,0.023626455709785513
1785234490,panel_4,panel_4_f0_2,-0.048888782260088685,0.023825647915530688
1785234490,panel_4,panel_4_f0_2,-0.058710518165922335,0.023991319925967102
1785234490,panel_4,panel_4_f0_2,-0.06890108944375054,0.024099687390546132
1785234490,panel_4,panel_4_f0_2,-0.08003523797521155,0.024310226357696915
1785234490,panel_4,panel_4_f0_2,-0.10360598965739637,0.024815933125871412
1785234490,panel_4,panel_4_f0_2,-0.11540276778909948,0.024937926690555855
1785234490,panel_4,panel_4_f0_2,-0.1275034071962059,0.025022141050700678
1785234490,panel_4,panel_4_f0_2,-0.15299067607122827,0.025334176048209246
1785234490,panel_4,panel_4_f0_3,-1.488607937920084,0.020640628786577346
1785234490,panel_4,panel_4_f0_3,-1.076950911324119,0.013989136668053159
1785234490,panel_4,panel_4_f0_3,-0.940346378313493,0.011103448713112094
1785234491,panel_4,panel_4_f0_3,-0.6883957405151758,0.004311992787038777
1785234491,panel_4,panel_4_f0_3,-0.671503924199859,0.0036783863470763478
1785234491,panel_4,panel_4_f0_3,-0.6104581129089678,0.003343987588248702
1785234491,panel_4,panel_4_f0_3,-0.6774561156600934,0.0023731536750929406
1785234491,panel_4,panel_4_f0_3,-0.6803790582627547,0.0018242776610465686
1785234491,panel_4,panel_4_f0_3,-0.7355863947727549,0.0009095406356752147
1785234491,panel_4,panel_4_f0_3,-0.7353484642512828,0.00046282006512719613
1785234491,panel_4,panel_4_f0_3,-0.7831722689128451,-0.00031563444667153913
1785234491,panel_4,panel_4_f0_3,-0.7709427821269977,-0.0005484024224901499
1785234491,panel_4,panel_4_f0_3,-0.8170350351970129,-0.0010126246219518743
1785234491,panel_4,panel_4_f0_3,-0.8599344279779618,-0.0013758894267993783
1785234491,panel_4,panel_4_f0_3,-0.9407424249242208,-0.0018973870926738735
1785234491,panel_4,panel_4_f0_3,-1.0142295632937213,-0.0024155832579949863
1785234491,panel_4,panel_4_f0_3,-1.0056544037418975,-0.0025211133930443225
1785234491,panel_4,panel_4_f0_3,-1.0333797819405062,-0.002858456659667085
1785234491,panel_4,panel_4_f0_3,-1.058295971280584,-0.0032098394551304302
1785234491,panel_4,panel_4_f0_3,-1.0483198047797957,-0.00332578416781344
1785234491,panel_4,panel_4_f0_3,-1.077657064635485,-0.003755700116682414
1785234491,panel_4,panel_4_f0_3,-1.0675056956329547,-0.003863666815591613
1785234491,panel_4,panel_4_f0_3,-1.058110653714457,-0.003967288521705634
1785234492,panel_4,panel_4_f0_3,-1.077282126664653,-0.004291171866612656
1785234492,panel_4,panel_4_f0_3,-1.0954585528029288,-0.004580467566217022
1785234492,panel_4,panel_4_f0_4,-0.1470051256746825,0.4930629709317465
1785234492,panel_4,panel_4_f0_4,-0.1673771067553171,0.47793775696494484
1785234492,panel_4,panel_4_f0_4,-0.21109104955828403,0.46354677571501723
1785234493,panel_4,panel_4_f0_4,-0.47085362928759117,0.3633133399332402
1785234493,panel_4,panel_4_f0_4,-0.522150432393041,0.3529991933811471
1785234493,panel_4,panel_4_f0_4,-0.5522339013252207,0.3437198410731096
1785234493,panel_4,panel_4_f0_4,-0.5731367322978842,0.3351917657407401
1785234493,panel_4,panel_4_f0_4,-0.5785853202500157,0.3275366447946197
1785234493,panel_4,panel_4_f0_4,-0.5976559334990666,0.32004565020931236
1785234493,panel_4,panel_4_f0_4,-0.5999493753290207,0.3132730867631405
1785234493,panel_4,panel_4_f0_4,-0.6007569656010588,0.30693195235246473
1785234493,panel_4,panel_4_f0_4,-0.622490152414914,0.2986876752396989
1785234493,panel_4,panel_4_f0_4,-0.6323929643303798,0.29202626474296506
1785234493,panel_4,panel_4_f0_4,-0.6411656450980625,0.28539712657364835
1785234493,panel_4,panel_4_f0_4,-0.6479348400905289,0.27013769218433253
1785234493,panel_4,panel_4_f0_4,-0.6633341321940036,0.26559163254807233
1785234493,panel_4,panel_4_f0_4,-0.6610081983674609,0.2517419919186552
1785234493,panel_4,panel_4_f0_4,-0.674002770683704,0.23677867154239682
1785234493,panel_4,panel_4_f0_4,-0.6792206503843525,0.23009264450971453
1785234493,panel_4,panel_4_f0_4,-0.6957698619416793,0.22398263834012114
1785234493,panel_4,panel_4_f0_4,-0.7053944952628286,0.21758826694778843
1785234493,panel_4,panel_4_f0_4,-0.7144627459151787,0.212797940083296
1785234493,panel_4,panel_4_f0_4,-0.7178736520050012,0.20589166496156586
1785234493,panel_4,panel_4_f0_4,-0.7212471826167223,0.1987640435730309
1785234493,panel_4,panel_4_f0_4,-0.7282280801712931,0.1917518459160358
1785234494,panel_4,panel_4_f0_4,-0.736822471303591,0.1161487668111612
1785234494,panel_4,panel_4_f0_4,-0.7364883754132683,0.10145916510844157
1785234494,panel_4,panel_4_f0_4,-0.7374677280741697,0.095998034140816
1785234494,panel_4,panel_4_f0_4,-0.7346697347801902,0.0807264606676944
1785234494,panel_4,panel_4_f0_4,-0.730169601813948,0.05974074695762046
1785234494,panel_4,panel_4_f0_4,-0.7272726445282524,0.04444522395993188
1785234494,panel_4,panel_4_f0_4,-0.7258637157112493,0.036778685689850994
1785234494,panel_4,panel_4_f0_4,-0.7214664408501175,0.02160274035576363
1785234494,panel_4,panel_4_f0_4,-0.7194948381885079,0.01606427660653057
1785234494,panel_4,panel_4_f0_4,-0.7190453946284917,0.016201361025822064
1785234494,panel_4,panel_4_f0_4,-0.7109078556822922,-0.0005878226812519947
1785234494,panel_4,panel_4_f0_4,-0.7079489786223274,-0.0003476470049152602
1785234494,panel_4,panel_4_f0_4,-0.6772049964677936,0.0002358343102583918
1785234494,panel_4,panel_4_f0_4,-0.6596768216441758,0.0005401395230213009
1785234494,panel_4,panel_4_f0_4,-0.6233147968889827,0.0013062698206511368
1785234494,panel_4,panel_4_f0_4,-0.6054961343543227,0.0015854494161074496
1785234494,panel_4,panel_4_f0_4,-0.5872575222485183,0.001843053513653545
1785234494,panel_4,panel_4_f0_4,-0.5674496006141801,0.002244491875962582
1785234494,panel_4,panel_4_f0_4,-0.5477381393812856,0.002446653743273768
1785234495,panel_4,panel_4_f0_4,-0.505371158927342,0.0030172098252531066
1785234495,panel_4,panel_4_f0_4,-0.45780610542285766,0.0034718216569794426
1785234495,panel_4,panel_4_f0_4,-0.40757260220982006,0.004349644257705872
1785234495,panel_4,panel_4_f0_4,-0.38481319542272485,0.004932910172820448
1785234495,panel_4,panel_4_f0_4,-0.34408872261296497,0.006442236374485152
1785234495,panel_4,panel_4_f0_4,-0.28755923168098824,0.00842774475662888
1785234496,panel_4,panel_4_f0_4,-0.09747914299168758,0.013535381181976926
1785234496,panel_4,panel_4_f0_4,-0.08135825288644061,0.013616476726228429
1785234496,panel_4,panel_4_f0_4,-0.06880011517256449,0.013498232445030312
1785234496,panel_4,panel_4_f0_4,-0.05379610485387881,0.013439481616901883
1785234496,panel_4,panel_4_f0_4,-0.037575197126491953,0.012808681689698318
1785234496,panel_4,panel_4_f0_4,-0.031158906407761266,0.01301530749366047
1785234496,panel_4,panel_4_f0_4,-0.0019075848795831196,0.01272207947493128
1785234496,panel_4,panel_4_f0_4,0.011670224973643992,0.012623904626885025
1785234496,panel_4,panel_4_f0_4,0.03503569699957859,0.011939826062180187
1785234496,panel_4,panel_4_f0_4,0.048910882592133206,0.011494020279553391
1785234496,panel_4,panel_4_f0_4,0.06285592377610062,0.011109967167239268
1785234496,panel_4,panel_4_f0_4,0.07522221290097866,0.011057915392872158
1785234496,panel_4,panel_4_f0_4,0.08351080797670724,0.010924739681004745
1785234496,panel_4,panel_4_f0_4,0.09521897438630077,0.010603853142207164
1785234496,panel_4,panel_4_f0_4,0.10268046623851776,0.010471220973884265
1785234496,panel_4,panel_4_f0_4,0.11261951166617301,0.01013311147649748
1785234496,panel_4,panel_4_f0_4,0.12305493264317927,0.009962571832745988
1785234496,panel_4,panel_4_f0_4,0.1294143012585338,0.00979197167260222
1785234496,panel_4,panel_4_f0_4,0.13575481508040593,0.009631333373026322
1785234496,panel_4,panel_4_f0_4,0.14219403728137409,0.009498317736533287
1785234496,panel_4,panel_4_f0_4,0.14483380143699406,0.009261520147679787
1785234496,panel_4,panel_4_f0_4,0.15819079677636977,0.009148863380212934
1785234496,panel_4,panel_4_f0_4,0.16520788728187155,0.009102480376578938
1785234496,panel_4,panel_4_f0_4,0.17346643419412872,0.008975834717627907
1785234497,panel_4,panel_4_f0_4,0.251954778511881,0.009511366308021685
1785234497,panel_4,panel_4_f0_4,0.26339710543129924,0.009340705351018714
1785234497,panel_4,panel_4_f0_4,0.2650620718670556,0.009038579640520064
1785234497,panel_4,panel_4_f0_4,0.2774669677212707,0.009048256144437347
1785234497,panel_4,panel_4_f0_4,0.279965809912045,0.00858593808780643
1785234497,panel_4,panel_4_f0_4,0.2943392985793711,0.008599400397654854
1785234497,panel_4,panel_4_f0_4,0.30873190412912244,0.008597493096329173
1785234497,panel_4,panel_4_f0_4,0.32213352292857267,0.00841761490218282
1785234497,panel_4,panel_4_f0_4,0.3347032121843568,0.008376318614308742
1785234497,panel_4,panel_4_f0_4,0.3393352038740279,0.007962037478492286
1785234497,panel_4,panel_4_f0_4,0.34608383381140984,0.007857843706030258
1785234497,panel_4,panel_4_f0_4,0.35351562108353785,0.007610714464564145
1785234497,panel_4,panel_4_f0_4,0.3684330323042991,0.007538836606326452
1785234497,panel_4,panel_4_f0_4,0.3721625240140547,0.0071366037873192446
1785234497,panel_4,panel_4_f0_4,0.3867309352500666,0.007015319698108067
1785234497,panel_4,panel_4_f0_4,0.3917634864253737,0.00677396528753489
1785234497,panel_4,panel_4_f0_4,0.4029090103352963,0.006555073191122845
1785234497,panel_4,panel_4_f0_4,0.4244677361986259,0.00636214621526253
1785234497,panel_4,panel_4_f0_4,0.4268580006453558,0.006027108788205164
1785234498,panel_4,panel_4_f0_4,0.45081311277259645,0.005860100252841168
1785234498,panel_4,panel_4_f0_4,0.4661161835881423,0.005787839048878118
1785234498,panel_4,panel_4_f0_4,0.49017210541117423,0.005733964700205987
1785234498,panel_4,panel_4_f0_4,0.49374625248364046,0.005538241264349929
1785234498,panel_4,panel_4_f0_4,0.4997462702126419,0.005446034408842286
1785234498,panel_4,panel_4_f0_4,0.5025950040152469,0.0052470685269042595
1785234499,panel_4,panel_4_f0_4,0.5368675622459418,0.0043091840784157944
1785234499,panel_4,panel_4_f0_4,0.5497369915393495,0.004226090907232044
1785234499,panel_4,panel_4_f0_4,0.5503401852331372,0.004058026161129485
1785234499,panel_4,panel_4_f0_4,0.546403188740502,0.003976919494931699
1785234499,panel_4,panel_4_f0_4,0.542317201296256,0.003898124678256081
1785234499,panel_4,panel_4_f0_3,-1.0470275784852736,-0.004442372103836531
1785234499,panel_4,panel_4_f0_3,-0.9891102943679273,-0.004336665107764544
1785234499,panel_4,panel_4_f0_3,-0.9591372551446585,-0.004205251013590702
1785234499,panel_4,panel_4_f0_3,-0.9192034928430757,-0.004112329414313921
1785234499,panel_4,panel_4_f0_3,-0.873098576195025,-0.004056214251973891
1785234499,panel_4,panel_4_f0_3,-0.8268791499797552,-0.004020214986191088
1785234499,panel_4,panel_4_f0_3,-0.7938831206434596,-0.003950530142238524
1785234499,panel_4,panel_4_f0_3,-0.7523123987250755,-0.003923144315084342
1785234499,panel_4,panel_4_f0_3,-0.7229730566493099,-0.0038589035825361963
1785234499,panel_4,panel_4_f0_3,-0.7048987302330785,-0.0037624309929734853
1785234499,panel_4,panel_4_f0_3,-0.6781350271854893,-0.003701787644428816
1785234499,panel_4,panel_4_f0_3,-0.643175457334685,-0.0036700810138465454
1785234499,panel_4,panel_4_f0_3,-0.6096388434984041,-0.003636352981909042
1785234499,panel_4,panel_4_f0_3,-0.5866573686658229,-0.0035797141073890437
1785234499,panel_4,panel_4_f0_3,-0.5557905268420342,-0.00355609664535116
1785234499,panel_4,panel_4_f0_3,-0.5264539035155296,-0.0035428962124651074
1785234499,panel_4,panel_4_f0_3,-0.49858913964103485,-0.003538875913990023
1785234499,panel_4,panel_4_f0_3,-0.4882018658985145,-0.0034651493324491423
1785234499,panel_4,panel_4_f0_3,-0.46264855233256746,-0.0034789327975743582
1785234499,panel_4,panel_4_f0_3,-0.4383258849839094,-0.00350156969617014
1785234500,panel_4,panel_4_f0_3,-0.2520138683283773,-0.005041845584072242
1785234500,panel_4,panel_4_f0_3,-0.21871987830830134,-0.005210152423948071
1785234500,panel_4,panel_4_f0_3,-0.1958645633807101,-0.005307681119233773
1785234500,panel_4,panel_4_f0_3,-0.18142856521093975,-0.0054652797099052275
1785234500,panel_4,panel_4_f0_3,-0.13858583153339954,-0.00546018632136218
1785234500,panel_4,panel_4_f0_3,-0.10229142515309583,-0.005612940524246341
1785234500,panel_4,panel_4_f0_3,-0.05848571071747154,-0.005563213679770433
1785234500,panel_4,panel_4_f0_3,-0.02169580336998413,-0.005711605506213591
1785234500,panel_4,panel_4_f0_3,0.026768143000174636,-0.00569250124110171
1785234500,panel_4,panel_4_f0_3,0.04568061349234334,-0.005679093855159416
1785234500,panel_4,panel_4_f0_3,0.08512850485185085,-0.005524942759556632
1785234500,panel_4,panel_4_f0_3,0.1401397525165603,-0.0050900387515279
1785234500,panel_4,panel_4_f0_3,0.1971259418341406,-0.004668294916018416
1785234500,panel_4,panel_4_f0_3,0.2542742088611179,-0.004073207353190976
1785234500,panel_4,panel_4_f0_3,0.27826941422820406,-0.0035346345860633875
1785234500,panel_4,panel_4_f0_3,0.32612715756306576,-0.00209406966310284
1785234500,panel_4,panel_4_f0_3,0.3737069455552767,-0.0003671932235162184
1785234500,panel_4,panel_4_f0_3,0.39735050662940935,0.0006030179840502054
1785234501,panel_4,panel_4_f0_3,0.4485343504704133,0.002756648792630767
1785234501,panel_4,panel_4_f0_3,0.47398945551472793,0.004147195799017988
1785234501,panel_4,panel_4_f0_3,0.5050868054340171,0.006448208085750512
1785234501,panel_4,panel_4_f0_3,0.537368472819419,0.006715406196230142
1785234501,panel_4,panel_4_f0_3,0.5773000868520222,0.008116675532136693
1785234501,panel_4,panel_4_f0_3,0.6006252621456925,0.01681100114472548
1785234501,panel_4,panel_4_f0_3,0.5940805231828324,0.01797056680946878
1785234501,panel_4,panel_4_f0_3,0.5856258228414383,0.01910933285123285
1785234501,panel_4,panel_4_f0_3,0.5926137041913809,0.021243384430208075
1785234501,panel_4,panel_4_f0_3,0.5919105955641336,0.02332383362215078
1785234501,panel_4,panel_4_f0_3,0.5972083468338866,0.0250457357642416
1785234501,panel_4,panel_4_f0_3,0.6122063295709658,0.02692335327288726
1785234501,panel_4,panel_4_f0_2,-0.13758292856476684,0.027000012420242435
1785234501,panel_4,panel_4_f0_2,-0.12959293945425382,0.027724653801099775
1785234501,panel_4,panel_4_f0_2,-0.12199593550289212,0.028469749933596654
1785234501,panel_4,panel_4_f0_2,-0.09991501820390968,0.03057655412756687
1785234501,panel_4,panel_4_f0_2,-0.09285795085493259,0.031297110581531506
1785234502,panel_4,panel_4_f0_2,-0.07819403792892521,0.0312982444560583
1785234502,panel_4,panel_4_f0_2,-0.0634825209338726,0.029317209972214514
1785234502,panel_4,panel_4_f0_2,-0.04952397437502616,0.02884012165879529
1785234502,panel_4,panel_4_f0_2,-0.04215000337542281,0.024991630397324976
1785234502,panel_4,panel_4_f0_2,-0.03477893791814676,0.020377638217637953
1785234502,panel_4,panel_4_f0_2,-0.02772618446888122,0.0182296049629812
1785234502,panel_4,panel_4_f0_2,-0.012095719801452805,0.0142106728906861
1785234502,panel_4,panel_4_f0_2,0.0017742708692664922,0.010816378565131561
1785234502,panel_4,panel_4_f0_2,0.008943436173983837,0.008223331197465029
1785234502,panel_4,panel_4_f0_2,0.016163966577940222,0.007248813681022778
1785234502,panel_4,panel_4_f0_2,0.0365784645532043,0.008053139812191752
1785234502,panel_4,panel_4_f0_2,0.0500383835263913,0.009163333831756142
1785234502,panel_4,panel_4_f0_2,0.06183605757009029,0.010540551359105426
1785234502,panel_4,panel_4_f0_2,0.0688461551960812,0.012440297120558021
1785234502,panel_4,panel_4_f0_2,0.0817831127644617,0.014436109306112903
1785234503,panel_4,panel_4_f0_2,0.1386126327314925,0.017830192682578173
1785234503,panel_4,panel_4_f0_2,0.15370550654487167,0.018249952774771906
1785234503,panel_4,panel_4_f0_2,0.14733531032396743,0.018570661276335502
1785234503,panel_4,panel_4_f0_2,0.15185338765208728,0.019370508509223158
1785234503,panel_4,panel_4_f0_2,0.15525748567061248,0.019933500209451564
1785234503,panel_4,panel_4_f0_2,0.15785417022678017,0.02096639677910748
1785234503,panel_4,panel_4_f0_2,0.16107748387317444,0.022512217760505424
1785234503,panel_4,panel_4_f0_2,0.17380514043060288,0.0234634561893787
1785234503,panel_4,panel_4_f0_2,0.1812268466343175,0.0240928155646047
1785234503,panel_4,panel_4_f0_2,0.19388244952172345,0.024160481181281668
1785234503,panel_4,panel_4_f0_2,0.2134732740085713,0.024232065201639074
1785234503,panel_4,panel_4_f0_2,0.23497842466613278,0.024028856223886317
1785234503,panel_4,panel_4_f0_2,0.25219208780419244,0.0236297439507603
1785234503,panel_4,panel_4_f0_2,0.27061321201640726,0.023112542480219444
1785234503,panel_4,panel_4_f0_2,0.28711231139425714,0.02280985370007554
1785234503,panel_4,panel_4_f0_2,0.3037294540877488,0.02246018245491046
1785234503,panel_4,panel_4_f0_2,0.31550405640252593,0.022152482999004627
1785234503,panel_4,panel_4_f0_2,0.3300121253404074,0.021770109989808183
1785234503,panel_4,panel_4_f0_2,0.35000144360951874,0.021281130716800472
1785234503,panel_4,panel_4_f0_2,0.3655082571735824,0.02088227487254974
1785234504,panel_4,panel_4_f0_2,0.3817584501272587,0.02045615479046932
1785234504,panel_4,panel_4_f0_2,0.4153019316964173,0.01958383223116432
1785234504,panel_4,panel_4_f0_2,0.43243667737779196,0.019161332269521342
1785234504,panel_4,panel_4_f0_2,0.4546084720890202,0.01859656019794099
1785234504,panel_4,panel_4_f0_2,0.4899328321624747,0.017818247788291747
1785234505,panel_4,panel_4_f0_2,0.43841742739889505,0.009207769463209708
1785234505,panel_4,panel_4_f0_2,0.43404011178398066,0.007492215746621611
1785234505,panel_4,panel_4_f0_2,0.42625027175114305,0.006031303189475456
1785234505,panel_4,panel_4_f0_2,0.4236792411200323,0.005276829203929637
1785234505,panel_4,panel_4_f0_2,0.4195114388920585,0.0046493665002466525
1785234505,panel_4,panel_4_f0_2,0.41976141463955163,0.003854333589840472
1785234505,panel_4,panel_4_f0_2,0.41218323193216977,0.0025880373681971165
1785234505,panel_4,panel_4_f0_2,0.40601014374628486,0.0015450223424052746
1785234505,panel_4,panel_4_f0_2,0.40364609192169715,0.0010451165096340297
1785234505,panel_4,panel_4_f0_2,0.4051389786313906,0.0005139972956250996
1785234505,panel_4,panel_4_f0_2,0.3900997329524034,-0.0005231548552243085
1785234505,panel_4,panel_4_f0_2,0.38173698963638414,-0.0011956105479604983
1785234505,panel_4,panel_4_f0_2,0.3750359206146864,-0.001763688344169771
1785234505,panel_4,panel_4_f0_2,0.37794864329332006,-0.0021812922403363546
1785234505,panel_4,panel_4_f0_2,0.3789362583286458,-0.0028830763580342685
1785234505,panel_4,panel_4_f0_2,0.3828052112002148,-0.003252310698233273
1785234505,panel_4,panel_4_f0_2,0.3755451614153465,-0.0035788101576607356
1785234505,panel_4,panel_4_f0_2,0.37319051783359347,-0.0036182286056241518
1785234505,panel_4,panel_4_f0_2,0.3711341453851829,-0.003753541720347321
1785234505,panel_4,panel_4_f0_2,0.362009730441074,-0.004767076138920243
1785234505,panel_4,panel_4_f0_2,0.35655483392353704,-0.005371621658422425
1785234505,panel_4,panel_4_f0_2,0.34536193928555037,-0.0063532466860255045
1785234505,panel_4,panel_4_f0_2,0.35052449626448273,-0.006626616327524717
1785234505,panel_4,panel_4_f0_2,0.3474234884254341,-0.007182857616671605
1785234505,panel_4,panel_4_f0_2,0.3481217361833005,-0.00756959761485459
1785234506,panel_4,panel_4_f0_2,0.34103222718162607,-0.009253862534129097
1785234506,panel_4,panel_4_f0_1,0.20372291406677287,-0.007125178595394254
1785234506,panel_4,panel_4_f0_1,0.35606652539523914,-0.012477593551872687
1785234506,panel_4,panel_4_f0_1,0.35563708846072134,-0.012511879811469699
1785234506,panel_4,panel_4_f0_1,0.3806524596698311,-0.013455321502654188
1785234506,panel_4,panel_4_f0_1,0.39556049181004627,-0.014060014317107804
1785234506,panel_4,panel_4_f0_1,0.3633150646502829,-0.012957055706709937
1785234506,panel_4,panel_4_f0_1,0.369486194208376,-0.012940720162207903
1785234506,panel_4,panel_4_f0_1,0.3937938508357185,-0.009950030924928622
1785234506,panel_4,panel_4_f0_1,0.3672171467469823,-0.007836964319009194
1785234506,panel_4,panel_4_f0_1,0.37680542656073623,-0.0025345465300235168
1785234506,panel_4,panel_4_f0_1,0.3611459729091618,-0.0005961567177361093
1785234506,panel_4,panel_4_f0_1,0.3479716318630966,0.0008763078088881958
1785234506,panel_4,panel_4_f0_1,0.3557137451763309,0.0033100646121006225
1785234506,panel_4,panel_4_f0_1,0.35837962288422825,0.004828198496208534
1785234506,panel_4,panel_4_f0_1,0.3696409289183894,0.005178505949634672
1785234506,panel_4,panel_4_f0_1,0.38147108463390866,0.001579250643203778
1785234506,panel_4,panel_4_f0_1,0.3697712697433528,-0.0012450082072429762
1785234506,panel_4,panel_4_f0_1,0.35933350777188827,-0.004775122335187269
1785234506,panel_4,panel_4_f0_1,0.3572372471866488,-0.01165567123615172
1785234506,panel_4,panel_4_f0_1,0.33937538482731355,-0.011072887674345522
1785234507,panel_4,panel_4_f0_1,0.3431871077343261,-0.019538545575247854
1785234507,panel_4,panel_4_f0_1,0.3360712480242142,-0.0223334182294375
1785234507,panel_4,panel_4_f0_1,0.32959595453430873,-0.024790611151613982
1785234507,panel_4,panel_4_f0_1,0.3158627897620436,-0.023757669020297894
1785234507,panel_4,panel_4_f0_1,0.3108390088395364,-0.025672842900969117
1785234508,panel_4,panel_4_f0_1,0.3125569051004296,-0.05318747964238598
1785234508,panel_4,panel_4_f0_1,0.3154084092074574,-0.05855484586001378
1785234508,panel_4,panel_4_f0_1,0.3180142702619102,-0.06339902353233128
1785234508,panel_4,panel_4_f0_1,0.31480035282027474,-0.06465979131164795
1785234508,panel_4,panel_4_f0_1,0.3117325122380928,-0.06566132588616497
1785234508,panel_4,panel_4_f0_1,0.30352902507393104,-0.06393339625758242
1785234508,panel_4,panel_4_f0_1,0.3005449155962223,-0.06479760708333175
1785234508,panel_4,panel_4_f0_1,0.2962683453957907,-0.06488903769232197
1785234508,panel_4,panel_4_f0_1,0.2951943198383471,-0.06619650154694086
1785234508,panel_4,panel_4_f0_1,0.29510226931030636,-0.06691809838682983
1785234508,panel_4,panel_4_f0_1,0.29613857043374325,-0.06634621353217282
1785234508,panel_4,panel_4_f0_1,0.29344958086354195,-0.06467498790542557
1785234508,panel_4,panel_4_f0_1,0.2993187472610961,-0.06178010530528602
1785234508,panel_4,panel_4_f0_1,0.2970416264365737,-0.05974271222914389
1785234508,panel_4,panel_4_f0_1,0.29502561521595544,-0.05771468513313446
1785234508,panel_4,panel_4_f0_1,0.2933818974674925,-0.05573909399199763
1785234508,panel_4,panel_4_f0_1,0.2970016886218208,-0.05341624489653149
1785234508,panel_4,panel_4_f0_1,0.2910616548493833,-0.05234791999860141
1785234508,panel_4,panel_4_f0_1,0.2921514943240964,-0.05184188456995852
1785234508,panel_4,panel_4_f0_1,0.29285426531438025,-0.05101639006264734
1785234508,panel_4,panel_4_f0_1,0.28575870102254547,-0.050764781016034634
1785234508,panel_4,panel_4_f0_1,0.28239469972806897,-0.050346979381081826
1785234508,panel_4,panel_4_f0_1,0.28650598973584546,-0.04991705453409832
1785234509,panel_4,panel_4_f0_1,0.3237979515894471,-0.052330945883456714
1785234509,panel_4,panel_4_f0_1,0.32627262446292654,-0.053193552069623326
1785234509,panel_4,panel_4_f0_1,0.3316483485604705,-0.05394427363123104
1785234509,panel_4,panel_4_f0_1,0.3277703509551737,-0.054283382748597966
1785234509,panel_4,panel_4_f0_1,0.33136007121505506,-0.05350165311439334
1785234509,panel_4,panel_4_f0_1,0.340652271885587,-0.05275304825063025
1785234509,panel_4,panel_4_f0_1,0.337014440800446,-0.051457307000426
1785234509,panel_4,panel_4_f0_1,0.3508523146220609,-0.04904699470208555
1785234509,panel_4,panel_4_f0_1,0.36363912352458927,-0.04911296106992505
1785234509,panel_4,panel_4_f0_1,0.3713624103605082,-0.04503866174235691
1785234509,panel_4,panel_4_f0_1,0.3759082471135109,-0.04320234953149843
1785234509,panel_4,panel_4_f0_1,0.3784783124611294,-0.041464417451825636
1785234509,panel_4,panel_4_f0_1,0.3847937710506983,-0.04132053632519812
1785234509,panel_4,panel_4_f0_1,0.3893003017298517,-0.039740558481344
1785234509,panel_4,panel_4_f0_1,0.3877401223227988,-0.03691248626917131
1785234509,panel_4,panel_4_f0_1,0.38991763151823394,-0.03391444815397686
1785234509,panel_4,panel_4_f0_1,0.38988201466655104,-0.03092463255563331
1785234509,panel_4,panel_4_f0_1,0.3935384092319934,-0.02929763396089979
1785234509,panel_4,panel_4_f0_1,0.4043815206341155,-0.027404846851519445
1785234510,panel_4,panel_4_f0_1,0.41495443178131786,-0.02538863389463751
1785234510,panel_4,panel_4_f0_1,0.4210355865336621,-0.021211442773168384
1785234510,panel_4,panel_4_f0_1,0.42087003835188574,-0.017269888649161694
1785234510,panel_4,panel_4_f0_1,0.42131831121586527,-0.012617259159901808
1785234510,panel_4,panel_4_f0_1,0.42003738462042095,-0.008111788459397262
1785234511,panel_4,panel_4_f0_0,0.41524962964428996,-0.006617049868464327
1785234511,panel_4,panel_4_f0_0,0.435662743249991,-0.007187854959432702
1785234511,panel_4,panel_4_f0_0,0.5294752427704761,-0.00922046570978366
1785234511,panel_4,panel_4_f0_0,0.4412293689753875,-0.0076837214248243425
1785234511,panel_4,panel_4_f0_0,0.4800923815442498,-0.008480120688009078
1785234511,panel_4,panel_4_f0_0,0.5765283176030275,-0.010263221229440317
1785234511,panel_4,panel_4_f0_0,0.5896356665251017,-0.01063785288368144
1785234511,panel_4,panel_4_f0_0,0.5704099614952453,-0.01044402780320559
1785234511,panel_4,panel_4_f0_0,0.5896542720923813,-0.011241050652745815
1785234511,panel_4,panel_4_f0_0,0.5721578331528118,-0.011165290537731846
1785234511,panel_4,panel_4_f0_0,0.5841417733778559,-0.011967254827310442
1785234511,panel_4,panel_4_f0_0,0.591443685145584,-0.012689592232064057
1785234511,panel_4,panel_4_f0_0,0.5736722676536146,-0.01258097598199952
1785234511,panel_4,panel_4_f0_0,0.5760735739133328,-0.013168090836569748
1785234511,panel_4,panel_4_f0_0,0.5590741262399759,-0.01303166444297217
1785234511,panel_4,panel_4_f0_0,0.5577975560523699,-0.013494678331413518
1785234511,panel_4,panel_4_f0_0,0.5541154156774467,-0.013879124277494916
1785234511,panel_4,panel_4_f0_0,0.537983585032909,-0.013696314103553556
1785234511,panel_4,panel_4_f0_0,0.5123653190789583,-0.013044108670052327
1785234511,panel_4,panel_4_f0_0,0.4993400515656367,-0.012992789827131764
1785234511,panel_4,panel_4_f0_0,0.4913162213792796,-0.01323970729283546
1785234511,panel_4,panel_4_f0_0,0.482048995436333,-0.013460734172236343
1785234511,panel_4,panel_4_f0_0,0.4674132598167492,-0.013295695881063574
1785234511,panel_4,panel_4_f0_0,0.45651895933894787,-0.013519611017651267
1785234512,panel_4,panel_4_f0_0,0.3880165633241252,-0.008139025737004011
1785234512,panel_4,panel_4_f0_0,0.37636321464341504,-0.0067429406608601585
1785234512,panel_4,panel_4_f0_0,0.36514699110012866,-0.00571089117057074
1785234512,panel_4,panel_4_f0_0,0.35421142192261884,-0.00437054758531065
1785234512,panel_4,panel_4_f0_0,0.34369596543768244,-0.0031209026054288803
1785234512,panel_4,panel_4_f0_0,0.3327649909159741,-0.0012877173004254782
1785234512,panel_4,panel_4_f0_0,0.3207166039115565,0.0018523663987294076
1785234512,panel_4,panel_4_f0_0,0.3124931012471562,0.001804869824402301
1785234512,panel_4,panel_4_f0_0,0.3021057916610772,0.004801481590544684
1785234512,panel_4,panel_4_f0_0,0.29317195480532665,0.00599400274395864
1785234512,panel_4,panel_4_f0_0,0.28536309629392637,0.007068732730986591
1785234512,panel_4,panel_4_f0_0,0.27872674521732216,0.006904343597707188
1785234512,panel_4,panel_4_f0_0,0.27146553939917745,0.008889770222489247
1785234512,panel_4,panel_4_f0_0,0.26492267252890883,0.010652921677617524
1785234512,panel_4,panel_4_f0_0,0.2588558098555816,0.013105301043949556
1785234512,panel_4,panel_4_f0_0,0.2535155712433341,0.01555792422728855
1785234512,panel_4,panel_4_f0_0,0.24855998658039347,0.01705477023377866
1785234512,panel_4,panel_4_f0_0,0.24403733226405014,0.01849904711891283
1785234512,panel_4,panel_4_f0_0,0.23950179712817757,0.019010128427798124
1785234513,panel_4,panel_4_f0_0,0.23370635582317584,0.02088090919159859
1785234513,panel_4,panel_4_f0_0,0.22755599534042362,0.021875424889064257
1785234513,panel_4,panel_4_f0_0,0.21699008724919333,0.023814358715141842
1785234513,panel_4,panel_4_f0_0,0.2081918514779089,0.025601069712499737
1785234513,panel_4,panel_4_f0_0,0.19128880405387844,0.027554756924180652
1785234513,panel_4,panel_4_f0_0,0.19190579098215058,0.028372610439511288
1785234514,panel_4,panel_4_f0_0,0.1146485511587869,0.04000026906646559
1785234514,panel_4,panel_4_f0_0,0.10070104472729938,0.04134797839118161
1785234514,panel_4,panel_4_f0_0,0.08697367396477727,0.04178957796105827
1785234514,panel_4,panel_4_f0_0,0.08148839158072885,0.043653371771426704
1785234514,panel_4,panel_4_f0_0,0.06966893367732292,0.04480351801118505
1785234514,panel_4,panel_4_f0_0,0.06392727440799652,0.045020494854092714
1785234514,panel_4,panel_4_f0_0,0.0542366499398765,0.04738530518811952
1785234514,panel_4,panel_4_f0_0,0.04497251453762724,0.048779798941113464
1785234514,panel_4,panel_4_f0_0,0.0406961366075056,0.04972376468527354
1785234514,panel_4,panel_4_f0_0,0.04113448898207553,0.05072058896551309
1785234514,panel_4,panel_4_f0_0,0.037433714040976944,0.05297188541319971
1785234514,panel_4,panel_4_f0_0,0.03187959763492383,0.05538038763822831
1785234514,panel_4,panel_4_f0_0,0.026501541659951475,0.05575127468619689
1785234514,panel_4,panel_4_f0_0,0.02449691399511583,0.05697048446573698
1785234514,panel_4,panel_4_f0_0,0.0210955720244632,0.058394558305443434
1785234514,panel_4,panel_4_f0_0,0.01679633403300081,0.06002848576277671
1785234514,panel_4,panel_4_f0_0,0.01481483532915737,0.06265967734268792
1785234514,panel_4,panel_4_f0_0,0.013211181362285176,0.06363672010585414
1785234514,panel_4,panel_4_f0_0,0.01212972619106786,0.06554528190101101
1785234514,panel_4,panel_4_f0_0,0.011784230683330404,0.06626975379082595
1785234514,panel_4,panel_4_f0_0,0.011774480711510603,0.06857236480923884
1785234514,panel_4,panel_4_f0_0,0.011784335090332115,0.06914856132500356
1785234514,panel_4,panel_4_f0_0,0.01194653394584647,0.06991146236036537
1785234514,panel_4,panel_4_f0_0,0.01229849254809963,0.06908743967409418
1785234514,panel_4,panel_4_f0_0,0.012822900274952365,0.07096584754699513
1785234515,panel_4,panel_4_f0_0,0.020396752438352213,0.07326171214613493
1785234515,panel_4,panel_4_f0_0,0.020329369367331745,0.07490815969422333
1785234515,panel_4,panel_4_f0_0,0.02108721148758665,0.07425274960078633
1785234515,panel_4,panel_4_f0_0,0.021546480882843784,0.07248811788672054
1785234515,panel_4,panel_4_f0_0,0.02165490875177147,0.07328683874999936
1785234515,panel_4,panel_4_f0_0,0.02149761685017134,0.07071926693678116
1785234515,panel_4,panel_4_f0_0,0.02109443434430647,0.07064754695069289
1785234515,panel_4,panel_4_f0_0,0.020419534108431687,0.07144441125408553
1785234515,panel_4,panel_4_f0_0,0.019981948611224046,0.07226445189839387
1785234515,panel_4,panel_4_f0_0,0.01900751179940695,0.07219953521377803
1785234515,panel_4,panel_4_f0_0,0.018334301680014577,0.07493618143511134
1785234515,panel_4,panel_4_f0_0,0.017088514108551018,0.07720895422543564
1785234515,panel_4,panel_4_f0_0,0.015857063343596708,0.07764291003152674
1785234515,panel_4,panel_4_f0_0,0.014489302964604767,0.08006222791272308
1785234515,panel_4,panel_4_f0_0,0.013784619975656814,0.0812445505224673
1785234515,panel_4,panel_4_f0_0,0.013074855025462285,0.0823953083481258
1785234515,panel_4,panel_4_f0_0,0.011738993343187313,0.0821991616328424
1785234515,panel_4,panel_4_f0_0,0.01038898359179063,0.08250801031246434
1785234515,panel_4,panel_4_f0_0,0.008803950263516325,0.0851065402850192
1785234515,panel_4,panel_4_f0_0,0.007447869195329317,0.08734024136250021
1785234516,panel_4,panel_4_f0_0,0.0061671287613199064,0.08755177478253508
1785234516,panel_4,panel_4_f0_0,0.005528421502840048,0.0882041620599362
1785234516,panel_4,panel_4_f0_0,0.005473642677267667,0.09253547972846686
1785234516,panel_4,panel_4_f0_0,0.004420407876181367,0.09519612443782964
1785234516,panel_4,panel_4_f0_0,0.003970196849429149,0.09876143903880909
1785234517,panel_4,panel_4_f0_0,-0.00034737866128210516,0.10782856336664004
1785234517,panel_4,panel_4_f0_0,-0.000701876799809925,0.11227291750155287
1785234517,panel_4,panel_4_f0_0,-0.0010151407341630954,0.11636984170615076
1785234517,panel_4,panel_4_f0_0,-0.001514315665436951,0.11957890634847339
1785234517,panel_4,panel_4_f0_0,-0.0017797903918911698,0.1265389169398613
1785234517,panel_4,panel_4_f0_0,-0.0021615193830110853,0.12874083067242237
1785234517,panel_4,panel_4_f0_0,-0.0023319457431254767,0.1306466495264829
1785234517,panel_4,panel_4_f0_0,-0.002621249142323603,0.13409078098486898
1785234517,panel_4,panel_4_f0_0,-0.0027120947434163354,0.13440351972585496
1785234517,panel_4,panel_4_f0_0,-0.002793738388737665,0.13563455919616774
1785234517,panel_4,panel_4_f1_0,-0.002634960856312338,0.344055120152715
1785234517,panel_4,panel_4_f1_0,-0.001955456377574028,0.2568238715659324
1785234517,panel_4,panel_4_f1_0,-0.00175654398351849,0.2255815012618163
1785234517,panel_4,panel_4_f1_0,-0.0016603469933581668,0.20852167220102005
1785234517,panel_4,panel_4_f1_0,-0.0019638274583090062,0.22927748625380057
1785234517,panel_4,panel_4_f1_0,-0.001902724974745715,0.21712955964580385
1785234517,panel_4,panel_4_f1_0,-0.0018347855284952302,0.20921132914223822
1785234517,panel_4,panel_4_f1_0,-0.001605437337440265,0.18305991299945495
1785234517,panel_4,panel_4_f1_0,-0.0015669435882093741,0.18157981135335535
1785234517,panel_4,panel_4_f1_0,-0.0014102492293939879,0.16342183021801704
1785234517,panel_4,panel_4_f1_0,-0.0015980514011461715,0.18041756410268348
1785234517,panel_4,panel_4_f1_0,-0.0017830553008861291,0.1945375988769297
1785234518,panel_4,panel_4_f1_0,-0.0027033226936148905,0.2367113392926424
1785234518,panel_4,panel_4_f1_0,-0.0029305281310228783,0.24912407267743772
1785234518,panel_4,panel_4_f1_0,-0.0031126287644181808,0.2574251237858458
1785234518,panel_4,panel_4_f1_0,-0.003312897662083516,0.26453404243709433
1785234518,panel_4,panel_4_f1_0,-0.0037811373533207463,0.2836716220009349
1785234518,panel_4,panel_4_f1_0,-0.00400753018413933,0.2884836806472827
1785234518,panel_4,panel_4_f1_0,-0.004085194867179791,0.28566821152578153
1785234518,panel_4,panel_4_f1_0,-0.004182732734328245,0.2826715081674122
1785234518,panel_4,panel_4_f1_0,-0.004561211838488204,0.2878192785486607
1785234518,panel_4,panel_4_f1_0,-0.0052281348286834835,0.30030868972252883
1785234518,panel_4,panel_4_f1_0,-0.005324999450463397,0.2970615192948574
1785234518,panel_4,panel_4_f1_0,-0.005141378779759676,0.2868180186295165
1785234518,panel_4,panel_4_f1_0,-0.005830512607247132,0.29837336396319647
1785234518,panel_4,panel_4_f1_0,-0.006202320183399986,0.302415918255234
1785234518,panel_4,panel_4_f1_0,-0.006551272541973607,0.3062490459703877
1785234518,panel_4,panel_4_f1_0,-0.0066131735348199305,0.30341807795917614
1785234518,panel_4,panel_4_f1_0,-0.006659180805838915,0.30076738860723323
1785234518,panel_4,panel_4_f1_0,-0.006695533725331073,0.2981940489825402
1785234518,panel_4,panel_4_f1_0,-0.006714260188084752,0.2955135428143324
1785234518,panel_4,panel_4_f1_0,-0.006700453209835946,0.2925957448286999
1785234519,panel_4,panel_4_f1_0,-0.006822383699008178,0.28959570989558897
1785234519,panel_4,panel_4_f1_0,-0.005909284743999856,0.291304089292257
1785234519,panel_4,panel_4_f1_0,-0.0034889902125902358,0.29336635893596774
1785234519,panel_4,panel_4_f1_0,-0.0011479945189126926,0.29123379541124644
1785234519,panel_4,panel_4_f1_0,0.005529782960197187,0.2975119415035805
1785234520,panel_4,panel_4_f1_0,0.030986530839705744,0.3253870493329526
1785234520,panel_4,panel_4_f1_0,0.03572563886662708,0.3334671421655906
1785234520,panel_4,panel_4_f1_0,0.0363105510453962,0.3334373545638147
1785234520,panel_4,panel_4_f1_0,0.034675927418783864,0.3376790877164344
1785234520,panel_4,panel_4_f1_0,0.02979040493639331,0.3408347712710416
1785234520,panel_4,panel_4_f1_0,0.02462273961733945,0.342819704281528
1785234520,panel_4,panel_4_f1_0,0.0013240287586560083,0.354031865627819
1785234520,panel_4,panel_4_f1_0,-0.016451298593488567,0.35843450854565684
1785234520,panel_4,panel_4_f1_0,-0.043150323092549694,0.3595927198495373
1785234520,panel_4,panel_4_f1_0,-0.07848834896322626,0.36351709974847296
1785234520,panel_4,panel_4_f1_0,-0.09197141202086584,0.36206081961132824
1785234520,panel_4,panel_4_f1_0,-0.12057848351131543,0.36496042857901095
1785234520,panel_4,panel_4_f1_0,-0.1634644640823183,0.3634590804843716
1785234520,panel_4,panel_4_f1_0,-0.20916528213377533,0.3640940838544535
1785234520,panel_4,panel_4_f1_0,-0.25774879105452997,0.3561384548496955
1785234520,panel_4,panel_4_f1_0,-0.3265648722373885,0.34649957734506137
1785234520,panel_4,panel_4_f1_0,-0.37104378067437077,0.3415742533096471
1785234520,panel_4,panel_4_f1_1,-2.5665109008100306,-0.1602342892465186
1785234520,panel_4,panel_4_f1_1,-2.566126846007247,-0.16478543392251438
1785234520,panel_4,panel_4_f1_1,-2.135898268431719,-0.13800299913762684
1785234520,panel_4,panel_4_f1_1,-1.9158472789526562,-0.12294218012666049
1785234520,panel_4,panel_4_f1_1,-1.532677823162136,-0.09835374410133393
1785234520,panel_4,panel_4_f1_1,-1.6759589106628943,-0.10648145758398275
1785234520,panel_4,panel_4_f1_1,-1.6004175598000625,-0.1017507200710502
1785234520,panel_4,panel_4_f1_1,-1.6536843207145364,-0.10328872993819918
1785234521,panel_4,panel_4_f1_1,-1.36223499889008,-0.042220500869562555
1785234521,panel_4,panel_4_f1_1,-1.294022239244982,-0.03687436708787463
1785234521,panel_4,panel_4_f1_1,-1.251338248831751,-0.028599423752695887
1785234521,panel_4,panel_4_f1_1,-1.212689090527982,-0.020363831441802305
1785234521,panel_4,panel_4_f1_1,-1.175007112416909,-0.0130543807732727
1785234521,panel_4,panel_4_f1_1,-1.127000456280628,-0.009513282887188532
1785234521,panel_4,panel_4_f1_1,-1.098820567606323,-0.0011576691000879842
1785234521,panel_4,panel_4_f1_1,-1.0625379986395103,0.003714799197995472
1785234521,panel_4,panel_4_f1_1,-1.026719159853491,0.007904923405972299
1785234521,panel_4,panel_4_f1_1,-0.9922843961463171,0.011579938562857134
1785234521,panel_4,panel_4_f1_1,-0.9584927519570098,0.014722922300289074
1785234521,panel_4,panel_4_f1_1,-0.9260638458649448,0.017475572601136188
1785234521,panel_4,panel_4_f1_1,-0.8943680973303493,0.019823551841454873
1785234521,panel_4,panel_4_f1_1,-0.8634433761847478,0.02182816737846288
1785234521,panel_4,panel_4_f1_1,-0.8333750434000023,0.02353481480060731
1785234521,panel_4,panel_4_f1_1,-0.8037776613435946,0.02613641827556984
1785234521,panel_4,panel_4_f1_1,-0.7758817303864046,0.02736587170210456
1785234521,panel_4,panel_4_f1_1,-0.7499871976951588,0.02769863225626655
1785234521,panel_4,panel_4_f1_1,-0.7240965600796727,0.02860259973447417
1785234522,panel_4,panel_4_f1_1,-0.6985214214740461,0.029410941698713906
1785234522,panel_4,panel_4_f1_1,-0.6692721343956158,0.03146937700424542
1785234522,panel_4,panel_4_f1_1,-0.6423305428385575,0.033221393402270295
1785234522,panel_4,panel_4_f1_1,-0.6144375711151759,0.03621999770625838
1785234522,panel_4,panel_4_f1_1,-0.586157758404082,0.040761252865949275
1785234523,panel_4,panel_4_f1_1,-0.4425009605636052,0.08185375992851543
1785234523,panel_4,panel_4_f1_1,-0.42426793139099517,0.09369214822817484
1785234523,panel_4,panel_4_f1_1,-0.41365865241375704,0.09840548790037
1785234523,panel_4,panel_4_f1_1,-0.4061125495868047,0.10053232958307157
1785234523,panel_4,panel_4_f1_1,-0.39985236767502624,0.10151806730410745
1785234523,panel_4,panel_4_f1_1,-0.4005153815670347,0.10659259487391912
1785234523,panel_4,panel_4_f1_1,-0.36470578070357723,0.1184177523483589
1785234523,panel_4,panel_4_f1_1,-0.34341026068361813,0.13551179512586692
1785234523,panel_4,panel_4_f1_1,-0.329568894228228,0.14196510676525245
1785234523,panel_4,panel_4_f1_1,-0.3044550080179197,0.14352030122712714
1785234523,panel_4,panel_4_f1_1,-0.33520920589606107,0.15376604673483693
1785234523,panel_4,panel_4_f1_1,-0.2999740478180196,0.160617160957953
1785234523,panel_4,panel_4_f1_1,-0.3143786524262279,0.17264828221732575
1785234523,panel_4,panel_4_f1_1,-0.29328342061541135,0.1802245550971448
1785234523,panel_4,panel_4_f1_1,-0.3145444358020519,0.19643850940321947
1785234523,panel_4,panel_4_f1_1,-0.342548507737807,0.20737417898849564
1785234523,panel_4,panel_4_f1_1,-0.33824772019162863,0.21223514699963292
1785234523,panel_4,panel_4_f1_2,-3.6615851711360317,0.7410708695488448
1785234523,panel_4,panel_4_f1_2,-3.0981017567032056,0.6161806932837023
1785234523,panel_4,panel_4_f1_2,-2.5081033552373646,0.49531173722281263
1785234523,panel_4,panel_4_f1_2,-2.5828310819389593,0.4998841172586366
1785234523,panel_4,panel_4_f1_2,-2.0662648655511786,0.3999072938069037
1785234523,panel_4,panel_4_f1_2,-1.985048072528983,0.37128090496607163
1785234523,panel_4,panel_4_f1_2,-2.4151680059828826,0.3992124391020596
1785234524,panel_4,panel_4_f1_2,-2.602139025349404,0.17630152824088197
1785234524,panel_4,panel_4_f1_2,-2.5473587260935178,0.15523125542042318
1785234524,panel_4,panel_4_f1_2,-2.497775890414651,0.13667678560975366
1785234524,panel_4,panel_4_f1_3,-2.989630173219908,-0.23742200160547988
1785234524,panel_4,panel_4_f1_3,-2.330865079953055,-0.18422654036155373
1785234524,panel_4,panel_4_f1_3,-2.6361637136377634,-0.20842616809775727
1785234524,panel_4,panel_4_f1_3,-2.2698719970142314,-0.17972981646064018
1785234524,panel_4,panel_4_f1_3,-2.402998410767264,-0.18811159087155238
1785234524,panel_4,panel_4_f1_3,-2.4441773558658384,-0.18337016348634805
1785234524,panel_4,panel_4_f1_3,-2.3521494033320365,-0.1674352723077277
1785234524,panel_4,panel_4_f1_3,-2.200479693403182,-0.15045651454618078
1785234524,panel_4,panel_4_f1_3,-2.1825619130647316,-0.13364584805702845
1785234524,panel_4,panel_4_f1_3,-2.1417450020150213,-0.11344929334180973
1785234524,panel_4,panel_4_f1_3,-2.0184119240896767,-0.09787952660858935
1785234524,panel_4,panel_4_f1_3,-1.9659649036622024,-0.07715441072833075
1785234524,panel_4,panel_4_f1_3,-1.8617210659023276,-0.06438088181359744
1785234524,panel_4,panel_4_f1_3,-1.8014733027152288,-0.0454951129653981
1785234524,panel_4,panel_4_f1_3,-1.7707483519085836,-0.021790182389059734
1785234525,panel_4,panel_4_f1_3,-1.7090354911246728,-0.007423684418122321
1785234525,panel_4,panel_4_f1_3,-1.6085039916467543,-0.006986997099410876
1785234525,panel_4,panel_4_f1_3,-1.553107090464065,0.004318113785822836
1785234525,panel_4,panel_4_f1_3,-1.5032880432624844,0.014868572335206583
1785234525,panel_4,panel_4_f1_3,-1.4500533170638357,0.021651743823233902
1785234525,panel_4,panel_4_f1_3,-1.4026135807593687,0.02814899369675557
1785234526,panel_4,panel_4_f1_3,-1.067649183797343,0.05566543839837993
1785234526,panel_4,panel_4_f1_3,-1.0364086036409208,0.056164220150759565
1785234526,panel_4,panel_4_f1_3,-1.0083344564058931,0.058043230984447566
1785234526,panel_4,panel_4_f1_3,-0.9779974801753024,0.057377449332851285
1785234526,panel_4,panel_4_f1_3,-0.9511090816122383,0.05801461294825939
1785234526,panel_4,panel_4_f1_3,-0.9256388920177617,0.05982684801504576
1785234526,panel_4,panel_4_f1_3,-0.9005096964580641,0.060283977893221805
1785234526,panel_4,panel_4_f1_3,-0.8763559279860221,0.06214678800830721
1785234526,panel_4,panel_4_f1_3,-0.853133403453657,0.061349289804777364
1785234526,panel_4,panel_4_f1_3,-0.8308106626901349,0.06139949119061205
1785234526,panel_4,panel_4_f1_3,-0.80908515044337,0.06194724127667717
1785234526,panel_4,panel_4_f1_3,-0.7880257747809064,0.06243603877502433
1785234526,panel_4,panel_4_f1_3,-0.7684857178054411,0.06191185628184465
1785234526,panel_4,panel_4_f1_3,-0.7497628669094835,0.06140112767866254
1785234526,panel_4,panel_4_f1_3,-0.7317192966567038,0.06089677284939655
1785234526,panel_4,panel_4_f1_3,-0.7154588678421115,0.05954351123052045
1785234526,panel_4,panel_4_f1_3,-0.698976025418802,0.059062089887665946
1785234526,panel_4,panel_4_f1_3,-0.6834502981650208,0.058578355325457854
1785234526,panel_4,panel_4_f1_3,-0.6692117502865841,0.05735797292284358
1785234526,panel_4,panel_4_f1_3,-0.6554590863451041,0.05778137493481622
1785234526,panel_4,panel_4_f1_3,-0.6428733504254254,0.05798075146857154
1785234526,panel_4,panel_4_f1_3,-0.5835600791292564,0.06339272024424031
1785234527,panel_4,panel_4_f1_3,-0.35962981926751025,0.08637408508497964
1785234527,panel_4,panel_4_f1_3,-0.3249524317808682,0.08834656092592491
1785234527,panel_4,panel_4_f1_3,-0.30353966757757767,0.08949520950670044
1785234527,panel_4,panel_4_f1_3,-0.2655747437123614,0.09044023665789142
1785234527,panel_4,panel_4_f1_3,-0.23186772930980604,0.08963980521270448
1785234527,panel_4,panel_4_f1_3,-0.21759471797379967,0.08891269112448891
1785234527,panel_4,panel_4_f1_3,-0.19123464827627906,0.08629055342597117
1785234527,panel_4,panel_4_f1_3,-0.17901874802060358,0.08451252412270659
1785234527,panel_4,panel_4_f1_3,-0.16002942323250455,0.08084417950471617
1785234527,panel_4,panel_4_f1_3,-0.13587847446959841,0.07521724499062732
1785234527,panel_4,panel_4_f1_3,-0.12281185594621105,0.07157976596526146
1785234527,panel_4,panel_4_f1_3,-0.12407152999922955,0.07181021537508832
1785234527,panel_4,panel_4_f1_3,-0.11424523513997967,0.06825337897024387
1785234527,panel_4,panel_4_f1_3,-0.10355462517804348,0.06435061953396223
1785234527,panel_4,panel_4_f1_3,-0.09725223780996542,0.06161307968044377
1785234527,panel_4,panel_4_f1_3,-0.09024303648102422,0.05862019062100698
1785234527,panel_4,panel_4_f1_3,-0.08398154735880593,0.055826621818435604
1785234527,panel_4,panel_4_f1_3,-0.08042103572038543,0.053863792594205234
1785234527,panel_4,panel_4_f1_3,-0.07858367601236171,0.052880463798803554
1785234527,panel_4,panel_4_f1_3,-0.07217483818456649,0.05045418819030092
1785234528,panel_4,panel_4_f1_3,-0.06426378735074229,0.04694947117992436
1785234528,panel_4,panel_4_f1_3,-0.06035314222244912,0.044620831637646026
1785234528,panel_4,panel_4_f1_3,-0.05539940117766428,0.04154872131647613
1785234528,panel_4,panel_4_f1_3,-0.05084097366705013,0.0382924657963037
1785234528,panel_4,panel_4_f1_3,-0.04854585686723114,0.03644553147291776
1785234528,panel_4,panel_4_f1_3,-0.047472628181440976,0.03470266009687194
1785234529,panel_4,panel_4_f1_3,-0.04448287239963781,0.021268974273398144
1785234529,panel_4,panel_4_f1_3,-0.04490626305432641,0.01996313027232528
1785234529,panel_4,panel_4_f1_3,-0.045311702156398265,0.01835644849365663
1785234529,panel_4,panel_4_f1_3,-0.04606938781909695,0.016461968004010674
1785234529,panel_4,panel_4_f1_3,-0.047038259207356214,0.014423071722848084
1785234529,panel_4,panel_4_f1_3,-0.04760302964625593,0.01338713299522714
1785234529,panel_4,panel_4_f1_3,-0.0481009317351039,0.012135723106932516
1785234529,panel_4,panel_4_f1_3,-0.04876769819524896,0.01101500464518624
1785234529,panel_4,panel_4_f1_3,-0.04845223884496506,0.010628523307785506
1785234529,panel_4,panel_4_f1_3,-0.04878253547811896,0.009335970506195581
1785234529,panel_4,panel_4_f1_3,-0.048913911243968544,0.00818086219300701
1785234529,panel_4,panel_4_f1_3,-0.04834801815823278,0.0077611907175246745
1785234529,panel_4,panel_4_f1_3,-0.047823094391481566,0.005784120391057231
1785234529,panel_4,panel_4_f1_3,-0.046965253436205584,0.00422367577709329
1785234529,panel_4,panel_4_f1_3,-0.04575277274656673,0.003153558376330811
1785234529,panel_4,panel_4_f1_3,-0.043521221611088755,0.0014031800535039291
1785234529,panel_4,panel_4_f1_3,-0.04185849063736698,0.00037062784678331095
1785234529,panel_4,panel_4_f1_3,-0.03894261372263423,-0.0012377916835211594
1785234529,panel_4,panel_4_f1_3,-0.0353982631975694,-0.0030012373068413504
1785234529,panel_4,panel_4_f1_3,-0.031560971250117364,-0.004695133530569709
1785234529,panel_4,panel_4_f1_3,-0.02977366983367838,-0.005420092938728565
1785234529,panel_4,panel_4_f1_3,-0.02793947857380284,-0.006121645912208391
1785234529,panel_4,panel_4_f1_3,-0.024162842577125372,-0.007444826388914912
1785234529,panel_4,panel_4_f1_3,-0.021895616948725934,-0.008186339940330346
1785234529,panel_4,panel_4_f1_3,-0.018992013347551257,-0.009128809454268704
1785234530,panel_4,panel_4_f1_3,-0.005247862710786641,-0.012450854967077287
1785234530,panel_4,panel_4_f1_3,-0.0022921852814417705,-0.012946111160854918
1785234530,panel_4,panel_4_f1_3,0.0002753429908642248,-0.013370283963491969
1785234530,panel_4,panel_4_f1_3,0.0037429348326705166,-0.01383411835452581
1785234530,panel_4,panel_4_f1_3,0.00682404156338257,-0.01418272354170085
1785234530,panel_4,panel_4_f1_3,0.009945905525810466,-0.014480631922064103
1785234530,panel_4,panel_4_f1_3,0.012030089604947452,-0.01454206218644251
1785234530,panel_4,panel_4_f1_3,0.014117262655109266,-0.01471955193302294
1785234530,panel_4,panel_4_f1_3,0.015199485483800313,-0.01486916639355751
1785234530,panel_4,panel_4_f1_3,0.01719564625430646,-0.014972526740436316
1785234530,panel_4,panel_4_f1_3,0.019671360634021168,-0.014986302677220968
1785234530,panel_4,panel_4_f1_3,0.02157643739537697,-0.014876416501450558
1785234530,panel_4,panel_4_f1_3,0.023090043984704246,-0.014707487482815716
1785234530,panel_4,panel_4_f1_3,0.02324053147441403,-0.014550895796327522
1785234530,panel_4,panel_4_f1_3,0.02253472994902912,-0.01401728531371055
1785234530,panel_4,panel_4_f1_3,0.018037049574986332,-0.013459910414605482
1785234530,panel_4,panel_4_f1_3,0.01561565535860356,-0.01308610123192624
1785234530,panel_4,panel_4_f1_3,0.01254406120944888,-0.01303184410923117
1785234530,panel_4,panel_4_f1_3,0.005357601855000426,-0.014242535702729072
1785234530,panel_4,panel_4_f1_3,-0.0015179730339409004,-0.015994472911601356
1785234531,panel_4,panel_4_f1_3,-0.0011683562489895616,-0.015503657596980969
1785234531,panel_4,panel_4_f1_3,-0.003261294365603592,-0.01654491917357849
1785234531,panel_4,panel_4_f1_3,-0.006105186472775889,-0.0203164600426872
1785234531,panel_4,panel_4_f1_3,-0.0071551400039976554,-0.0247505287790211
1785234531,panel_4,panel_4_f1_3,-0.0028060602365227675,-0.030477851371999654
1785234531,panel_4,panel_4_f1_3,0.0482918192195414,-0.03290249233069112
1785234531,panel_4,panel_4_f1_3,0.06257323830445184,-0.032552278582110364
1785234531,panel_4,panel_4_f1_3,0.08461309639004344,-0.03224325049386412
1785234531,panel_4,panel_4_f1_3,0.10904505710311305,-0.03198108882858914
1785234531,panel_4,panel_4_f1_3,0.16225314950757722,-0.03214313685386162
1785234531,panel_4,panel_4_f1_3,0.18961378425149686,-0.03190191889495988
1785234531,panel_4,panel_4_f1_3,0.26895674044047363,-0.03174894350685606
1785234531,panel_4,panel_4_f1_3,0.32024511743239925,-0.03154440856579812
1785234531,panel_4,panel_4_f1_3,0.38012509703295877,-0.03135656300989026
1785234531,panel_4,panel_4_f1_3,0.40970946970780536,-0.031069621266574685
1785234531,panel_4,panel_4_f1_3,0.44744369210108403,-0.03109524463609278
1785234532,panel_4,panel_4_f1_3,0.5091126067176237,-0.032408723222993444
1785234532,panel_4,panel_4_f1_3,0.6012884976597387,-0.035371930004827246
1785234532,panel_4,panel_4_f1_3,0.6917884121916785,-0.039304184930035645
1785234532,panel_4,panel_4_f1_2,-2.174528601124224,0.11827057388249598
1785234532,panel_4,panel_4_f1_2,-1.9724703068061598,0.1058951920939229
1785234532,panel_4,panel_4_f1_2,-1.7189034540924273,0.08767290297686106
1785234532,panel_4,panel_4_f1_2,-1.5642869570822997,0.07674818088408905
1785234532,panel_4,panel_4_f1_2,-1.3668481328897817,0.058673943197544966
1785234532,panel_4,panel_4_f1_2,-1.247770972233323,0.0488247614276186
1785234532,panel_4,panel_4_f1_2,-1.0926581252727516,0.03286477878044964
1785234532,panel_4,panel_4_f1_2,-1.0017615530217123,0.02511615147272513
1785234532,panel_4,panel_4_f1_2,-0.8809719200168763,0.011687155448905388
1785234532,panel_4,panel_4_f1_2,-0.8470883846316141,0.011237649470100268
1785234532,panel_4,panel_4_f1_2,-0.7861292106104791,0.003768396466408153
1785234532,panel_4,panel_4_f1_2,-0.7326440853659432,-0.0035671460274839897
1785234533,panel_4,panel_4_f1_2,-0.5648047001870835,-0.022727900666496232
1785234533,panel_4,panel_4_f1_2,-0.6022035534269956,-0.015325703969513571
1785234533,panel_4,panel_4_f1_2,-0.647527309493552,-0.007494398931187636
1785234533,panel_4,panel_4_f1_2,-0.6774740310045191,-0.0023103318022975163
1785234533,panel_4,panel_4_f1_2,-0.7092031172322018,0.002492827361126336
1785234533,panel_4,panel_4_f1_2,-0.7169698613068786,0.004667859505827433
1785234533,panel_4,panel_4_f1_2,-0.7192783243712604,0.006086922261886347
1785234533,panel_4,panel_4_f1_2,-0.756151188246956,0.009225891130608165
1785234533,panel_4,panel_4_f1_2,-0.7660185626430989,0.010428051259757144
1785234533,panel_4,panel_4_f1_2,-0.7973144928861714,0.011812815238960403
1785234533,panel_4,panel_4_f1_2,-0.8008993138051583,0.011981378781403302
1785234533,panel_4,panel_4_f1_2,-0.8113510645542886,0.011987851474596483
1785234533,panel_4,panel_4_f1_2,-0.7947928795633858,0.01174320144450211
1785234533,panel_4,panel_4_f1_2,-0.8054180673189264,0.01089299880985784
1785234533,panel_4,panel_4_f1_2,-0.7783731534636064,-0.0056132010252305095
1785234533,panel_4,panel_4_f1_3,0.6391784371257903,-0.04185731387154229
1785234533,panel_4,panel_4_f1_3,0.5867119097055753,-0.04485714375418577
1785234534,panel_4,panel_4_f1_3,0.5357448209490677,-0.04859106587186206
1785234534,panel_4,panel_4_f1_3,0.5347163591178478,-0.04828139667671977
1785234534,panel_4,panel_4_f1_3,0.4871299533668443,-0.05303511832658096
1785234534,panel_4,panel_4_f1_3,0.46504140655829995,-0.055418373049629786
1785234534,panel_4,panel_4_f1_3,0.4257514917349636,-0.0598337112310322
1785234535,panel_4,panel_4_f1_3,0.30611795008972115,-0.06607337126739499
1785234535,panel_4,panel_4_f1_3,0.29290831048481264,-0.06557828266171081
1785234535,panel_4,panel_4_f1_3,0.27896703346914253,-0.06480460654164104
1785234535,panel_4,panel_4_f1_3,0.27313483918922404,-0.06425283707110442
1785234535,panel_4,panel_4_f1_3,0.26903716438855324,-0.0638040724643148
1785234535,panel_4,panel_4_f1_3,0.26186240617154244,-0.06292239883030071
1785234535,panel_4,panel_4_f1_3,0.2552950880974427,-0.06194988240985868
1785234535,panel_4,panel_4_f1_3,0.24844758738618644,-0.06068023873890563
1785234535,panel_4,panel_4_f1_3,0.2453719389731369,-0.05993821867235792
1785234535,panel_4,panel_4_f1_3,0.24396253446861593,-0.05932284017579795
1785234535,panel_4,panel_4_f1_3,0.2446678024880951,-0.05893848040170066
1785234535,panel_4,panel_4_f1_3,0.2494431489128285,-0.05899886786877888
1785234535,panel_4,panel_4_f1_3,0.25366912745724873,-0.05810361588246135
1785234535,panel_4,panel_4_f1_3,0.2588007564796718,-0.05720250052898702
1785234535,panel_4,panel_4_f1_3,0.2673964979191456,-0.05530627664070172
1785234535,panel_4,panel_4_f1_3,0.277468049526628,-0.052548595321721
1785234535,panel_4,panel_4_f1_3,0.2790003887577087,-0.052304617840967155
1785234535,panel_4,panel_4_f1_3,0.284949555252926,-0.05013210027188553
1785234535,panel_4,panel_4_f1_3,0.2919722349299191,-0.04558733426796108
1785234535,panel_4,panel_4_f1_3,0.29757448480166926,-0.040518597228344166
1785234535,panel_4,panel_4_f1_3,0.29616966271103523,-0.03415124123858828
1785234535,panel_4,panel_4_f1_3,0.29873189868841993,-0.033967805050131326
1785234535,panel_4,panel_4_f1_3,0.2942316268345635,-0.03163887655713082
1785234535,panel_4,panel_4_f1_3,0.28887409777660783,-0.02976121877842969
1785234535,panel_4,panel_4_f1_3,0.2917218049892378,-0.029619681704343082
1785234536,panel_4,panel_4_f1_3,0.17206855063322238,-0.027337194870252327
1785234536,panel_4,panel_4_f1_3,0.14882683707818323,-0.027064558707104017
1785234536,panel_4,panel_4_f1_3,0.07228380687983246,-0.02668388734655334
1785234536,panel_4,panel_4_f1_3,0.022365394868653556,-0.026439594329040927
1785234536,panel_4,panel_4_f1_3,-0.03725759206541926,-0.026205829813719356
1785234536,panel_4,panel_4_f1_3,-0.06692628199235974,-0.026032312923571114
1785234536,panel_4,panel_4_f1_3,-0.10429616850554004,-0.025539287109223173
1785234536,panel_4,panel_4_f1_3,-0.16594216263437495,-0.024023429437515214
1785234536,panel_4,panel_4_f1_3,-0.25833906541794294,-0.020866591964305927
1785234536,panel_4,panel_4_f1_3,-0.34968930170036516,-0.016567780412590136
1785234536,panel_4,panel_4_f1_3,-0.2975657106140802,-0.013839100456384822
1785234536,panel_4,panel_4_f1_3,-0.24706762932722523,-0.010335016072339482
1785234536,panel_4,panel_4_f1_3,-0.19781189044026865,-0.006337739225398722
1785234536,panel_4,panel_4_f1_3,-0.1978118904402686,-0.006337739225398723
1785234536,panel_4,panel_4_f1_3,-0.1527647611845419,-0.0013348893183229033
1785234536,panel_4,panel_4_f1_3,-0.13198017322550443,0.001162191278530041
1785234536,panel_4,panel_4_f1_3,-0.0949690342766914,0.005640448869193429
1785234536,panel_4,panel_4_f1_3,-0.062902947390014,0.009163366673321892
1785234536,panel_4,panel_4_f1_3,-0.0650388777931265,0.009053107631740146
1785234536,panel_4,panel_4_f1_3,-0.03239604320739439,0.011239886934150562
1785234536,panel_4,panel_4_f1_3,-0.005177288270321402,0.012107392108648451
1785234537,panel_4,panel_4_f1_3,0.011461022329530612,0.012200129371374211
1785234537,panel_4,panel_4_f1_3,0.022241082596249396,0.011813167470649734
1785234537,panel_4,panel_4_f1_3,0.03522083529476972,0.010964927326405177
1785234537,panel_4,panel_4_f1_3,0.03853376450725698,0.01048097848234221
1785234537,panel_4,panel_4_f1_3,0.03892926525761498,0.009944880440480903
1785234538,panel_4,panel_4_f1_3,0.04728856083820341,0.0033160712678065485
1785234538,panel_4,panel_4_f1_3,0.04413251841579886,0.0021382683906563714
1785234538,panel_4,panel_4_f1_3,0.03929875862819074,0.0010911506288151392
1785234538,panel_4,panel_4_f1_3,0.03648039307367733,0.0005388932429318225
1785234538,panel_4,panel_4_f1_3,0.03162993362254264,-0.0003560188819190325
1785234538,panel_4,panel_4_f1_3,0.02912738802680792,-0.0007540734438417054
1785234538,panel_4,panel_4_f1_3,0.024624356393625875,-0.0013689228199098953
1785234538,panel_4,panel_4_f1_3,0.018355559875993,-0.002166011269860675
1785234538,panel_4,panel_4_f1_3,0.013180145999637993,-0.0026790405513271187
1785234538,panel_4,panel_4_f1_3,0.00934640044904154,-0.003056551617109943
1785234538,panel_4,panel_4_f1_3,0.006777018284854453,-0.003231913490161172
1785234538,panel_4,panel_4_f1_3,0.0034085533113273054,-0.003525782459745873
1785234538,panel_4,panel_4_f1_3,-0.003346122470635432,-0.004069809525987208
1785234538,panel_4,panel_4_f1_3,-0.00783027253234466,-0.00454294274462759
1785234538,panel_4,panel_4_f1_3,-0.015504369309533118,-0.005018043395195601
1785234538,panel_4,panel_4_f1_3,-0.022119874343067326,-0.005401499725311433
1785234538,panel_4,panel_4_f1_3,-0.03131476289973842,-0.005908289876151931
1785234538,panel_4,panel_4_f1_3,-0.03857093859736265,-0.006248617850611974
1785234538,panel_4,panel_4_f1_3,-0.04291663757287277,-0.006502538230235512
1785234538,panel_4,panel_4_f1_3,-0.04824371743909823,-0.006762540148392343
1785234538,panel_4,panel_4_f1_3,-0.0524163325789963,-0.007000515642522806
1785234538,panel_4,panel_4_f1_3,-0.05482693867910713,-0.007127139832840281
1785234538,panel_4,panel_4_f1_3,-0.05594326135490185,-0.00715189732573132
1785234538,panel_4,panel_4_f1_3,-0.057224328219663445,-0.007337244682384115
1785234539,panel_4,panel_4_f1_3,-0.060653184977953044,-0.008254812729170787
1785234539,panel_4,panel_4_f1_3,-0.060389579179514825,-0.008507956029056846
1785234539,panel_4,panel_4_f1_3,-0.05981249549479705,-0.00881967064066131
1785234539,panel_4,panel_4_f1_3,-0.05987768808343645,-0.00891294116177977
1785234539,panel_4,panel_4_f1_3,-0.058564909661654944,-0.00918400062474185
1785234539,panel_4,panel_4_f1_3,-0.05796383050986265,-0.009547254524901651
1785234539,panel_4,panel_4_f1_3,-0.056269604147561623,-0.009607915165386716
1785234539,panel_4,panel_4_f1_3,-0.05513078474316803,-0.009820029402971896
1785234539,panel_4,panel_4_f1_3,-0.053014153274333946,-0.0100124722723982
1785234539,panel_4,panel_4_f1_3,-0.049603948393945885,-0.010092827448778452
1785234539,panel_4,panel_4_f1_3,-0.047205737219521406,-0.010218393993233372
1785234539,panel_4,panel_4_f1_3,-0.047163846711642844,-0.010487635758341385
1785234539,panel_4,panel_4_f1_3,-0.04588602463121327,-0.010532872421988297
1785234539,panel_4,panel_4_f1_3,-0.04490090310735215,-0.01059101331466326
1785234539,panel_4,panel_4_f1_3,-0.043575302765836446,-0.010613195774785882
1785234539,panel_4,panel_4_f1_3,-0.040909538159511476,-0.010639338397126124
1785234539,panel_4,panel_4_f1_3,-0.036948345892103926,-0.0103914760951728
1785234539,panel_4,panel_4_f1_3,-0.03561900540714262,-0.01038881261506002
1785234539,panel_4,panel_4_f1_3,-0.03298072405387766,-0.010408669885818091
1785234539,panel_4,panel_4_f1_3,-0.03292018542519424,-0.010861096684050768
1785234539,panel_4,panel_4_f1_3,-0.030692359620269345,-0.010734511152650995
1785234540,panel_4,panel_4_f1_3,-0.029433560057723844,-0.010724647687861206
1785234540,panel_4,panel_4_f1_3,-0.02609756276412342,-0.01043716947950327
1785234540,panel_4,panel_4_f1_3,-0.0239906003784907,-0.010474243663044116
1785234540,panel_4,panel_4_f1_3,-0.020535702429582553,-0.010284549543204487
1785234540,panel_4,panel_4_f1_3,-0.018586900844402406,-0.010179392297856478
1785234541,panel_4,panel_4_f1_3,-0.010120244126324767,-0.011745209690574656
1785234541,panel_4,panel_4_f1_3,-0.009302410687059861,-0.01208097633480778
1785234541,panel_4,panel_4_f1_3,-0.007958978234154515,-0.01231485302972736
1785234541,panel_4,panel_4_f1_3,-0.006159477963301237,-0.012454034245032757
1785234541,panel_4,panel_4_f1_3,-0.004968407320321614,-0.012716963533344384
1785234541,panel_4,panel_4_f1_3,-0.004075258334783233,-0.012520019035750547
1785234541,panel_4,panel_4_f1_3,-0.0027209266829345074,-0.012533441435605147
1785234541,panel_4,panel_4_f1_3,-0.0016944247486685084,-0.012819422306229353
1785234541,panel_4,panel_4_f1_3,-0.0009045765090416725,-0.012880742744864233
1785234541,panel_4,panel_4_f1_3,-0.0002356690186002941,-0.01295236190486493
1785234541,panel_4,panel_4_f1_3,0.0008739006438357985,-0.01345186281939858
1785234541,panel_4,panel_4_f1_3,0.001533682258808499,-0.013800772036156652
1785234541,panel_4,panel_4_f1_3,0.0015336822588084991,-0.013800772036156652
1785234541,panel_4,panel_4_f1_3,0.0023739259003419666,-0.014036272307600173
1785234541,panel_4,panel_4_f1_3,0.0030994679076489563,-0.013964215065853769
1785234541,panel_4,panel_4_f1_3,0.003507872389037748,-0.01405251723820226
1785234541,panel_4,panel_4_f1_3,0.0041882525046955795,-0.01429540000202984
1785234541,panel_4,panel_4_f1_3,0.00469025956715391,-0.014273927121873758
1785234541,panel_4,panel_4_f1_3,0.005213754473116114,-0.01420528005276215
1785234541,panel_4,panel_4_f1_3,0.006360351663703582,-0.014352882371549448
1785234541,panel_4,panel_4_f1_3,0.0072382190861934185,-0.014276776466211198
1785234541,panel_4,panel_4_f1_3,0.007619217520963509,-0.014305612756681262
1785234541,panel_4,panel_4_f1_3,0.008437896600491537,-0.014218547497378338
1785234541,panel_4,panel_4_f1_3,0.00892989081275386,-0.01393881621760954
1785234542,panel_4,panel_4_f1_3,0.012416266740158237,-0.013254884426831894
1785234542,panel_4,panel_4_f1_3,0.012512438479353984,-0.013055005827214855
1785234542,panel_4,panel_4_f1_3,0.012842697507849768,-0.013089470437369488
1785234542,panel_4,panel_4_f1_3,0.012824782257870298,-0.012956347644908424
1785234542,panel_4,panel_4_f1_3,0.01293040498002971,-0.012731507240181829
1785234542,panel_4,panel_4_f1_3,0.01314162227565804,-0.012437631732545404
1785234542,panel_4,panel_4_f1_3,0.013245484816822391,-0.012373537546611817
1785234542,panel_4,panel_4_f1_3,0.013441947745234677,-0.012378887075159216
1785234542,panel_4,panel_4_f1_3,0.013509275494478452,-0.012301346178211098
1785234542,panel_4,panel_4_f1_3,0.013620258395009419,-0.0121328528719646
1785234542,panel_4,panel_4_f1_3,0.013731896660125262,-0.01200922791702862
1785234542,panel_4,panel_4_f1_3,0.01383286888099908,-0.011985293013096478
1785234542,panel_4,panel_4_f1_3,0.013853586113611059,-0.011770442551648748
1785234542,panel_4,panel_4_f1_3,0.013788808495558287,-0.011460878261064344
1785234542,panel_4,panel_4_f1_3,0.013838910625505638,-0.011270732085310396
1785234542,panel_4,panel_4_f1_3,0.013752060190678303,-0.010919381806809878
1785234542,panel_4,panel_4_f1_3,0.013733265542955604,-0.010670001534763128
1785234543,panel_4,panel_4_f1_3,0.013721255618628761,-0.01042560354525057
1785234543,panel_4,panel_4_f1_3,0.013627661417905697,-0.010037132588487784
1785234543,panel_4,panel_4_f1_3,0.0136410201699489,-0.00975957704585394
1785234543,panel_4,panel_4_f1_3,0.013588278520877285,-0.009411773010053215
1785234543,panel_4,panel_4_f1_3,0.01352365792910027,-0.009056344284438082
1785234544,panel_4,panel_4_f1_3,0.012077521963151589,-0.007288396421476222
1785234544,panel_4,panel_4_f1_3,0.011605216505369824,-0.006910760468249438
1785234544,panel_4,panel_4_f1_3,0.011566843019375342,-0.006960996478601172
1785234544,panel_4,panel_4_f1_3,0.011045624525840674,-0.006599585468379223
1785234544,panel_4,panel_4_f1_3,0.010732234240477286,-0.00645960651776858
1785234544,panel_4,panel_4_f1_3,0.01025609864334341,-0.006423613964527352
1785234544,panel_4,panel_4_f1_3,0.00962140459757916,-0.006136498231783792
1785234544,panel_4,panel_4_f1_3,0.009238621862414887,-0.006032384034610344
1785234544,panel_4,panel_4_f1_3,0.008865891661243581,-0.005924009517989603
1785234544,panel_4,panel_4_f1_3,0.00784174435906441,-0.005574753005183142
1785234544,panel_4,panel_4_f1_3,0.007007548352119944,-0.0054317416144678875
1785234544,panel_4,panel_4_f1_3,0.006434935036229661,-0.0054499844886858806
1785234544,panel_4,panel_4_f1_3,0.00580238698278023,-0.00521665749850188
1785234544,panel_4,panel_4_f1_3,0.005208194943424994,-0.005263771950043854
1785234544,panel_4,panel_4_f1_3,0.004750848501951083,-0.005241068142650582
1785234544,panel_4,panel_4_f1_3,0.004437942469778105,-0.005137988583298208
1785234544,panel_4,panel_4_f1_3,0.0036791209279455122,-0.005034045491344294
1785234544,panel_4,panel_4_f1_3,0.0029431167287435494,-0.00494066769429401
1785234544,panel_4,panel_4_f1_3,0.002665212844836409,-0.0048469622072822936
1785234544,panel_4,panel_4_f1_3,0.001996211232122831,-0.0047734489357643016
1785234544,panel_4,panel_4_f1_3,0.001484097373213937,-0.004914253411217382
1785234544,panel_4,panel_4_f1_3,0.0011300205470501556,-0.00494544011344089
1785234544,panel_4,panel_4_f1_3,0.000492878493410635,-0.005019225047584174
1785234544,panel_4,panel_4_f1_3,0.00025110234752019677,-0.0050813332571751505
1785234545,panel_4,panel_4_f1_3,-0.0011741465262859205,-0.005504693888293677
1785234545,panel_4,panel_4_f1_3,-0.0014348285958796427,-0.0054461257369887725
1785234545,panel_4,panel_4_f1_3,-0.0016297643215394523,-0.005585970446665804
1785234545,panel_4,panel_4_f1_3,-0.0019161344485113443,-0.005672913817406009
1785234545,panel_4,panel_4_f1_3,-0.0021425235379493404,-0.005609900540781382
1785234545,panel_4,panel_4_f1_3,-0.0024103417340192515,-0.005673959975447614
1785234545,panel_4,panel_4_f1_3,-0.002606722194545947,-0.005625116847133287
1785234545,panel_4,panel_4_f1_3,-0.0027937200949146,-0.005737790981691864
1785234545,panel_4,panel_4_f1_3,-0.003115803648969776,-0.005695714482706794
1785234545,panel_4,panel_4_f1_3,-0.0033183765480361716,-0.005780382203369478
1785234545,panel_4,panel_4_f1_3,-0.0035782784374297854,-0.005790625248125483
1785234545,panel_4,panel_4_f1_3,-0.0037784526626011227,-0.005711740884522114
1785234545,panel_4,panel_4_f1_3,-0.003918032194552383,-0.00570620358359652
1785234545,panel_4,panel_4_f1_3,-0.004192772635828352,-0.005585510740091263
1785234545,panel_4,panel_4_f1_3,-0.004483186516295736,-0.005553924876763135
1785234545,panel_4,panel_4_f1_3,-0.004676678825194732,-0.005477222647821598
1785234545,panel_4,panel_4_f1_3,-0.004720274139093797,-0.00542108524979016
1785234545,panel_4,panel_4_f1_3,-0.004920007978452693,-0.005286887348372538
1785234545,panel_4,panel_4_f1_3,-0.005130776143108885,-0.0052202635281036105
1785234545,panel_4,panel_4_f1_3,-0.005161299838174129,-0.00511941402089783
1785234545,panel_4,panel_4_f1_3,-0.005280802256486929,-0.005034603014658661
1785234546,panel_4,panel_4_f1_3,-0.00537485148134195,-0.005033517657496726
1785234546,panel_4,panel_4_f1_3,-0.00541516484303641,-0.004969045653205187
1785234546,panel_4,panel_4_f1_3,-0.005417378271758889,-0.00488931757395088
1785234546,panel_4,panel_4_f1_3,-0.005386805513626976,-0.004799187757353143
1785234546,panel_4,panel_4_f1_3,-0.005327780468085574,-0.004707086968501655
1785234547,panel_4,panel_4_f1_3,-0.004066121392930913,-0.003716775823302667
1785234547,panel_4,panel_4_f1_3,-0.0038014574126372176,-0.003551815415201318
1785234547,panel_4,panel_4_f1_3,-0.003408008070985375,-0.003284715707604913
1785234547,panel_4,panel_4_f1_3,-0.003251245476201806,-0.0031316183022466393
1785234547,panel_4,panel_4_f1_3,-0.002841898187467811,-0.0028348089657753823
1785234547,panel_4,panel_4_f1_3,-0.002629303892078996,-0.0026698009170508723
1785234547,panel_4,panel_4_f1_3,-0.00256539654042106,-0.0025876477660151747
1785234547,panel_4,panel_4_f1_3,-0.0023068629712963426,-0.002328300624498221
1785234547,panel_4,panel_4_f1_3,-0.0021077170262414472,-0.002148248303590128
1785234547,panel_4,panel_4_f1_3,-0.0020345284734479513,-0.002010323281796948
1785234547,panel_4,panel_4_f1_3,-0.0017997915203329534,-0.0016931768603230687
1785234547,panel_4,panel_4_f1_3,-0.0014804593282082754,-0.0013221808999965513
1785234547,panel_4,panel_4_f1_3,-0.0013396302988749312,-0.001139715587897459
1785234547,panel_4,panel_4_f1_3,-0.0010980351465218192,-0.0008407936969426202
1785234547,panel_4,panel_4_f1_3,-0.0009823002112540025,-0.0006690279444818754
1785234547,panel_4,panel_4_f1_3,-0.0007974792036888601,-0.0003752955741050353
1785234547,panel_4,panel_4_f1_3,-0.0006046806129756145,-5.773881121692514e-05
1785234547,panel_4,panel_4_f1_3,-0.0005077544967684966,0.00010718350207813671
1785234547,panel_4,panel_4_f1_3,-0.0004377610439541242,0.00022332550834590885
1785234547,panel_4,panel_4_f1_3,-0.0003474964385890267,0.0003620610829652444
1785234547,panel_4,panel_4_f1_3,-0.00027029750647157336,0.00045599175243640224
1785234547,panel_4,panel_4_f1_3,-0.0001557661908361429,0.0006686885116058485
1785234547,panel_4,panel_4_f1_3,1.8384742786517375e-05,0.0008896678908872393
1785234547,panel_4,panel_4_f1_3,8.379441275977581e-05,0.0009888743650827518
1785234547,panel_4,panel_4_f1_3,0.00025755857385804725,0.0011840963215556772
1785234548,panel_4,panel_4_f1_3,0.0012995064857819069,0.0018074843042498881
1785234548,panel_4,panel_4_f1_3,0.0014476256379484032,0.0018512929696722813
1785234548,panel_4,panel_4_f1_3,0.0017066726461572896,0.0018509698694415145
1785234548,panel_4,panel_4_f1_3,0.001935461291300685,0.001869591856095624
1785234548,panel_4,panel_4_f1_3,0.002244812845127513,0.0019075933371822066
1785234548,panel_4,panel_4_f1_3,0.002405645699392857,0.0019136690570718965
1785234548,panel_4,panel_4_f1_3,0.0024711554972960672,0.001877319230363877
1785234548,panel_4,panel_4_f1_3,0.002631085223782142,0.001862203762942017
1785234548,panel_4,panel_4_f1_3,0.002919507758599913,0.0017977022858563822
1785234548,panel_4,panel_4_f1_3,0.003045500366083112,0.0016849367781081308
1785234548,panel_4,panel_4_f1_3,0.0032310188384130473,0.0016358887364381406
1785234548,panel_4,panel_4_f1_3,0.0033250680632680696,0.0016348033792762055
1785234548,panel_4,panel_4_f1_3,0.0035169346035951576,0.001465245161637446
1785234548,panel_4,panel_4_f1_3,0.003684299617414764,0.0012451254952375204
1785234548,panel_4,panel_4_f1_3,0.003756737632328614,0.001116006631653485
1785234548,panel_4,panel_4_f1_3,0.0037358238784054323,0.0010621233392093445
1785234548,panel_4,panel_4_f1_3,0.0038705042317730295,0.0008101813955312991
1785234548,panel_4,panel_4_f1_3,0.003828109663248055,0.0005912832352098877
1785234548,panel_4,panel_4_f1_3,0.003795715731892566,0.0003968875878107514
1785234548,panel_4,panel_4_f1_3,0.003809276601315315,0.0002390280573180013
1785234548,panel_4,panel_4_f1_3,0.003770429628427963,-0.00014424289074484262
1785234549,panel_4,panel_4_f1_3,0.0037750542267907367,-0.0004901457998410403
1785234549,panel_4,panel_4_f1_3,0.003878038172390475,-0.000759290113910192
1785234549,panel_4,panel_4_f1_3,0.003903781508461526,-0.0010977455118812243
1785234549,panel_4,panel_4_f1_3,0.0039269516312086805,-0.0014778423554300596
1785234549,panel_4,panel_4_f1_3,0.0038940098160611253,-0.0017368443815942744
1785234550,panel_4,panel_4_f1_3,0.0039748860632094355,-0.00339144607168176
1785234550,panel_4,panel_4_f1_3,0.003957647686290141,-0.0034575072715200277
1785234550,panel_4,panel_4_f1_3,0.003885847150603039,-0.00349362425563405
1785234550,panel_4,panel_4_f1_3,0.003781535107722647,-0.0035013114475080697
1785234550,panel_4,panel_4_f1_3,0.0036233103606846655,-0.0034927047769683656
1785234550,panel_4,panel_4_f1_3,0.0033491887330932284,-0.003416108126056805
1785234550,panel_4,panel_4_f1_3,0.0032156458956929777,-0.00338298286137154
1785234550,panel_4,panel_4_f1_3,0.0030580725906343515,-0.003333011024342967
1785234550,panel_4,panel_4_f1_3,0.0027863070200931563,-0.003228909643245492
1785234550,panel_4,panel_4_f1_3,0.0024394220148875444,-0.003100509699247928
1785234550,panel_4,panel_4_f1_3,0.002235973896783803,-0.0030246387450093186
1785234550,panel_4,panel_4_f1_3,0.0017894083029400961,-0.002858016202161617
1785234550,panel_4,panel_4_f1_3,0.0013426859047961895,-0.002692926882893213
1785234550,panel_4,panel_4_f1_3,0.0010355408726176242,-0.0025835623086219377
1785234550,panel_4,panel_4_f1_3,0.0009341257572748446,-0.0025533384245732633
1785234550,panel_4,panel_4_f1_3,0.00016069068114442863,-0.002284949117189489
1785234550,panel_4,panel_4_f1_3,-0.000470741551683712,-0.0020803005520920615
1785234550,panel_4,panel_4_f1_3,-0.0011038210768851858,-0.001873928817834773
1785234550,panel_4,panel_4_f1_3,-0.0017865924202529612,-0.0016531311287041777
1785234550,panel_4,panel_4_f1_3,-0.002428262625605495,-0.0014498323804987448
1785234550,panel_4,panel_4_f1_3,-0.0030955852960490486,-0.001246149224466131
1785234550,panel_4,panel_4_f1_3,-0.0037247042356155246,-0.0010683391336530324
1785234551,panel_4,panel_4_f1_3,-0.006134129007831065,-0.0003244669483547312
1785234551,panel_4,panel_4_f1_3,-0.0070521264470956345,-0.00010285223133989201
1785234551,panel_4,panel_4_f1_3,-0.0073348160115207315,-5.267958274268816e-05
1785234551,panel_4,panel_4_f1_3,-0.0077437550502283455,0.00014839798728981382
1785234551,panel_4,panel_4_f1_3,-0.008159364606861876,0.00038255979339863366
1785234551,panel_4,panel_4_f1_3,-0.008771771193792159,0.000555561587022705
1785234551,panel_4,panel_4_f1_3,-0.009044793427827559,0.000595876728699564
1785234551,panel_4,panel_4_f1_3,-0.009476791570515938,0.0008545138958038764
1785234551,panel_4,panel_4_f1_3,-0.009811609852733659,0.00099401037005183
1785234551,panel_4,panel_4_f1_3,-0.00988166323498873,0.001098941096118832
1785234551,panel_4,panel_4_f1_3,-0.010501102431141572,0.0012813749860417622
1785234551,panel_4,panel_4_f1_3,-0.0112009953559296,0.001573422439461562
1785234551,panel_4,panel_4_f1_3,-0.011837099753599251,0.0018525980249952357
1785234551,panel_4,panel_4_f1_3,-0.012340857032703857,0.0021104011884409755
1785234551,panel_4,panel_4_f1_3,-0.012779503185955077,0.002348993072684624
1785234551,panel_4,panel_4_f1_3,-0.013232090107177859,0.0025943795174678
1785234551,panel_4,panel_4_f1_3,-0.013861144290316443,0.0027350146182991597
1785234551,panel_4,panel_4_f1_3,-0.014580242766313527,0.002899121587207758
1785234551,panel_4,panel_4_f1_3,-0.015179621669308824,0.0029386735749715866
1785234551,panel_4,panel_4_f1_3,-0.015546633580158542,0.003053527633338936
1785234551,panel_4,panel_4_f1_3,-0.015878849455961283,0.003135645871581047
1785234552,panel_4,panel_4_f1_3,-0.016204796027473396,0.003032125028684494
1785234552,panel_4,panel_4_f1_3,-0.016305989209395383,0.0031195440205881797
1785234552,panel_4,panel_4_f1_3,-0.016563810592552294,0.0029723285939141555
1785234552,panel_4,panel_4_f1_3,-0.016563810592552294,0.0029723285939141555
1785234552,panel_4,panel_4_f1_3,-0.016699059914867986,0.00285959764049668
1785234552,panel_4,panel_4_f1_3,-0.016724972606166455,0.002802014983991735
1785234552,panel_4,panel_4_f1_3,-0.01542270858161624,0.002037243893383913
1785234552,panel_4,panel_4_f1_3,-0.015151794056462775,0.0019273888748679404
1785234552,panel_4,panel_4_f1_3,-0.014623558723465642,0.0017582613841777039
1785234552,panel_4,panel_4_f1_3,-0.014199846371989153,0.0016159373577632542
1785234552,panel_4,panel_4_f1_3,-0.013401452299499694,0.001407953582252212
1785234552,panel_4,panel_4_f1_3,-0.012660090479168084,0.0012537976214030304
1785234552,panel_4,panel_4_f1_3,-0.011765168059713373,0.0010358519992447013
1785234552,panel_4,panel_4_f1_3,-0.011055435780395893,0.0008430132896602337
1785234552,panel_4,panel_4_f1_3,-0.01084172770250486,0.0007624903879364702
1785234552,panel_4,panel_4_f1_3,-0.01084172770250486,0.0007624903879364702
1785234552,panel_4,panel_4_f1_3,-0.009533861122804785,0.0004473501084032624
1785234552,panel_4,panel_4_f1_3,-0.007988949252097914,0.00016880128181224848
1785234553,panel_4,panel_4_f1_3,-0.006706344562888943,-9.314256239051894e-05
1785234553,panel_4,panel_4_f1_3,-0.005450038254423338,-0.00033418348817033575
1785234553,panel_4,panel_4_f1_3,-0.0049251628582513435,-0.0004932936377889093
1785234553,panel_4,panel_4_f1_3,-0.003989335080456684,-0.0006869555407993717
1785234553,panel_4,panel_4_f1_3,-0.003027235004593607,-0.0008729229885628315
1785234553,panel_4,panel_4_f1_3,-0.0016439569864830333,-0.0010962188242801538
1785234553,panel_4,panel_4_f1_3,-0.00023919107427811863,-0.0013139640613283132
1785234553,panel_4,panel_4_f1_3,0.000757181745893436,-0.0014818374289475298
1785234553,panel_4,panel_4_f1_3,0.001871959099848333,-0.0016397970134576687
1785234553,panel_4,panel_4_f1_3,0.0035475237709606785,-0.0019086610476396798
1785234553,panel_4,panel_4_f1_3,0.005041855413244596,-0.0021378181133303994
1785234553,panel_4,panel_4_f1_3,0.006120279067842859,-0.0023139953117297094
1785234553,panel_4,panel_4_f1_3,0.007185986194351053,-0.002501048086289484
1785234553,panel_4,panel_4_f1_3,0.008505669860832786,-0.002737211257370236
1785234553,panel_4,panel_4_f1_3,0.009877985176828075,-0.0030294377854709225
1785234554,panel_4,panel_4_f1_3,0.015092878945410393,-0.0043292212107547716
1785234554,panel_4,panel_4_f1_3,0.01637679178274761,-0.004684416561100479
1785234554,panel_4,panel_4_f1_3,0.016723782744561613,-0.004724129542172901
1785234554,panel_4,panel_4_f1_3,0.01763313556021656,-0.004996671681698987
1785234554,panel_4,panel_4_f1_3,0.018533729072103797,-0.005261377746305869
1785234554,panel_4,panel_4_f1_3,0.01906252873182489,-0.005280651458219351
1785234554,panel_4,panel_4_f1_3,0.019886979310904915,-0.0053801380808361195
1785234554,panel_4,panel_4_f1_3,0.02041048391504558,-0.005337271712692954
1785234554,panel_4,panel_4_f1_3,0.02108594475460509,-0.005532292257065367
1785234554,panel_4,panel_4_f1_3,0.02163879561465182,-0.005688703350629758
1785234554,panel_4,panel_4_f1_3,0.022329448895627265,-0.005808652923667668
1785234554,panel_4,panel_4_f1_3,0.02276940611960188,-0.006114215043932392
1785234554,panel_4,panel_4_f1_3,0.023346510724412625,-0.006214148148180293
1785234554,panel_4,panel_4_f1_3,0.023592405050705006,-0.006430775089615624
1785234554,panel_4,panel_4_f1_3,0.02391908096538272,-0.0064944126380417876
1785234554,panel_4,panel_4_f1_3,0.02394628812032413,-0.006417214406238892
1785234554,panel_4,panel_4_f1_3,0.024103633020623114,-0.006544921955707621
1785234554,panel_4,panel_4_f1_3,0.024024672659464157,-0.00647473309233094
1785234554,panel_4,panel_4_f1_3,0.02383873366139704,-0.006453076476825278
1785234554,panel_4,panel_4_f1_3,0.02370243734813993,-0.0066065309008433125
1785234554,panel_4,panel_4_f1_3,0.023577980368672154,-0.0066365247307960265
1785234555,panel_4,panel_4_f1_3,0.023209592039755363,-0.006708008760088241
1785234555,panel_4,panel_4_f1_3,0.023039133624038293,-0.00676059776632545
1785234555,panel_4,panel_4_f1_3,0.022526593602522845,-0.006664237755108698
1785234555,panel_4,panel_4_f1_3,0.021806540753806853,-0.006867899397226428
1785234555,panel_4,panel_4_f1_3,0.021233590578032445,-0.006884324939959937
1785234556,panel_4,panel_4_f1_3,0.017445791737942334,-0.0073698498048721285
1785234556,panel_4,panel_4_f1_3,0.01622807984581473,-0.007556102018003571
1785234556,panel_4,panel_4_f1_3,0.01576454468820413,-0.007812332316571766
1785234556,panel_4,panel_4_f1_3,0.01505816855356565,-0.007951405906796874
1785234556,panel_4,panel_4_f1_3,0.014327151038715194,-0.00809751561639593
1785234556,panel_4,panel_4_f1_3,0.013340322153495903,-0.008110675047849052
1785234556,panel_4,panel_4_f1_3,0.012148786367331568,-0.008231128978437178
1785234556,panel_4,panel_4_f1_3,0.011542464896528628,-0.008294432947226994
1785234556,panel_4,panel_4_f1_3,0.010518093777639874,-0.008308957846653737
1785234556,panel_4,panel_4_f1_3,0.009294231849249046,-0.008439590255139006
1785234556,panel_4,panel_4_f1_3,0.007925983396570954,-0.008354109540824751
1785234556,panel_4,panel_4_f1_3,0.006712980843096175,-0.00848109781594934
1785234556,panel_4,panel_4_f1_3,0.00572287621302643,-0.008468535283345817
1785234556,panel_4,panel_4_f1_3,0.004797759445529323,-0.008414981773666938
1785234556,panel_4,panel_4_f1_3,0.003287052068326533,-0.008430099266777095
1785234556,panel_4,panel_4_f1_3,0.002169762089309568,-0.008521688780289572
1785234556,panel_4,panel_4_f1_3,0.0014881462700047114,-0.00833625854235548
1785234556,panel_4,panel_4_f1_3,0.000299180375810897,-0.008177982460209194
1785234556,panel_4,panel_4_f1_3,-0.0004791887767929108,-0.008369147130900449
1785234556,panel_4,panel_4_f1_3,-0.0017985945170065324,-0.008306965334912323
1785234556,panel_4,panel_4_f1_3,-0.0030081318725555706,-0.008258550817451516
1785234556,panel_4,panel_4_f1_3,-0.00320957906509323,-0.008381327662067055
1785234556,panel_4,panel_4_f1_3,-0.004030217777666084,-0.008256070836925363
1785234556,panel_4,panel_4_f1_3,-0.005039883717576562,-0.008274858213154568
1785234556,panel_4,panel_4_f1_3,-0.005332103783849487,-0.008502312061434541
1785234557,panel_4,panel_4_f1_3,-0.007913047010143793,-0.008296107341144485
1785234557,panel_4,panel_4_f1_3,-0.008185907012662282,-0.008174326578573364
1785234557,panel_4,panel_4_f1_3,-0.00836786777071336,-0.008040710114730435
1785234557,panel_4,panel_4_f1_3,-0.00857674141271044,-0.007827472435043526
1785234557,panel_4,panel_4_f1_3,-0.008398652869324792,-0.007897778056129413
1785234557,panel_4,panel_4_f1_3,-0.008328889967057943,-0.007733109470132109
1785234557,panel_4,panel_4_f1_3,-0.008144637490840883,-0.00764119817921276
1785234557,panel_4,panel_4_f1_3,-0.007813555722145947,-0.007423223143847152
1785234557,panel_4,panel_4_f1_3,-0.007827360471915444,-0.007117905622501776
1785234557,panel_4,panel_4_f1_3,-0.007276666146403996,-0.006928736971993191
1785234557,panel_4,panel_4_f1_3,-0.006949770759478375,-0.00666196294405207
1785234557,panel_4,panel_4_f1_3,-0.006732402833740111,-0.006513171662228364
1785234557,panel_4,panel_4_f1_3,-0.006512245875053052,-0.006443366377317695
1785234557,panel_4,panel_4_f1_3,-0.005897198480643966,-0.005992808096493916
1785234557,panel_4,panel_4_f1_3,-0.005366708183567025,-0.005720089148035468
1785234557,panel_4,panel_4_f1_3,-0.0050563327858381855,-0.0055333043812280545
1785234557,panel_4,panel_4_f1_3,-0.0045667731224920665,-0.005234649157636249
1785234557,panel_4,panel_4_f1_3,-0.003947524491234084,-0.0048846773070618296
1785234557,panel_4,panel_4_f1_3,-0.0034893628363552843,-0.0046016168774254485
1785234557,panel_4,panel_4_f1_3,-0.002989729470691201,-0.004299689969006696
1785234558,panel_4,panel_4_f1_3,-0.0020857439558629475,-0.0037267770520579163
1785234558,panel_4,panel_4_f1_3,-0.001211827474217438,-0.003178402196285796
1785234558,panel_4,panel_4_f1_3,-0.00017504584209927586,-0.0024873211678610534
1785234558,panel_4,panel_4_f1_3,0.0004979991245641577,-0.0020145853553515873
1785234558,panel_4,panel_4_f1_3,0.0009935706982078971,-0.0016800473162894328
1785234559,panel_4,panel_4_f1_3,0.003924907913082256,0.0020022196975855067
1785234559,panel_4,panel_4_f1_3,0.00406729078298852,0.0024849803828226585
1785234559,panel_4,panel_4_f1_3,0.004245004887155949,0.002894008966107021
1785234559,panel_4,panel_4_f1_3,0.0038965385124583004,0.0030369399513806884
1785234559,panel_4,panel_4_f1_3,0.003531039433839641,0.0033474275085140625
1785234559,panel_4,panel_4_f1_3,0.003511027344095421,0.003754753910182501
1785234559,panel_4,panel_4_f1_3,0.0033554026693056334,0.004104916334656109
1785234559,panel_4,panel_4_f1_3,0.0033998996973907403,0.004391197610830604
1785234559,panel_4,panel_4_f1_3,0.0030978184105346636,0.0045687336666443215
1785234559,panel_4,panel_4_f1_3,0.0025559740037099316,0.004745763126153872
1785234559,panel_4,panel_4_f1_3,0.002175780955473024,0.005056673957582474
1785234559,panel_4,panel_4_f1_3,0.0016667875149902233,0.005314477082354312
1785234559,panel_4,panel_4_f1_3,0.0014943716180331813,0.005542062341488309
1785234559,panel_4,panel_4_f1_3,0.0005208457977604272,0.00586810953117132
1785234559,panel_4,panel_4_f1_3,-0.0002573318688059431,0.005969400653402159
1785234559,panel_4,panel_4_f1_3,-0.0006294771629138832,0.0060586741696326595
1785234559,panel_4,panel_4_f1_3,-0.0010547716065448993,0.0060547947388776445
1785234559,panel_4,panel_4_f1_3,-0.0018818788732970807,0.006171391772384147
1785234559,panel_4,panel_4_f1_3,-0.002334343584921498,0.0062898580462298695
1785234559,panel_4,panel_4_f1_3,-0.0027924893890019474,0.006364852099125269
1785234559,panel_4,panel_4_f1_3,-0.0031782282038079995,0.006356109219523909
1785234559,panel_4,panel_4_f1_3,-0.003993682998158095,0.006408451168050647
1785234560,panel_4,panel_4_f1_3,-0.008857415638140081,0.006143610699873614
1785234560,panel_4,panel_4_f1_3,-0.009900311465305924,0.006044327559865829
1785234560,panel_4,panel_4_f1_3,-0.010564323505045787,0.005947558795005546
1785234560,panel_4,panel_4_f1_3,-0.01152867536456512,0.005750654574432352
1785234560,panel_4,panel_4_f1_3,-0.012161033383911899,0.005552473454930481
1785234560,panel_4,panel_4_f1_3,-0.012689882151524811,0.005427840842062743
1785234560,panel_4,panel_4_f1_3,-0.013095245537092124,0.005281855346452302
1785234560,panel_4,panel_4_f1_3,-0.013761528856443512,0.005000030181115664
1785234560,panel_4,panel_4_f1_3,-0.01402610964363315,0.004876905266007533
1785234560,panel_4,panel_4_f1_3,-0.014279380239360713,0.004725721449792066
1785234560,panel_4,panel_4_f1_3,-0.014798096253491523,0.00434387578202741
1785234560,panel_4,panel_4_f1_3,-0.015030034560917447,0.004105395593289424
1785234560,panel_4,panel_4_f1_3,-0.0154828943239978,0.003701863933349836
1785234560,panel_4,panel_4_f1_3,-0.015677972699725852,0.003450499148933098
1785234560,panel_4,panel_4_f1_3,-0.01544793743082535,0.003411986152600607
1785234560,panel_4,panel_4_f1_3,-0.015311824070580928,0.0032083905622618193
1785234560,panel_4,panel_4_f1_3,-0.015031539146657622,0.0030675447184913456
1785234560,panel_4,panel_4_f1_3,-0.01464884541682209,0.0029552104740329767
1785234560,panel_4,panel_4_f1_3,-0.014851488496039395,0.0025561491407343866
1785234560,panel_4,panel_4_f1_3,-0.01424607188529461,0.0026564625261152556
1785234561,panel_4,panel_4_f1_3,-0.01361379546429372,0.0026280782450723273
1785234561,panel_4,panel_4_f1_3,-0.013601999032654244,0.002516905497780125
1785234561,panel_4,panel_4_f1_3,-0.01242186797166595,0.002447785938467098
1785234561,panel_4,panel_4_f1_3,-0.011923839588112732,0.0023781641342864386
1785234561,panel_4,panel_4_f1_3,-0.010968998300583607,0.0024048156982284324
1785234562,panel_4,panel_4_f1_3,-0.004166569715858749,0.0031879785345964875
1785234562,panel_4,panel_4_f1_3,-0.002893257052204701,0.0034084978529020865
1785234562,panel_4,panel_4_f1_3,-0.001896831798461723,0.0034735914949748908
1785234562,panel_4,panel_4_f1_3,-0.0009152857491955848,0.0035503994144808065
1785234562,panel_4,panel_4_f1_3,-6.29536062267791e-05,0.003832409065515889
1785234562,panel_4,panel_4_f1_3,0.0016073008789675152,0.004117582167471284
1785234562,panel_4,panel_4_f1_3,0.0028260773528525885,0.004419965803303446
1785234562,panel_4,panel_4_f1_3,0.003529160907830808,0.0047373029399402885
1785234562,panel_4,panel_4_f1_3,0.0042270708142105465,0.005142819093830142
1785234562,panel_4,panel_4_f1_3,0.0051502842196745145,0.00531818652154837
1785234562,panel_4,panel_4_f1_3,0.005665469609885255,0.005615015204746246
1785234562,panel_4,panel_4_f1_3,0.0061594046131371065,0.006128304971877103
1785234562,panel_4,panel_4_f1_3,0.0065568577873905,0.0063078986083134995
1785234562,panel_4,panel_4_f1_3,0.007176199756264077,0.006499552873684763
1785234562,panel_4,panel_4_f1_3,0.007381220352327668,0.007040207809906888
1785234562,panel_4,panel_4_f1_3,0.0075818680516485815,0.00740851891459735
1785234562,panel_4,panel_4_f1_3,0.007835002775293755,0.007555334113525617
1785234562,panel_4,panel_4_f1_3,0.008332211164532009,0.007760587240966355
1785234562,panel_4,panel_4_f1_3,0.009072037246794635,0.008118923269588402
1785234562,panel_4,panel_4_f1_3,0.009226952077235897,0.008311448840577282
1785234562,panel_4,panel_4_f1_3,0.009927765817870212,0.008532958586084301
1785234562,panel_4,panel_4_f1_3,0.01010297194812696,0.008911738779246831
1785234562,panel_4,panel_4_f1_3,0.010305035798005804,0.009293764299967616
1785234563,panel_4,panel_4_f1_3,0.008220244970757946,0.011511705010693539
1785234563,panel_4,panel_4_f1_3,0.007465956441018098,0.011799956753650677
1785234563,panel_4,panel_4_f1_3,0.006720951832461189,0.012099519901336564
1785234563,panel_4,panel_4_f1_3,0.005734221032514345,0.012468252193491878
1785234563,panel_4,panel_4_f1_3,0.004660290149638298,0.012686223187379523
1785234563,panel_4,panel_4_f1_3,0.003873763064256119,0.012725688494759142
1785234563,panel_4,panel_4_f1_3,0.0029211156188892183,0.012782336303577904
1785234563,panel_4,panel_4_f1_3,0.0016563938655229503,0.012938135574971516
1785234563,panel_4,panel_4_f1_3,0.001310571345145851,0.013096820585738744
1785234563,panel_4,panel_4_f1_3,-1.7588120486412839e-06,0.013217778667994375
1785234563,panel_4,panel_4_f1_3,-0.0013194576046002204,0.013322767568370069
1785234563,panel_4,panel_4_f1_3,-0.0019375840577858861,0.013638384029379233
1785234563,panel_4,panel_4_f1_3,-0.0034653267257875207,0.013572069679989697
1785234563,panel_4,panel_4_f1_3,-0.004087921560171156,0.013612966443269042
1785234563,panel_4,panel_4_f1_3,-0.005292684133156846,0.013685057652464451
1785234563,panel_4,panel_4_f1_3,-0.0064464067977304815,0.013748060798757216
1785234563,panel_4,panel_4_f1_3,-0.007000594131667316,0.013776186986562697
1785234563,panel_4,panel_4_f1_3,-0.007669367234470997,0.013518098247993873
1785234563,panel_4,panel_4_f1_3,-0.008255097030610515,0.013728789684489871
1785234564,panel_4,panel_4_f1_3,-0.008861994670878712,0.01390374136351541
1785234564,panel_4,panel_4_f1_3,-0.009516203867418338,0.013822147726090783
1785234564,panel_4,panel_4_f1_3,-0.010769663646274068,0.013846220261224429
1785234564,panel_4,panel_4_f1_3,-0.011491049111162603,0.013885185117129868
1785234564,panel_4,panel_4_f1_3,-0.01187506912832385,0.014098563589750441
1785234565,panel_4,panel_4_f1_3,-0.014080578298764935,0.014347937074839471
1785234565,panel_4,panel_4_f1_3,-0.014151502213026478,0.014398001952703
1785234565,panel_4,panel_4_f1_3,-0.014200318711010835,0.014551565370836794
1785234565,panel_4,panel_4_f1_3,-0.014226440000719149,0.014450339535621304
1785234565,panel_4,panel_4_f1_3,-0.014136613871795758,0.01475173254818064
1785234565,panel_4,panel_4_f1_3,-0.014005260384388495,0.01500327117316856
1785234565,panel_4,panel_4_f1_3,-0.013720467121516882,0.014966821246993767
1785234565,panel_4,panel_4_f1_3,-0.013422926869237805,0.015110002007301348
1785234565,panel_4,panel_4_f1_3,-0.013184485857569817,0.015480057894879495
1785234565,panel_4,panel_4_f1_3,-0.012925136364816984,0.015743396212973593
1785234565,panel_4,panel_4_f1_3,-0.012543734998184761,0.0159391091434623
1785234565,panel_4,panel_4_f1_3,-0.012332306764368585,0.01601665421599989
1785234565,panel_4,panel_4_f1_3,-0.012050557663930928,0.0162892165677131
1785234565,panel_4,panel_4_f1_3,-0.01162341078241425,0.016450517180247082
1785234565,panel_4,panel_4_f1_3,-0.011167454011734088,0.016615398290289088
1785234565,panel_4,panel_4_f1_3,-0.010609917245222717,0.016351506572216047
1785234565,panel_4,panel_4_f1_3,-0.010269394540605416,0.016865877189686337
1785234565,panel_4,panel_4_f1_3,-0.009784467899456292,0.017014247009544896
1785234565,panel_4,panel_4_f1_3,-0.00927734060936404,0.01715004197178893
1785234565,panel_4,panel_4_f1_3,-0.009013485680369583,0.017214572605098233
1785234565,panel_4,panel_4_f1_3,-0.008492653201453496,0.01704377998461256
1785234565,panel_4,panel_4_f1_3,-0.00788945940335881,0.017139413599372325
1785234565,panel_4,panel_4_f1_3,-0.007307711468635255,0.016805518838344476
1785234565,panel_4,panel_4_f1_3,-0.006638241536557244,0.01687187689657831
1785234565,panel_4,panel_4_f1_3,-0.0057915645823035,0.016650429604854806
1785234566,panel_4,panel_4_f1_3,-0.001792157637384494,0.016219421259280793
1785234566,panel_4,panel_4_f1_3,-0.0011302869036474634,0.016110902679691144
1785234566,panel_4,panel_4_f1_3,-0.0005682585052855692,0.016069321635479278
1785234566,panel_4,panel_4_f1_3,-0.0002532905852382721,0.016044036120604024
1785234566,panel_4,panel_4_f1_3,0.00036872092035769485,0.01598859873928916
1785234566,panel_4,panel_4_f1_3,0.000904943770584631,0.015803009515617323
1785234566,panel_4,panel_4_f1_3,0.0012880079374611969,0.015894731603778377
1785234566,panel_4,panel_4_f1_3,0.001385629665580107,0.016014184546014044
1785234566,panel_4,panel_4_f1_3,0.001930472714755217,0.015906941083516687
1785234566,panel_4,panel_4_f1_3,0.0023569394779264967,0.015709011784181284
1785234566,panel_4,panel_4_f1_3,0.003044432419529923,0.015971442082237847
1785234566,panel_4,panel_4_f1_3,0.003512074861807407,0.01560155774805514
1785234566,panel_4,panel_4_f1_3,0.0038454610906230157,0.015374724283269945
1785234566,panel_4,panel_4_f1_3,0.00435429380024878,0.015233360468571327
1785234566,panel_4,panel_4_f1_3,0.004869318788819946,0.014801313830978591
1785234566,panel_4,panel_4_f1_3,0.006339850554537434,0.014595170135273876
1785234566,panel_4,panel_4_f1_3,0.007371148837003426,0.014518927283775828
1785234566,panel_4,panel_4_f1_3,0.007755986222576073,0.01437970838215831
1785234567,panel_4,panel_4_f1_3,0.00792772775991725,0.014137182518175759
1785234567,panel_4,panel_4_f1_3,0.007775220080661778,0.013832460828760395
1785234567,panel_4,panel_4_f1_3,0.007239816649212688,0.013748895403584654
1785234567,panel_4,panel_4_f1_3,0.006644327534232548,0.013431529018450654
1785234567,panel_4,panel_4_f1_3,0.005960279333978762,0.013160878127402534
1785234567,panel_4,panel_4_f1_3,0.0051335015666535075,0.012832062898855133
1785234568,panel_4,panel_4_f1_3,0.0030653973643197958,0.011033409988936364
1785234568,panel_4,panel_4_f1_3,0.0024532270901902794,0.010591679676902659
1785234568,panel_4,panel_4_f1_3,0.001293156343721929,0.010472194500609284
1785234568,panel_4,panel_4_f1_3,-0.0001728548018491656,0.010158474435440856
1785234568,panel_4,panel_4_f1_3,-0.0010858196243445349,0.009712670968946145
1785234568,panel_4,panel_4_f1_3,-0.0029112957528791322,0.009334282041793521
1785234568,panel_4,panel_4_f1_3,-0.002979665849825347,0.009081169574690424
1785234568,panel_4,panel_4_f1_3,-0.0041295617452790714,0.008460253283107731
1785234568,panel_4,panel_4_f1_3,-0.006139960677332738,0.008084513980149678
1785234568,panel_4,panel_4_f1_3,-0.008591983970140467,0.0077388397366039705
1785234568,panel_4,panel_4_f1_3,-0.011182032926486007,0.007636171245783768
1785234568,panel_4,panel_4_f1_3,-0.013936128749339962,0.007601511865588568
1785234568,panel_4,panel_4_f1_3,-0.015402405456973457,0.0072362312313833345
1785234568,panel_4,panel_4_f1_3,-0.016870682414026564,0.007302458623978166
1785234568,panel_4,panel_4_f1_3,-0.016915534448974874,0.006905218348141486
1785234568,panel_4,panel_4_f1_3,-0.0185713061871907,0.006782192843456376
1785234568,panel_4,panel_4_f1_3,-0.02208338149999803,0.006914419980693012
1785234568,panel_4,panel_4_f1_3,-0.023954970563825007,0.006637218656646144
1785234568,panel_4,panel_4_f1_3,-0.02981720837917881,0.006660481714008588
1785234568,panel_4,panel_4_f1_3,-0.03187132830647174,0.0064442207147335125
1785234568,panel_4,panel_4_f1_3,-0.03620174232492898,0.0062479716748273725
1785234568,panel_4,panel_4_f1_3,-0.042907718568157865,0.006242153554945228
1785234568,panel_4,panel_4_f1_3,-0.049916434400685585,0.006219586044789215
1785234568,panel_4,panel_4_f1_3,-0.054789778805876904,0.006078402067623973
1785234568,panel_4,panel_4_f1_3,-0.05733698764309932,0.0058683528256416465
1785234568,panel_4,panel_4_f1_3,-0.059888454356077994,0.005754171642188301
1785234569,panel_4,panel_4_f1_3,-0.076263974973569,0.00497181845542026
1785234569,panel_4,panel_4_f1_3,-0.0793694826573052,0.004745061676963846
1785234569,panel_4,panel_4_f1_3,-0.08780099471981825,0.004549321058365628
1785234569,panel_4,panel_4_f1_3,-0.0945348969873837,0.004060220531992096
1785234569,panel_4,panel_4_f1_3,-0.10102605165578779,0.0038799091106851992
1785234569,panel_4,panel_4_f1_3,-0.10445123822478275,0.003745830183882831
1785234569,panel_4,panel_4_f1_3,-0.11155809033771752,0.003468136266136243
1785234569,panel_4,panel_4_f1_3,-0.1119113295340718,0.003393463513265539
1785234569,panel_4,panel_4_f1_3,-0.11597430380939601,0.003214103330473718
1785234569,panel_4,panel_4_f1_3,-0.11696907872670717,0.003112476996382751
1785234569,panel_4,panel_4_f1_3,-0.12415982326424652,0.0029819339590863607
1785234569,panel_4,panel_4_f1_3,-0.13227897217082044,0.002789171121275068
1785234569,panel_4,panel_4_f1_3,-0.14032540911106306,0.0025891643650102387
1785234569,panel_4,panel_4_f1_3,-0.14820253213035506,0.002361118974366289
1785234569,panel_4,panel_4_f1_3,-0.15195268329206357,0.002183987364350424
1785234569,panel_4,panel_4_f1_3,-0.16008141804035061,0.001943797148680461
1785234569,panel_4,panel_4_f1_3,-0.16380657782610716,0.0017439617076659066
1785234569,panel_4,panel_4_f1_3,-0.17355197560007204,0.001390176596871686
1785234569,panel_4,panel_4_f1_3,-0.17805362576944017,0.0011832953510994041
1785234569,panel_4,panel_4_f1_3,-0.1874100521663857,0.0009778844275605486
1785234570,panel_4,panel_4_f1_3,-0.20162552016637503,0.0006968686693223096
1785234570,panel_4,panel_4_f1_3,-0.21113261310318052,0.0004811647250606997
1785234570,panel_4,panel_4_f1_3,-0.22068418358176353,0.0002608821289778304
1785234570,panel_4,panel_4_f1_3,-0.22591404244386468,2.7975618323238164e-05
1785234570,panel_4,panel_4_f1_3,-0.2246015901167715,-0.00010781209439518448
1785234570,panel_4,panel_4_f1_3,-0.23948638170403275,-0.0004191853538743917
1785234570,panel_4,panel_4_f1_3,-0.24558710698700664,-0.0008951133702481139
1785234570,panel_4,panel_4_f1_3,-0.25427232886180134,-0.0011793573191755365
1785234570,panel_4,panel_4_f1_3,-0.2559105332167718,-0.0013664568290001552
1785234570,panel_4,panel_4_f1_3,-0.26164976464694495,-0.001606350955562145
1785234570,panel_4,panel_4_f1_3,-0.27593625876311967,-0.001863844278926287
1785234570,panel_4,panel_4_f1_3,-0.28456126959759426,-0.002049461390686694
1785234570,panel_4,panel_4_f1_3,-0.2903730302553235,-0.002117472898948583
1785234570,panel_4,panel_4_f1_3,-0.29456616295199195,-0.002252453889391521
1785234570,panel_4,panel_4_f1_3,-0.3013427328180958,-0.0025071461963122378
1785234570,panel_4,panel_4_f1_3,-0.31136389571131434,-0.002715392416413479
1785234570,panel_4,panel_4_f1_4,-0.5239096938847752,-0.006552744823293279
1785234571,panel_4,panel_4_f1_4,-0.5633783443703817,-0.0071479331947083835
1785234571,panel_4,panel_4_f1_4,-0.578855697627239,-0.007500975515105549
1785234571,panel_4,panel_4_f1_4,-0.5108911755842644,-0.006679109083783169
1785234571,panel_4,panel_4_f1_4,-0.47128201336232517,-0.006218125031524879
1785234571,panel_4,panel_4_f1_4,-0.4455652811317575,-0.005930217323880434
1785234571,panel_4,panel_4_f1_4,-0.4732232649104916,-0.006372463161175746
1785234571,panel_4,panel_4_f1_4,-0.4541382053417111,-0.006140647340737428
1785234571,panel_4,panel_4_f1_4,-0.43931621877237176,-0.005952212999190813
1785234571,panel_4,panel_4_f1_4,-0.4276677122959489,-0.00579411694978719
1785234571,panel_4,panel_4_f1_4,-0.4185221732426395,-0.005646777922579115
1785234571,panel_4,panel_4_f1_4,-0.38364532547242414,-0.005176213095699835
1785234571,panel_4,panel_4_f1_4,-0.40525287012999844,-0.005365152326906637
1785234571,panel_4,panel_4_f1_4,-0.423978216569554,-0.005506351706599523
1785234571,panel_4,panel_4_f1_4,-0.4180110683001694,-0.005379281959374772
1785234571,panel_4,panel_4_f1_4,-0.4340331565848188,-0.005477898494425492
1785234571,panel_4,panel_4_f1_4,-0.44820489138015746,-0.00555678564591935
1785234572,panel_4,panel_4_f1_4,-0.5234511794655123,-0.006419455012795129
1785234572,panel_4,panel_4_f1_4,-0.5459209721597079,-0.0070112648783183795
1785234572,panel_4,panel_4_f1_4,-0.5726921425809386,-0.007741840731772308
1785234572,panel_4,panel_4_f1_4,-0.5873937976232718,-0.008226731225323348
1785234572,panel_4,panel_4_f1_4,-0.5923997534038815,-0.008482716510311513
1785234572,panel_4,panel_4_f1_4,-0.6074833436956556,-0.008908376256729146
1785234572,panel_4,panel_4_f1_4,-0.5972477311146477,-0.00880098690541697
1785234572,panel_4,panel_4_f1_4,-0.5988317347427156,-0.008874884702571539
1785234572,panel_4,panel_4_f1_4,-0.594093693352387,-0.008804625613138209
1785234572,panel_4,panel_4_f1_4,-0.5868884166506185,-0.00868010034426189
1785234572,panel_4,panel_4_f1_4,-0.5827869024938979,-0.008576065567834646
1785234572,panel_4,panel_4_f1_4,-0.5715994801159118,-0.008377973627103574
1785234572,panel_4,panel_4_f1_4,-0.5643123129781663,-0.008199615914759905
1785234572,panel_4,panel_4_f1_4,-0.553070534793912,-0.007990357014413226
1785234572,panel_4,panel_4_f1_4,-0.5417470160979707,-0.007778292645004056
1785234572,panel_4,panel_4_f1_4,-0.5341915054196331,-0.007564140918094422
1785234572,panel_4,panel_4_f1_4,-0.5228833351975103,-0.007360290876572497
1785234572,panel_4,panel_4_f1_4,-0.5116050476221465,-0.007162287417398027
1785234572,panel_4,panel_4_f1_4,-0.5018108136034682,-0.00695558009419625
1785234573,panel_4,panel_4_f1_4,-0.4915863662400567,-0.006754328296747179
1785234573,panel_4,panel_4_f1_4,-0.48066021327967373,-0.0065786997657466435
1785234573,panel_4,panel_4_f1_4,-0.46999337104985844,-0.006410040959844729
1785234573,panel_4,panel_4_f1_4,-0.4594643462436457,-0.006244985829081531
1785234573,panel_4,panel_4_f1_4,-0.44823615531059785,-0.006021983718650262
1785234573,panel_4,panel_4_f1_4,-0.4373355680683308,-0.0058228800303423475
1785234574,panel_4,panel_4_f1_4,-0.3594173242403935,-0.004459927922521213
1785234574,panel_4,panel_4_f1_4,-0.3516540406978866,-0.004277516064626035
1785234574,panel_4,panel_4_f1_4,-0.3446208889909542,-0.004130155336038795
1785234574,panel_4,panel_4_f1_4,-0.33135352878474156,-0.003887405302954139
1785234574,panel_4,panel_4_f1_4,-0.3245867128582154,-0.0037316986636521453
1785234574,panel_4,panel_4_f1_4,-0.3179956031172108,-0.003572924912014975
1785234574,panel_4,panel_4_f1_4,-0.31146490166191726,-0.0033392272057949112
1785234574,panel_4,panel_4_f1_4,-0.3050093344907153,-0.0031807568987735273
1785234574,panel_4,panel_4_f1_4,-0.30557808757949995,-0.0029743358233605827
1785234574,panel_4,panel_4_f1_4,-0.29279455611763444,-0.00269302698074133
1785234574,panel_4,panel_4_f1_4,-0.2798150766780956,-0.002476974826608215
1785234574,panel_4,panel_4_f1_4,-0.27394851759417055,-0.0022734366067977204
1785234574,panel_4,panel_4_f1_4,-0.2604612279770804,-0.0021342936763945495
1785234574,panel_4,panel_4_f1_4,-0.2480863567452738,-0.001911938228412618
1785234574,panel_4,panel_4_f1_4,-0.2285316248758141,-0.0016467716319335526
1785234574,panel_4,panel_4_f1_4,-0.22250185806826164,-0.001550488865712687
1785234574,panel_4,panel_4_f1_4,-0.20684684918029517,-0.0014011904249118235
1785234574,panel_4,panel_4_f1_4,-0.18854347719498304,-0.0012051675973057583
1785234574,panel_4,panel_4_f1_4,-0.18139206671240093,-0.0011686031996787768
1785234574,panel_4,panel_4_f1_4,-0.16767004997524462,-0.0010157184061334974
1785234574,panel_4,panel_4_f1_4,-0.1472209346008309,-0.0006798250520909635
1785234574,panel_4,panel_4_f1_4,-0.12456054559951868,-0.00037561821853270206
1785234574,panel_4,panel_4_f1_4,-0.1062844525488043,-8.581927380685535e-05
1785234574,panel_4,panel_4_f1_4,-0.0926575179490921,8.756356006999829e-05
1785234575,panel_4,panel_4_f1_4,-0.02282183026794871,-0.0016032466491665938
1785234575,panel_4,panel_4_f1_4,-0.018134322928325466,-0.0017624620958953724
1785234575,panel_4,panel_4_f1_4,-0.017814269204531524,-0.0023824533773514236
1785234575,panel_4,panel_4_f1_4,-0.01732252618897818,-0.0028049596637226594
1785234575,panel_4,panel_4_f1_4,-0.015567399200414103,-0.0030366278356128234
1785234575,panel_4,panel_4_f1_4,-0.014536714839617082,-0.003270391508333744
1785234575,panel_4,panel_4_f1_4,-0.014849450611085623,-0.003685607534822701
1785234575,panel_4,panel_4_f1_4,-0.01497092751904211,-0.0038982908198531624
1785234575,panel_4,panel_4_f1_4,-0.016248531952470172,-0.004637922756285772
1785234575,panel_4,panel_4_f1_4,-0.017678473588113343,-0.004906057850957501
1785234575,panel_4,panel_4_f1_4,-0.019470691920758613,-0.0053407244309796684
1785234575,panel_4,panel_4_f1_4,-0.02146525860392542,-0.00577151561973229
1785234575,panel_4,panel_4_f1_4,-0.023651030334764078,-0.006206220426672409
1785234575,panel_4,panel_4_f1_4,-0.025991547112186077,-0.006475712483589153
1785234575,panel_4,panel_4_f1_4,-0.028361458296706988,-0.00690781141156082
1785234576,panel_4,panel_4_f1_4,-0.029900070643955015,-0.007467433146463661
1785234576,panel_4,panel_4_f1_4,-0.031224306761198476,-0.00785455904071499
1785234576,panel_4,panel_4_f1_4,-0.032110647558933184,-0.008228131976845408
1785234576,panel_4,panel_4_f1_4,-0.03366916883504012,-0.00849013991993398
1785234576,panel_4,panel_4_f1_4,-0.03439845293448108,-0.008714614769035988
1785234576,panel_4,panel_4_f1_4,-0.03491438973214994,-0.009109368357026205
1785234577,panel_4,panel_4_f1_4,-0.03410292765835444,-0.011296680262830882
1785234577,panel_4,panel_4_f1_4,-0.03367534514076661,-0.011533615007244985
1785234577,panel_4,panel_4_f1_4,-0.032783959233802465,-0.011832293031316292
1785234577,panel_4,panel_4_f1_4,-0.03270994203451452,-0.011997746404459202
1785234577,panel_4,panel_4_f1_4,-0.031526413263849744,-0.01220659603850304
1785234577,panel_4,panel_4_f1_4,-0.030150889283663454,-0.012591976541643735
1785234577,panel_4,panel_4_f1_4,-0.028739934488093057,-0.012776839691336497
1785234577,panel_4,panel_4_f1_4,-0.027905159546174257,-0.013005927227220628
1785234577,panel_4,panel_4_f1_4,-0.026086856061407867,-0.013524873880117923
1785234577,panel_4,panel_4_f1_4,-0.024359165701879112,-0.013426989550689264
1785234577,panel_4,panel_4_f1_4,-0.02259117959413278,-0.013574944926860361
1785234577,panel_4,panel_4_f1_4,-0.02168608311138934,-0.013624230250549575
1785234577,panel_4,panel_4_f1_4,-0.01994270431035442,-0.013539508747011965
1785234577,panel_4,panel_4_f1_4,-0.018811552524487973,-0.013739156836346848
1785234577,panel_4,panel_4_f1_4,-0.017987395050206616,-0.013609772991824181
1785234577,panel_4,panel_4_f1_4,-0.016865527054138213,-0.013721510386635218
1785234577,panel_4,panel_4_f1_4,-0.014246740788320356,-0.013389179685484925
1785234577,panel_4,panel_4_f1_4,-0.013237796916546342,-0.013338467310549898
1785234577,panel_4,panel_4_f1_4,-0.01214454626001024,-0.013295051334640411
1785234577,panel_4,panel_4_f1_4,-0.011367821275697998,-0.013218238651262655
1785234577,panel_4,panel_4_f1_4,-0.009186692444215543,-0.012661022593113271
1785234577,panel_4,panel_4_f1_4,-0.007130608696133372,-0.012078728459911875
1785234577,panel_4,panel_4_f1_4,-0.005760293135898547,-0.011661350289934846
1785234577,panel_4,panel_4_f1_4,-0.0055767466378485375,-0.011581538462084328
1785234578,panel_4,panel_4_f1_4,-0.004844182842360564,-0.011275741783255706
1785234578,panel_4,panel_4_f1_4,-0.004271488338237495,-0.0109472166814103
1785234578,panel_4,panel_4_f1_4,-0.0026241229886155635,-0.01019098335140559
1785234578,panel_4,panel_4_f1_4,-0.0016316046183511685,-0.009685041153239623
1785234578,panel_4,panel_4_f1_4,-0.0011130403173444687,-0.009266259458592895
1785234578,panel_4,panel_4_f1_4,-0.0006960441913389072,-0.009062435693845825
1785234578,panel_4,panel_4_f1_4,8.011652570470689e-05,-0.008473262381958897
1785234578,panel_4,panel_4_f1_4,0.00044811398815744805,-0.008040832270312302
1785234578,panel_4,panel_4_f1_4,0.0016698378242028086,-0.006893475909088655
1785234578,panel_4,panel_4_f1_4,0.001965347813728252,-0.006406391460558683
1785234578,panel_4,panel_4_f1_4,0.0024772734606457666,-0.005768389486856615
1785234578,panel_4,panel_4_f1_4,0.002913113669277107,-0.005249271381360317
1785234578,panel_4,panel_4_f1_4,0.003302859844828714,-0.00460729297743859
1785234578,panel_4,panel_4_f1_4,0.0035154667848936887,-0.003753542498169628
1785234578,panel_4,panel_4_f1_4,0.0037897719142646223,-0.0032374270682499935
1785234578,panel_4,panel_4_f1_4,0.004173149988359222,-0.00237417456586592
1785234578,panel_4,panel_4_f1_4,0.0043818430876346555,-0.001858867662472558
1785234578,panel_4,panel_4_f1_4,0.004650041979612336,-0.0011647998432874462
1785234578,panel_4,panel_4_f1_4,0.004784201429511548,-0.0008185542666956189
1785234578,panel_4,panel_4_f1_4,0.005014919918574822,-0.00029670507711285833
1785234578,panel_4,panel_4_f1_4,0.00516017225018899,0.0002109466307327295
1785234578,panel_4,panel_4_f1_4,0.005569235344980373,0.0008928050455305717
1785234578,panel_4,panel_4_f1_4,0.0056893078829356285,0.0013935089979329384
1785234578,panel_4,panel_4_f1_4,0.005993913774522127,0.002055225124490702
1785234579,panel_4,panel_4_f1_4,0.00635513030851282,0.0025426126368704783
1785234579,panel_4,panel_4_f1_4,0.006910680056882973,0.0033447687454963644
1785234579,panel_4,panel_4_f1_4,0.007315372984279511,0.003813601864794649
1785234579,panel_4,panel_4_f1_4,0.007758621594829499,0.0042681198056928335
1785234579,panel_4,panel_4_f1_4,0.00822170891675521,0.004711934644489928
1785234579,panel_4,panel_4_f1_4,0.00871857282584476,0.005137590660551199
1785234580,panel_4,panel_4_f1_4,0.012325330609566086,0.007732196034715545
1785234580,panel_4,panel_4_f1_4,0.01342964509958801,0.008196856823415593
1785234580,panel_4,panel_4_f1_4,0.013999097371287673,0.008412591719649804
1785234580,panel_4,panel_4_f1_4,0.014802459918819932,0.008639536896282716
1785234580,panel_4,panel_4_f1_4,0.0157611796796613,0.009093115044203475
1785234580,panel_4,panel_4_f1_4,0.016571766376439697,0.009171799234285466
1785234580,panel_4,panel_4_f1_4,0.017194031790960865,0.009509378735575617
1785234580,panel_4,panel_4_f1_4,0.018374774063373202,0.009765072700624277
1785234580,panel_4,panel_4_f1_4,0.018614358983988496,0.009915551935556656
1785234580,panel_4,panel_4_f1_4,0.0190703680349839,0.010101676586005866
1785234580,panel_4,panel_4_f1_4,0.019722314296121247,0.010211989555496277
1785234580,panel_4,panel_4_f1_4,0.020462471109098827,0.01027035894523575
1785234580,panel_4,panel_4_f1_4,0.020768483631409516,0.010290721415364577
1785234580,panel_4,panel_4_f1_4,0.021403723303229913,0.010294291562053854
1785234580,panel_4,panel_4_f1_4,0.022292445469753227,0.01024338066121011
1785234580,panel_4,panel_4_f1_4,0.02279705594864721,0.010153966606510974
1785234580,panel_4,panel_4_f1_4,0.022943790904334405,0.009982455722285205
1785234580,panel_4,panel_4_f1_4,0.023430943788770402,0.009843022862961332
1785234580,panel_4,panel_4_f1_4,0.023918517661794644,0.009746693109275461
1785234580,panel_4,panel_4_f1_4,0.024031331943760302,0.009531087967966924
1785234580,panel_4,panel_4_f1_4,0.024486453242605406,0.009520556474744472
1785234580,panel_4,panel_4_f1_4,0.024665444425419913,0.00932192004267849
1785234580,panel_4,panel_4_f1_4,0.02502913317966826,0.009055270700969795
1785234580,panel_4,panel_4_f1_4,0.025541399874872216,0.008563107595358884
1785234580,panel_4,panel_4_f1_4,0.025870245510265347,0.008205353881610485
1785234581,panel_4,panel_4_f1_4,0.02724782625335062,0.005451420112414105
1785234581,panel_4,panel_4_f1_4,0.027196164385323855,0.005272031591061968
1785234581,panel_4,panel_4_f1_4,0.02713982744131171,0.004796143143115285
1785234581,panel_4,panel_4_f1_4,0.02721210442791141,0.00436118962006461
1785234581,panel_4,panel_4_f1_4,0.027162987484548245,0.003739496125879682
1785234581,panel_4,panel_4_f1_4,0.027119652506822255,0.0034239582540392644
1785234581,panel_4,panel_4_f1_4,0.026711889439717532,0.002908006445394337
1785234581,panel_4,panel_4_f1_4,0.026634211191553736,0.002585081671298308
1785234581,panel_4,panel_4_f1_4,0.026354846072410884,0.0020944130170501385
1785234581,panel_4,panel_4_f1_4,0.02608285898463432,0.001526413165002502
1785234581,panel_4,panel_4_f1_4,0.025526175387158734,0.0008902899586474267
1785234581,panel_4,panel_4_f1_4,0.025313944902104115,0.00020094220961366517
1785234581,panel_4,panel_4_f1_4,0.0249348291185642,-0.0002599765519016915
1785234581,panel_4,panel_4_f1_4,0.02457344185122477,-0.0007544342534763982
1785234581,panel_4,panel_4_f1_4,0.024302530217322964,-0.0013592724119185062
1785234581,panel_4,panel_4_f1_4,0.02399817355472166,-0.0019416754360842767
1785234581,panel_4,panel_4_f1_4,0.023344583191187374,-0.002170137148840651
1785234581,panel_4,panel_4_f1_4,0.022912946017912862,-0.0025165879856547863
1785234581,panel_4,panel_4_f1_4,0.022456816342250975,-0.0028418248086525973
1785234582,panel_4,panel_4_f1_4,0.021595239275187625,-0.003235208866267886
1785234582,panel_4,panel_4_f1_4,0.0211727639927032,-0.003692908988365956
1785234582,panel_4,panel_4_f1_4,0.02008315676699178,-0.00404399955995614
1785234582,panel_4,panel_4_f1_4,0.019847774809289086,-0.004430550636326484
1785234582,panel_4,panel_4_f1_4,0.019381909706469965,-0.0048303445860583775
1785234582,panel_4,panel_4_f1_4,0.01854889940267036,-0.0052502651930187265
1785234583,panel_4,panel_4_f1_4,0.013691714264549078,-0.0071420393183982776
1785234583,panel_4,panel_4_f1_4,0.013325249439370981,-0.007197550958579701
1785234583,panel_4,panel_4_f1_4,0.013214787017745297,-0.007223648153397693
1785234583,panel_4,panel_4_f1_4,0.012871604047103156,-0.007240151101745413
1785234583,panel_4,panel_4_f1_4,0.012725398101059084,-0.00723640119602347
1785234583,panel_4,panel_4_f1_4,0.01291508111821878,-0.007205798619225709
1785234583,panel_4,panel_4_f1_4,0.012833154646158852,-0.007152889209042466
1785234583,panel_4,panel_4_f1_4,0.013109429012482531,-0.0070649310622456045
1785234583,panel_4,panel_4_f1_4,0.013066572547316935,-0.006968389953323995
1785234583,panel_4,panel_4_f1_4,0.012732242941015225,-0.006862584558990364
1785234583,panel_4,panel_4_f1_4,0.012600555593248026,-0.006757374971437045
1785234583,panel_4,panel_4_f1_4,0.01270820354726226,-0.006567049599049275
1785234583,panel_4,panel_4_f1_4,0.012691588926388695,-0.006292205900512349
1785234583,panel_4,panel_4_f1_4,0.013067278825128321,-0.005968509876156159
1785234583,panel_4,panel_4_f1_4,0.013289817564927755,-0.005667460467944062
1785234583,panel_4,panel_4_f1_4,0.013574149905292607,-0.005447001838327844
1785234583,panel_4,panel_4_f1_4,0.01375509249542885,-0.005116338566089162
1785234583,panel_4,panel_4_f1_4,0.01393259468928981,-0.0050517339003874305
1785234583,panel_4,panel_4_f1_4,0.014171855335876074,-0.004808977340346162
1785234583,panel_4,panel_4_f1_4,0.014171701592885855,-0.004490711925452337
1785234583,panel_4,panel_4_f1_4,0.014294235590853861,-0.004103530544881545
1785234584,panel_4,panel_4_f1_4,0.014456416284571828,-0.0022663514904065468
1785234584,panel_4,panel_4_f1_4,0.014370417836000952,-0.0019201019015080084
1785234584,panel_4,panel_4_f1_4,0.0141719118049107,-0.0015417784428989779
1785234584,panel_4,panel_4_f1_4,0.013775958938662907,-0.0010199471390932428
1785234584,panel_4,panel_4_f1_4,0.013412260060764201,-0.000619986815171718
1785234584,panel_4,panel_4_f1_4,0.013337870661638456,-0.0005466197282994341
1785234584,panel_4,panel_4_f1_4,0.013031875564145938,-0.00028131809376679887
1785234584,panel_4,panel_4_f1_4,0.012681910806959705,-2.274115613004628e-05
1785234584,panel_4,panel_4_f1_4,0.012267207797731385,0.00024095914703075826
1785234584,panel_4,panel_4_f1_4,0.011859530308840452,0.0005501515744888423
1785234584,panel_4,panel_4_f1_4,0.01151550297310675,0.0007483353337901249
1785234584,panel_4,panel_4_f1_4,0.011081744884475633,0.0010450013192794475
1785234584,panel_4,panel_4_f1_4,0.01031872397777857,0.00140380174984027
1785234584,panel_4,panel_4_f1_4,0.009360167144925014,0.0017744191705112958
1785234584,panel_4,panel_4_f1_4,0.008768405470171914,0.0019570204761829267
1785234584,panel_4,panel_4_f1_4,0.008129179817874217,0.0022251876206846235
1785234584,panel_4,panel_4_f1_4,0.007469887051365432,0.0023568461325252847
1785234584,panel_4,panel_4_f1_4,0.006321137129960742,0.002572819029031779
1785234584,panel_4,panel_4_f1_4,0.005852265769220076,0.0026692474120244476
1785234585,panel_4,panel_4_f1_4,0.004860874747546809,0.0028242414550052244
1785234585,panel_4,panel_4_f1_4,0.004310752759984895,0.002926586387174307
1785234585,panel_4,panel_4_f1_4,0.003526656365921364,0.0029374966017921976
1785234585,panel_4,panel_4_f1_4,0.002878839998449546,0.003090552167036689
1785234585,panel_4,panel_4_f1_4,0.002157855975025642,0.0031335988553171023
1785234586,panel_4,panel_4_f1_4,-0.0021434530143827468,0.0029192491976871527
1785234586,panel_4,panel_4_f1_4,-0.0034504351203680493,0.0027329547150890506
1785234586,panel_4,panel_4_f1_4,-0.0043980094900629135,0.002577724282851196
1785234586,panel_4,panel_4_f1_4,-0.005294513087533922,0.002427238350909078
1785234586,panel_4,panel_4_f1_4,-0.006280789441338853,0.0022488509333270855
1785234586,panel_4,panel_4_f1_4,-0.00745684345593905,0.0020062861901147433
1785234586,panel_4,panel_4_f1_4,-0.00823253603524105,0.0018207243251527232
1785234586,panel_4,panel_4_f1_4,-0.009539999147555487,0.0015010633349379471
1785234586,panel_4,panel_4_f1_4,-0.01039426263240949,0.0012769200095774568
1785234586,panel_4,panel_4_f1_4,-0.011365153902415855,0.0010273023082561649
1785234586,panel_4,panel_4_f1_4,-0.012261584091651088,0.0007894791099844423
1785234586,panel_4,panel_4_f1_4,-0.01289499607335088,0.0006308095164515318
1785234586,panel_4,panel_4_f1_4,-0.013612596869730494,0.00042613352118919985
1785234586,panel_4,panel_4_f1_4,-0.014120714079856118,0.00029718446507681737
1785234586,panel_4,panel_4_f1_4,-0.014701252855185063,0.00012185852884238267
1785234586,panel_4,panel_4_f1_4,-0.015194349151614533,-3.4473081293110197e-05
1785234586,panel_4,panel_4_f1_4,-0.015610396096792496,-0.00017446224790777066
1785234586,panel_4,panel_4_f1_4,-0.01579407309348369,-0.00024047485907101177
1785234586,panel_4,panel_4_f1_4,-0.015986529606905185,-0.0002964703926487471
1785234586,panel_4,panel_4_f1_4,-0.016091447620935683,-0.00034583001580798495
1785234586,panel_4,panel_4_f1_4,-0.01615095632386909,-0.0003865021387800068
1785234586,panel_4,panel_4_f1_4,-0.016191620568642658,-0.0004535838814045557
1785234586,panel_4,panel_4_f1_4,-0.016174607321890112,-0.0005650829550880708
1785234586,panel_4,panel_4_f1_4,-0.01610955271938639,-0.0006901800007641372
1785234586,panel_4,panel_4_f1_4,-0.015915556380310333,-0.0007848357300769379
1785234587,panel_4,panel_4_f1_4,-0.014886943428922801,-0.0006996482544877377
1785234587,panel_4,panel_4_f1_4,-0.014600556097550028,-0.0007614524738303338
1785234587,panel_4,panel_4_f1_4,-0.014479380758554438,-0.00068792469871505
1785234587,panel_4,panel_4_f1_4,-0.014271464348197515,-0.0006934316137664806
1785234587,panel_4,panel_4_f1_4,-0.014113304211762788,-0.0006192380045573606
1785234587,panel_4,panel_4_f1_4,-0.013570157837810546,-0.0005939140839724604
1785234587,panel_4,panel_4_f1_4,-0.012807845620569863,-0.0005875731082646463
1785234587,panel_4,panel_4_f1_4,-0.012297407745595585,-0.0005831998041685618
1785234587,panel_4,panel_4_f1_4,-0.01194473945785038,-0.0005455911473348577
1785234587,panel_4,panel_4_f1_4,-0.01143331470961158,-0.0005354879654940816
1785234587,panel_4,panel_4_f1_4,-0.010476117715577351,-0.00044730800369882786
1785234587,panel_4,panel_4_f1_4,-0.01011909184609158,-0.00040323196096234484
1785234587,panel_4,panel_4_f1_4,-0.009472026397127043,-0.00034550971946776713
1785234587,panel_4,panel_4_f1_4,-0.009163980919045418,-0.00030484070434344876
1785234587,panel_4,panel_4_f1_4,-0.008492589572610908,-0.0002519984770568318
1785234587,panel_4,panel_4_f1_4,-0.008448094936458673,-0.00023922950650366514
1785234587,panel_4,panel_4_f1_4,-0.008050600750308478,-0.00020389655685286911
1785234587,panel_4,panel_4_f1_4,-0.007189447827245265,-0.00013007011205048877
1785234587,panel_4,panel_4_f1_4,-0.00673910882497044,-9.166537763703339e-05
1785234587,panel_4,panel_4_f1_4,-0.00673910882497044,-9.166537763703339e-05
1785234587,panel_4,panel_4_f1_4,-0.006165937773973336,-3.9492309650638654e-05
1785234588,panel_4,panel_4_f1_4,-0.005654690465848446,1.2817884617930184e-05
1785234588,panel_4,panel_4_f1_4,-0.005055430376681634,8.39274271693051e-05
1785234588,panel_4,panel_4_f1_4,-0.004121984502136084,0.0002084072400222671
1785234588,panel_4,panel_4_f1_4,-0.0034260930307927384,0.0003121456454488852
1785234588,panel_4,panel_4_f1_4,-0.0025078389416194518,0.000461910037022591
1785234588,panel_4,panel_4_f1_4,-0.0014563950543521676,0.0006490719146413082
1785234589,panel_4,panel_4_f1_4,0.004135697578984619,0.00204410491531571
1785234589,panel_4,panel_4_f1_4,0.004723290355116718,0.002265389352976866
1785234589,panel_4,panel_4_f1_4,0.00516445366669116,0.0024089372567725584
1785234589,panel_4,panel_4_f1_4,0.005637196055819225,0.0026275769719460405
1785234589,panel_4,panel_4_f1_4,0.00595685954449064,0.0027512313587358794
1785234589,panel_4,panel_4_f1_4,0.006209744221008212,0.002861694128045022
1785234589,panel_4,panel_4_f1_4,0.006343837523931594,0.00295774220439772
1785234589,panel_4,panel_4_f1_4,0.006493491711990017,0.0030447073661764353
1785234589,panel_4,panel_4_f1_4,0.006588800573746572,0.003213277019654699
1785234589,panel_4,panel_4_f1_4,0.006637977195690173,0.0033505264764334707
1785234589,panel_4,panel_4_f1_4,0.00663310235799492,0.0034755885455237507
1785234589,panel_4,panel_4_f1_4,0.006563363381168443,0.0035832058385866076
1785234589,panel_4,panel_4_f1_4,0.0064661010995330824,0.0038157066435191445
1785234589,panel_4,panel_4_f1_4,0.006303922617498049,0.00389506652366459
1785234589,panel_4,panel_4_f1_4,0.006094277156103279,0.003962688691763252
1785234589,panel_4,panel_4_f1_4,0.005899443051735664,0.00394648310838479
1785234589,panel_4,panel_4_f1_4,0.005671841258118445,0.0039458155757537815
1785234589,panel_4,panel_4_f1_4,0.005388344629408428,0.0038779605424894793
1785234589,panel_4,panel_4_f1_4,0.005190145381715271,0.003955238075767923
1785234589,panel_4,panel_4_f1_4,0.004994409267951451,0.00394877330307677
1785234589,panel_4,panel_4_f1_4,0.004846931944170863,0.003971250926484586
1785234589,panel_4,panel_4_f1_4,0.004471561152681281,0.004070288080556044
1785234589,panel_4,panel_4_f1_4,0.004104734383270956,0.0040809982721410195
1785234589,panel_4,panel_4_f1_4,0.003709593692364165,0.004078562773072804
1785234590,panel_4,panel_4_f1_4,0.001544149268352232,0.004128013963774664
1785234590,panel_4,panel_4_f1_4,0.001235467676225786,0.00411147102831364
1785234590,panel_4,panel_4_f1_4,0.0008114398075808291,0.004100011598100609
1785234590,panel_4,panel_4_f1_4,0.0005159889597915903,0.00408135509814714
1785234590,panel_4,panel_4_f1_4,9.269493756742659e-05,0.004050489051177633
1785234590,panel_4,panel_4_f1_4,-0.00016616949180239305,0.004021418242465361
1785234590,panel_4,panel_4_f1_4,-0.00038541473748266597,0.003997250219767769
1785234590,panel_4,panel_4_f1_4,-0.000552230736142566,0.00397532103207211
1785234590,panel_4,panel_4_f1_4,-0.001021067036109467,0.00390842756997352
1785234590,panel_4,panel_4_f1_4,-0.0016576917179701822,0.003790781314952244
1785234590,panel_4,panel_4_f1_4,-0.0024135997073836918,0.0036362399374212082
1785234590,panel_4,panel_4_f1_4,-0.0029234288462974285,0.003520353567124819
1785234590,panel_4,panel_4_f1_4,-0.0034156375018127177,0.0033942666491345464
1785234590,panel_4,panel_4_f1_4,-0.0038389751914776286,0.0032946034784019063
1785234590,panel_4,panel_4_f1_4,-0.004315777665649102,0.003173601762328782
1785234590,panel_4,panel_4_f1_4,-0.005160157758931519,0.0029287881918351423
1785234590,panel_4,panel_4_f1_4,-0.006001269274929907,0.0026512997034467646
1785234590,panel_4,panel_4_f1_4,-0.006688135544440331,0.002392052544256045
1785234590,panel_4,panel_4_f1_4,-0.006945683761218532,0.002289741389632384
1785234590,panel_4,panel_4_f1_4,-0.007323012763277466,0.0021043297040363633
1785234591,panel_4,panel_4_f1_4,-0.00780765734356051,0.0018348836817558142
1785234591,panel_4,panel_4_f1_4,-0.008147061071871298,0.0016301773092652846
1785234591,panel_4,panel_4_f1_4,-0.008668242840978054,0.0012665168977548697
1785234591,panel_4,panel_4_f1_4,-0.009043313073996775,0.000964569378842507
1785234591,panel_4,panel_4_f1_4,-0.009456328145278987,0.0005745426554561277
1785234592,panel_4,panel_4_f1_4,-0.01051697473798467,-0.0022842890740047035
1785234592,panel_4,panel_4_f1_4,-0.010440793292563503,-0.0025870784959963543
1785234592,panel_4,panel_4_f1_4,-0.01032532907768892,-0.002927532154221858
1785234592,panel_4,panel_4_f1_4,-0.010254848587454339,-0.0030542682636022587
1785234592,panel_4,panel_4_f1_4,-0.01011472515412996,-0.003321589956007552
1785234592,panel_4,panel_4_f1_4,-0.010020165380930968,-0.0034529657548993376
1785234592,panel_4,panel_4_f1_4,-0.009839442238601205,-0.0036860884546106388
1785234592,panel_4,panel_4_f1_4,-0.009734930116497273,-0.003792167171692758
1785234592,panel_4,panel_4_f1_4,-0.009591336528132979,-0.003929740062537624
1785234592,panel_4,panel_4_f1_4,-0.009197942589281442,-0.004246440605586428
1785234592,panel_4,panel_4_f1_4,-0.008890526301782971,-0.0044450199767626175
1785234592,panel_4,panel_4_f1_4,-0.008453120819217213,-0.004678753536090662
1785234592,panel_4,panel_4_f1_4,-0.007984119389732307,-0.004894286235381367
1785234592,panel_4,panel_4_f1_4,-0.007523656654345402,-0.005067894711638056
1785234592,panel_4,panel_4_f1_4,-0.0069970040347924305,-0.005225507035081014
1785234592,panel_4,panel_4_f1_4,-0.006812259392314296,-0.005262043513879461
1785234592,panel_4,panel_4_f1_4,-0.006168893209330871,-0.005378931543899048
1785234592,panel_4,panel_4_f1_4,-0.005555753135125183,-0.005510649556214659
1785234592,panel_4,panel_4_f1_4,-0.004811310291783088,-0.005643373127733712
1785234592,panel_4,panel_4_f1_4,-0.004158506840329094,-0.005704844932261396
1785234592,panel_4,panel_4_f1_4,-0.0033024065570491524,-0.005801440083982331
1785234592,panel_4,panel_4_f1_4,-0.002283871092769749,-0.005865790148486221
1785234593,panel_4,panel_4_f1_4,0.0031533488973039692,-0.00558668054127711
1785234593,panel_4,panel_4_f1_4,0.0042557809368001555,-0.005429024804980047
1785234593,panel_4,panel_4_f1_4,0.005110510403392632,-0.005275152950353337
1785234593,panel_4,panel_4_f1_4,0.006038981112868663,-0.005130325029108119
1785234593,panel_4,panel_4_f1_4,0.007191785980847396,-0.004937134444560209
1785234593,panel_4,panel_4_f1_4,0.007612638802298248,-0.00479331430145317
1785234593,panel_4,panel_4_f1_4,0.008451556391730867,-0.004565480008848008
1785234593,panel_4,panel_4_f1_4,0.009278306316766623,-0.004323872177907789
1785234593,panel_4,panel_4_f1_4,0.01009228805441423,-0.004176800511886378
1785234593,panel_4,panel_4_f1_4,0.011669703155365852,-0.003815817064000172
1785234593,panel_4,panel_4_f1_4,0.012419956417484368,-0.0035321382637947514
1785234593,panel_4,panel_4_f1_4,0.013328083422211413,-0.003272932497401463
1785234593,panel_4,panel_4_f1_4,0.014690522948730498,-0.002827523038727669
1785234593,panel_4,panel_4_f1_4,0.015935390087296223,-0.002383364315572973
1785234593,panel_4,panel_4_f1_4,0.016787741147613985,-0.0020153584865275557
1785234593,panel_4,panel_4_f1_4,0.017533460556559563,-0.001683008008343092
1785234593,panel_4,panel_4_f1_4,0.01824110540057049,-0.0013316228743985277
1785234593,panel_4,panel_4_f1_4,0.018693971607745125,-0.0010347776472630495
1785234593,panel_4,panel_4_f1_4,0.019023752398993468,-0.0007623052677089391
1785234593,panel_4,panel_4_f1_4,0.019313684221746102,-0.000497932151458739
1785234594,panel_4,panel_4_f1_4,0.019738781644395464,-0.00021692936843274052
1785234594,panel_4,panel_4_f1_4,0.020140631607919627,-3.0007305585302257e-05
1785234594,panel_4,panel_4_f1_4,0.02048148962997193,0.00023165864832330984
1785234594,panel_4,panel_4_f1_4,0.020632253577696394,0.0003657629824275782
1785234594,panel_4,panel_4_f1_4,0.020758716729109464,0.000548463286252471
1785234595,panel_4,panel_4_f1_4,0.02174657947380573,0.001482727932332858
1785234595,panel_4,panel_4_f1_4,0.021691527957668388,0.0016318032012842898
1785234595,panel_4,panel_4_f1_4,0.021656423520043468,0.0017262219382520314
1785234595,panel_4,panel_4_f1_4,0.02162118041304723,0.0018628197304017653
1785234595,panel_4,panel_4_f1_4,0.021514843801344163,0.001953462766429421
1785234595,panel_4,panel_4_f1_4,0.02136286792775623,0.002043245134713932
1785234595,panel_4,panel_4_f1_4,0.02122965197584655,0.002122213667724844
1785234595,panel_4,panel_4_f1_4,0.0213340839461274,0.002100366418498161
1785234595,panel_4,panel_4_f1_4,0.02120274640689834,0.0021309066811119005
1785234595,panel_4,panel_4_f1_4,0.020869854554126186,0.002191093238295282
1785234595,panel_4,panel_4_f1_4,0.020475669852473885,0.002242989474577961
1785234595,panel_4,panel_4_f1_4,0.020284815888546276,0.0022258526059164016
1785234595,panel_4,panel_4_f1_4,0.019711967615246854,0.002279057117987766
1785234595,panel_4,panel_4_f1_4,0.01908292730409255,0.002323871140941071
1785234595,panel_4,panel_4_f1_4,0.018409489789413654,0.002353046933612221
1785234595,panel_4,panel_4_f1_4,0.017983461970003355,0.0023013658249653323
1785234595,panel_4,panel_4_f1_4,0.01684387481199977,0.002295168096516633
1785234595,panel_4,panel_4_f1_4,0.016485600780973476,0.0022641692758304886
1785234595,panel_4,panel_4_f1_4,0.01599474597226013,0.002225564363899228
1785234595,panel_4,panel_4_f1_4,0.015085171743192724,0.002158454134402393
1785234595,panel_4,panel_4_f1_4,0.014062346921852528,0.00206705655432014
1785234595,panel_4,panel_4_f1_4,0.013231383637298526,0.002002969840059955
1785234595,panel_4,panel_4_f1_4,0.01229183599197974,0.0019111511304308018
1785234595,panel_4,panel_4_f1_4,0.011107025193458686,0.0017844643669522868
1785234596,panel_4,panel_4_f1_4,0.0047623090682666624,0.0014742510750550234
1785234596,panel_4,panel_4_f1_4,0.00378198831652645,0.0014661573235945655
1785234596,panel_4,panel_4_f1_4,0.0027846832998655335,0.001346477323735136
1785234596,panel_4,panel_4_f1_4,0.0017495709307721128,0.0011216556479760017
1785234596,panel_4,panel_4_f1_4,0.0004155394891877894,0.0009530045300999801
1785234596,panel_4,panel_4_f1_4,-0.0009593594073636898,0.000918304490412596
1785234596,panel_4,panel_4_f1_4,-0.0019117791687487452,0.0008385099770890672
1785234596,panel_4,panel_4_f1_4,-0.003239857529450371,0.0008223353814399495
1785234596,panel_4,panel_4_f1_4,-0.004386143969613839,0.0008557203023140517
1785234596,panel_4,panel_4_f1_4,-0.005477084383743808,0.0009054882526392412
1785234596,panel_4,panel_4_f1_4,-0.006121397534884157,0.0009013113271984914
1785234596,panel_4,panel_4_f1_4,-0.0069364613170336065,0.000844741519542782
1785234596,panel_4,panel_4_f1_4,-0.008185770607386775,0.0008139187260225006
1785234596,panel_4,panel_4_f1_4,-0.009360136382686795,0.0007899873235293287
1785234596,panel_4,panel_4_f1_4,-0.01035681191674769,0.0008014400028687496
1785234596,panel_4,panel_4_f1_4,-0.01133574982242861,0.0008009554590727887
1785234596,panel_4,panel_4_f1_4,-0.012010353794638322,0.0007422332352699898
1785234596,panel_4,panel_4_f1_4,-0.013044992037926396,0.0007284540936036009
1785234596,panel_4,panel_4_f1_4,-0.013685585091800567,0.0006801598972442288
1785234596,panel_4,panel_4_f1_4,-0.014316353980362708,0.0006342223240191584
1785234597,panel_4,panel_4_f1_4,-0.015369566905992067,0.000596783751868177
1785234597,panel_4,panel_4_f1_4,-0.01613644076487226,0.0005767736719021258
1785234597,panel_4,panel_4_f1_4,-0.016353863155146166,0.0005616711736436967
1785234597,panel_4,panel_4_f1_4,-0.016852716653836655,0.0005413236951025005
1785234597,panel_4,panel_4_f1_4,-0.017725899496500126,0.0005077898323078537
1785234598,panel_4,panel_4_f1_4,-0.02334897123376705,0.0006005970264714755
1785234598,panel_4,panel_4_f1_4,-0.023833874461029924,0.0006900844704081054
1785234598,panel_4,panel_4_f1_4,-0.02541513393342568,0.0008960272333192401
1785234598,panel_4,panel_4_f1_4,-0.02605925652221307,0.0010186440185888427
1785234598,panel_4,panel_4_f1_4,-0.027113591605831745,0.0012100801054271532
1785234598,panel_4,panel_4_f1_4,-0.02744742455454726,0.0013077181475264577
1785234598,panel_4,panel_4_f1_4,-0.02805671609889798,0.001516762985094157
1785234598,panel_4,panel_4_f1_4,-0.02867608487544143,0.0017065398848351504
1785234598,panel_4,panel_4_f1_4,-0.029265214338537345,0.0019118493825475045
1785234598,panel_4,panel_4_f1_4,-0.03005519616549719,0.0021940492520231294
1785234598,panel_4,panel_4_f1_4,-0.03047199933416633,0.00238589369634877
1785234598,panel_4,panel_4_f1_4,-0.03075743041334002,0.0026229254122561263
1785234598,panel_4,panel_4_f1_4,-0.030971635779742313,0.0028535777397571288
1785234598,panel_4,panel_4_f1_4,-0.03133293471999534,0.003073262981452177
1785234598,panel_4,panel_4_f1_4,-0.031371076051492405,0.003179930899275219
1785234598,panel_4,panel_4_f1_4,-0.03110870239222168,0.003273861455651361
1785234598,panel_4,panel_4_f1_4,-0.031277916741609374,0.0035631946386591802
1785234598,panel_4,panel_4_f1_4,-0.03114970378721433,0.0037299018946087177
1785234598,panel_4,panel_4_f1_4,-0.03072814512536964,0.0037743122617933124
1785234598,panel_4,panel_4_f1_4,-0.030157062624271706,0.003858347519058173
1785234598,panel_4,panel_4_f1_4,-0.029909783298103575,0.003942291872663629
1785234598,panel_4,panel_4_f1_4,-0.03000748547108521,0.004066179411271584
1785234598,panel_4,panel_4_f1_4,-0.03035440198006226,0.0042081274943846685
1785234598,panel_4,panel_4_f1_4,-0.030136477322987864,0.004219115178306206
1785234598,panel_4,panel_4_f1_4,-0.02950432051991671,0.004161504152840577
1785234599,panel_4,panel_4_f1_4,-0.024524492945859577,0.0034413058952108477
1785234599,panel_4,panel_4_f1_4,-0.023622680151562485,0.003333427640250763
1785234599,panel_4,panel_4_f1_4,-0.02258233162089055,0.003135894627355328
1785234599,panel_4,panel_4_f1_4,-0.02201345463732575,0.0030112254214623153
1785234599,panel_4,panel_4_f1_4,-0.02081317303693664,0.00279351175315781
1785234599,panel_4,panel_4_f1_4,-0.02007869914505258,0.002575376460448214
1785234599,panel_4,panel_4_f1_4,-0.019349026132524396,0.002361284308919048
1785234599,panel_4,panel_4_f1_4,-0.018158881247021263,0.0021663600292165823
1785234599,panel_4,panel_4_f1_4,-0.017169634309664485,0.0020348878316267987
1785234599,panel_4,panel_4_f1_4,-0.01703853881901141,0.0019452271445344741
1785234599,panel_4,panel_4_f1_4,-0.016660817087980267,0.0019599691338924646
1785234599,panel_4,panel_4_f1_4,-0.015652043025354997,0.0018055043064834032
1785234599,panel_4,panel_4_f1_4,-0.014290241077240251,0.001662804591593538
1785234599,panel_4,panel_4_f1_4,-0.013798643680525665,0.0015827268260667445
1785234599,panel_4,panel_4_f1_4,-0.013037278683799568,0.0015069807869280442
1785234599,panel_4,panel_4_f1_4,-0.011733079082432015,0.0013408906479609136
1785234599,panel_4,panel_4_f1_4,-0.010828515203197222,0.0011627643525564852
1785234599,panel_4,panel_4_f1_4,-0.010347048377153329,0.0008986482256910722
1785234600,panel_4,panel_4_f1_4,-0.009883935185996215,0.0007187541294688495
1785234600,panel_4,panel_4_f1_4,-0.009464676640528665,0.0005335259782659053
1785234600,panel_4,panel_4_f1_4,-0.007967024087227246,0.00032128242790670024
1785234600,panel_4,panel_4_f1_4,-0.007390282176133026,8.363251082783651e-05
1785234600,panel_4,panel_4_f1_4,-0.006436819734195223,-0.0002378601618974914
1785234601,panel_4,panel_4_f1_4,-0.003578181605256992,-0.0021247091445538535
1785234601,panel_4,panel_4_f1_4,-0.003199154976351283,-0.0025065708500736084
1785234601,panel_4,panel_4_f1_4,-0.0027659442156288926,-0.0028380538345221125
1785234601,panel_4,panel_4_f1_4,-0.0024807871609850984,-0.003272619179164603
1785234601,panel_4,panel_4_f1_4,-0.002536847859619301,-0.0036405109165016467
1785234601,panel_4,panel_4_f1_4,-0.0026027442809463657,-0.004018411923510892
1785234601,panel_4,panel_4_f1_4,-0.002156236953811286,-0.0045779217072895164
1785234601,panel_4,panel_4_f1_4,-0.002014447982782851,-0.005066492168987713
1785234601,panel_4,panel_4_f1_4,-0.0021059827968907706,-0.005451891098951739
1785234601,panel_4,panel_4_f1_4,-0.001982561650984505,-0.005926508248882223
1785234601,panel_4,panel_4_f1_4,-0.0017689556976834772,-0.006225749698436342
1785234601,panel_4,panel_4_f1_4,-0.001672047632443849,-0.006677922845618789
1785234601,panel_4,panel_4_f1_4,-0.0014438304514663746,-0.006969005570376619
1785234601,panel_4,panel_4_f1_4,-0.0015117667244134694,-0.007328574350242728
1785234601,panel_4,panel_4_f1_4,-0.0015741525829703806,-0.007674090212770037
1785234601,panel_4,panel_4_f1_4,-0.0016456252065676726,-0.008004022922313846
1785234601,panel_4,panel_4_f1_4,-0.0016241334663375108,-0.008175540225226725
1785234601,panel_4,panel_4_f1_4,-0.0016102409723536715,-0.008480412902605018
1785234601,panel_4,panel_4_f1_4,-0.001634793619901378,-0.008884248949561599
1785234601,panel_4,panel_4_f1_4,-0.0015952140822700711,-0.008992087141674716
1785234601,panel_4,panel_4_f1_4,-0.0015831895626324905,-0.009068946507424907
1785234601,panel_4,panel_4_f1_4,-0.001586261581227017,-0.00928426999426056
1785234601,panel_4,panel_4_f1_4,-0.0015926572130775,-0.009362762608508761
1785234601,panel_4,panel_4_f1_4,-0.0016103398258422788,-0.009427109837497578
1785234601,panel_4,panel_4_f1_4,-0.0017641038384191524,-0.00937946523647065
1785234602,panel_4,panel_4_f1_4,-0.002925345577014414,-0.008879717355300328
1785234602,panel_4,panel_4_f1_4,-0.0030531110213468,-0.008839646408577517
1785234602,panel_4,panel_4_f1_4,-0.003077381438690382,-0.008866698574710364
1785234602,panel_4,panel_4_f1_4,-0.002968469778784397,-0.008969451161515372
1785234602,panel_4,panel_4_f1_4,-0.0032269321397165067,-0.008782692719538032
1785234602,panel_4,panel_4_f1_4,-0.0033740593801191037,-0.008675355764330317
1785234602,panel_4,panel_4_f1_4,-0.003440871863234845,-0.008615818721578355
1785234602,panel_4,panel_4_f1_4,-0.0034330473110291203,-0.008589198383830926
1785234602,panel_4,panel_4_f1_4,-0.0035797709851315986,-0.00843214994487037
1785234602,panel_4,panel_4_f1_4,-0.0037565601358417232,-0.008255954265428762
1785234602,panel_4,panel_4_f1_4,-0.00384627366542159,-0.008033429630350345
1785234602,panel_4,panel_4_f1_4,-0.003950246213935328,-0.007867478335589038
1785234602,panel_4,panel_4_f1_4,-0.003937834471163874,-0.007710813560352876
1785234602,panel_4,panel_4_f1_4,-0.003779133261426183,-0.007635236392920441
1785234602,panel_4,panel_4_f1_4,-0.003653084958571546,-0.007469208831897857
1785234602,panel_4,panel_4_f1_4,-0.0035643856122368946,-0.007299184299526441
1785234602,panel_4,panel_4_f1_4,-0.0033260352107873487,-0.007091123165568226
1785234602,panel_4,panel_4_f1_4,-0.00301042921682817,-0.006970242027157269
1785234602,panel_4,panel_4_f1_4,-0.0026116459886076347,-0.006834871565132123
1785234602,panel_4,panel_4_f1_4,-0.002216168441065264,-0.006697928098269464
1785234602,panel_4,panel_4_f1_4,-0.0017927616198578026,-0.0064605607858636335
1785234603,panel_4,panel_4_f1_4,-0.0012139259158384106,-0.006204047720969937
1785234603,panel_4,panel_4_f1_4,-0.0008141907725497198,-0.006010900146779155
1785234603,panel_4,panel_4_f1_4,-0.00028747773589150703,-0.005861552300920435
1785234603,panel_4,panel_4_f1_4,0.0003741494268048062,-0.0056208638703158864
1785234603,panel_4,panel_4_f1_4,0.0010381017001235566,-0.005349449694493602
1785234604,panel_4,panel_4_f1_4,0.0054620480040613985,-0.003601338950182209
1785234604,panel_4,panel_4_f1_4,0.005580747332060971,-0.0034522043085374638
1785234604,panel_4,panel_4_f1_4,0.005969874395091391,-0.0031671948652013853
1785234604,panel_4,panel_4_f1_4,0.006801152043427101,-0.002919120335659165
1785234604,panel_4,panel_4_f1_4,0.00745972177424467,-0.0026589921376575006
1785234604,panel_4,panel_4_f1_4,0.008270058148278567,-0.0025601720395678003
1785234604,panel_4,panel_4_f1_4,0.008652303475684216,-0.002287853466671463
1785234604,panel_4,panel_4_f1_4,0.009298906862120327,-0.0018943688759854671
1785234604,panel_4,panel_4_f1_4,0.009597689443288709,-0.0017661173173755577
1785234604,panel_4,panel_4_f1_4,0.010356445325756518,-0.0016474204355845024
1785234604,panel_4,panel_4_f1_4,0.010889541177841624,-0.0014008812793433634
1785234604,panel_4,panel_4_f1_4,0.011412584058511581,-0.0012838636487414361
1785234604,panel_4,panel_4_f1_4,0.011920620078513501,-0.0011758724844531682
1785234604,panel_4,panel_4_f1_4,0.012144975111201859,-0.0010751768867360396
1785234604,panel_4,panel_4_f1_4,0.012839237341949604,-0.0009150101036102066
1785234604,panel_4,panel_4_f1_4,0.013362981809966878,-0.0009576862267632795
1785234604,panel_4,panel_4_f1_4,0.013819843290993498,-0.0009280660702594284
1785234604,panel_4,panel_4_f1_4,0.01426027506327364,-0.0009190490061046675
1785234604,panel_4,panel_4_f1_4,0.01516732311598387,-0.001014296752621827
1785234604,panel_4,panel_4_f1_4,0.015602383908898804,-0.0010105593171794054
1785234604,panel_4,panel_4_f1_4,0.01596306347880395,-0.000998318166057533
1785234604,panel_4,panel_4_f1_4,0.01632129430138379,-0.0010037539991773013
1785234604,panel_4,panel_4_f1_4,0.016791469040883113,-0.0011156411474535298
1785234604,panel_4,panel_4_f1_4,0.016926638793902223,-0.001091573809754695
1785234605,panel_4,panel_4_f1_4,0.018797109120653188,-0.0014057859112317423
1785234605,panel_4,panel_4_f1_4,0.018960176856530245,-0.0014351802652288086
1785234605,panel_4,panel_4_f1_4,0.019263984358517713,-0.0014949643876907275
1785234605,panel_4,panel_4_f1_4,0.01962153774702271,-0.00155389894276522
1785234605,panel_4,panel_4_f1_4,0.02005249646806141,-0.001606624362110288
1785234605,panel_4,panel_4_f1_4,0.02034494890542479,-0.0016632956474393248
1785234605,panel_4,panel_4_f1_4,0.020468934103237846,-0.0017339527902847918
1785234605,panel_4,panel_4_f1_4,0.020500339111341616,-0.0018121550094683866
1785234605,panel_4,panel_4_f1_4,0.020212968010403617,-0.0018462700834166097
1785234605,panel_4,panel_4_f1_4,0.020142286952215954,-0.0018807542275558356
1785234605,panel_4,panel_4_f1_4,0.020028725198625127,-0.001959980077704132
1785234605,panel_4,panel_4_f1_4,0.01998631038259734,-0.00204051170669047
1785234605,panel_4,panel_4_f1_4,0.019654269089349256,-0.0020998344851824126
1785234605,panel_4,panel_4_f1_4,0.019308155420183933,-0.002202237504329952
1785234605,panel_4,panel_4_f1_4,0.01897036437057621,-0.0022541816829865567
1785234605,panel_4,panel_4_f1_4,0.018542150250305662,-0.0023504736441295345
1785234605,panel_4,panel_4_f1_4,0.018120254575346786,-0.00240008415640684
1785234605,panel_4,panel_4_f1_4,0.017618525626768036,-0.0024963708185943927
1785234605,panel_4,panel_4_f1_4,0.017172741799820673,-0.0026551392304274184
1785234606,panel_4,panel_4_f1_4,0.016084829879433764,-0.0027897313129213717
1785234606,panel_4,panel_4_f1_4,0.015747111902720073,-0.0028512502817238184
1785234606,panel_4,panel_4_f1_4,0.015344378712376512,-0.002961369466074887
1785234606,panel_4,panel_4_f1_4,0.0150756268028209,-0.0030855903378208165
1785234606,panel_4,panel_4_f1_4,0.014630171490357302,-0.0031988802817699015
1785234606,panel_4,panel_4_f1_4,0.013690430750740168,-0.003276918387980028
1785234606,panel_4,panel_4_f1_4,0.01023154517338096,-0.0037034901350169736
1785234606,panel_4,panel_4_f1_4,0.009312266660367951,-0.003758591327893323
1785234606,panel_4,panel_4_f1_4,0.008433233534677918,-0.003868928984542671
1785234606,panel_4,panel_4_f1_4,0.007629399423507975,-0.00394213195949859
1785234606,panel_4,panel_4_f1_4,0.0068061403606142915,-0.0039994573764446885
1785234606,panel_4,panel_4_f1_4,0.006535659653408651,-0.003991590839445221
1785234606,panel_4,panel_4_f1_4,0.0055525062483163055,-0.003967408319375202
1785234606,panel_4,panel_4_f1_4,0.004964863268748057,-0.003926451563321665
1785234606,panel_4,panel_4_f1_4,0.004371267343826527,-0.003864054462410309
1785234606,panel_4,panel_4_f1_4,0.0037290864610178376,-0.0037652159890476503
1785234607,panel_4,panel_4_f1_4,0.0025829500875426186,-0.0035438504380902068
1785234607,panel_4,panel_4_f1_4,0.0018348645550328496,-0.0033492712992661783
1785234607,panel_4,panel_4_f1_4,0.0012195960844653153,-0.0031733216358129546
1785234607,panel_4,panel_4_f1_4,0.0005988658989442379,-0.00297862409320137
1785234607,panel_4,panel_4_f1_4,-0.00012577116640365482,-0.0027207613172086755
1785234607,panel_4,panel_4_f1_4,-0.0005527288545024016,-0.0025564314332937716
1785234607,panel_4,panel_4_f1_4,-0.0013076739348023198,-0.002312935174636195
1785234607,panel_4,panel_4_f1_4,-0.002037414678237774,-0.0020766833719213194
1785234607,panel_4,panel_4_f1_4,-0.0025719766230875795,-0.001891479530203198
1785234607,panel_4,panel_4_f1_4,-0.0033999036453237156,-0.0016559594615390303
1785234607,panel_4,panel_4_f1_4,-0.004016950272834516,-0.0014302267766830084
1785234607,panel_4,panel_4_f1_4,-0.004932599825388797,-0.0012097404845070438
1785234607,panel_4,panel_4_f1_4,-0.005813387366183952,-0.000985175696812677
1785234607,panel_4,panel_4_f1_4,-0.007040573608743153,-0.000720491952678708
1785234607,panel_4,panel_4_f1_4,-0.007752706933616587,-0.0005988235045123812
1785234607,panel_4,panel_4_f1_4,-0.008729814349006784,-0.00042564108928815514
1785234608,panel_4,panel_4_f1_4,-0.01542510674505036,0.0008915234297223812
1785234608,panel_4,panel_4_f1_4,-0.015737319971185378,0.0010823319300363075
1785234608,panel_4,panel_4_f1_4,-0.016019237536290067,0.0012399947346778727
1785234608,panel_4,panel_4_f1_4,-0.016179563602275175,0.001462530042831785
1785234608,panel_4,panel_4_f1_4,-0.01604458300463073,0.0016910638288595591
1785234608,panel_4,panel_4_f1_4,-0.01584344401625478,0.0019286026155592522
1785234608,panel_4,panel_4_f1_4,-0.015843857147306455,0.0021383026907830296
1785234608,panel_4,panel_4_f1_4,-0.01564794715614738,0.0023287351681153274
1785234608,panel_4,panel_4_f1_4,-0.015431460801451581,0.002592571228904076
1785234608,panel_4,panel_4_f1_4,-0.015148111361299819,0.002788231206677447
1785234608,panel_4,panel_4_f1_4,-0.014802975737640514,0.0030503053245957506
1785234608,panel_4,panel_4_f1_4,-0.014495221877389483,0.0032410470994990743
1785234608,panel_4,panel_4_f1_4,-0.014245702596501231,0.003424668629539146
1785234608,panel_4,panel_4_f1_4,-0.01383614816381058,0.0036362736347876606
1785234608,panel_4,panel_4_f1_4,-0.013601239528591307,0.0037438064106851366
1785234609,panel_4,panel_4_f1_4,-0.01278572047503755,0.004015238616043065
1785234609,panel_4,panel_4_f1_4,-0.012432248848574225,0.004116737751267919
1785234609,panel_4,panel_4_f1_4,-0.011891955081384877,0.004261248828849305
1785234609,panel_4,panel_4_f1_4,-0.011154780714832167,0.004376567656535323
1785234609,panel_4,panel_4_f1_4,-0.010612456850567402,0.004452671908893963
1785234609,panel_4,panel_4_f1_4,-0.010126586016738857,0.004461058127086597
1785234610,panel_4,panel_4_f1_4,-0.00673750865382543,0.0042295803976404
1785234610,panel_4,panel_4_f1_4,-0.006141895079391665,0.004166636605862939
1785234610,panel_4,panel_4_f1_4,-0.0054139727793972,0.004060115949340239
1785234610,panel_4,panel_4_f1_4,-0.004860194171124742,0.004007307155015671
1785234610,panel_4,panel_4_f1_4,-0.004090623049274017,0.004017994097418775
1785234610,panel_4,panel_4_f1_4,-0.003478483899124974,0.004017500581079641
1785234610,panel_4,panel_4_f1_4,-0.0030502861085574505,0.003955361884966146
1785234610,panel_4,panel_4_f1_4,-0.0023899621219012758,0.004079721208206757
1785234610,panel_4,panel_4_f1_4,-0.001683724470510385,0.003952135596471387
1785234610,panel_4,panel_4_f1_4,-0.0012022544068149741,0.003926661744092888
1785234610,panel_4,panel_4_f1_4,-0.0005199990836442218,0.003860553341516733
1785234610,panel_4,panel_4_f1_4,0.000264997651337337,0.0037926222648109933
1785234610,panel_4,panel_4_f1_4,0.0005286141642007866,0.0037281721115557096
1785234610,panel_4,panel_4_f1_4,0.001049967668540827,0.0038905287839737235
1785234610,panel_4,panel_4_f1_4,0.0016097056498422318,0.003777806962361574
1785234610,panel_4,panel_4_f1_4,0.002453905564115942,0.003851943614367243
1785234610,panel_4,panel_4_f1_4,0.002911737067858566,0.004024404685535673
1785234610,panel_4,panel_4_f1_4,0.002994025099908228,0.00436440252069532
1785234610,panel_4,panel_4_f1_4,0.003388539194752159,0.004519994446596035
1785234610,panel_4,panel_4_f1_4,0.004000507553321254,0.004615788144657529
1785234610,panel_4,panel_4_f1_4,0.004345525818764029,0.004643927159720069
1785234610,panel_4,panel_4_f1_4,0.0046254053348533785,0.004734618420718551
1785234610,panel_4,panel_4_f1_4,0.004640151070326489,0.00483553343729506
1785234610,panel_4,panel_4_f1_4,0.004891876119377098,0.004816074737958382
1785234611,panel_4,panel_4_f1_4,0.005277459323226649,0.004494601837132898
1785234611,panel_4,panel_4_f1_4,0.0052765240794756104,0.0044399071096418805
1785234611,panel_4,panel_4_f1_4,0.0052673845698932575,0.00430172185649487
1785234611,panel_4,panel_4_f1_4,0.005238244586548053,0.0042308732077458834
1785234611,panel_4,panel_4_f1_4,0.005155674406894731,0.00408461160061947
1785234611,panel_4,panel_4_f1_4,0.005092440441757086,0.003993560438637508
1785234611,panel_4,panel_4_f1_4,0.004985342774447433,0.003850962653063923
1785234611,panel_4,panel_4_f1_4,0.0048197964444908195,0.0037199134378006404
1785234611,panel_4,panel_4_f1_4,0.004875656565261004,0.00369862000184275
1785234611,panel_4,panel_4_f1_4,0.00446331034532084,0.0035563720640832113
1785234611,panel_4,panel_4_f1_4,0.004364143241396531,0.0035021929423759268
1785234611,panel_4,panel_4_f1_4,0.004162771347289943,0.0034725484163710104
1785234611,panel_4,panel_4_f1_4,0.003846176179196252,0.003420778953799295
1785234611,panel_4,panel_4_f1_4,0.003701388967816991,0.0034066746855516035
1785234611,panel_4,panel_4_f1_4,0.003333422405315317,0.003402150792305849
1785234611,panel_4,panel_4_f1_4,0.00286700938433666,0.00341492054024384
1785234611,panel_4,panel_4_f1_4,0.0026837221098116254,0.003432734346935658
1785234611,panel_4,panel_4_f1_4,0.002428861564598839,0.0034468069616231194
1785234611,panel_4,panel_4_f1_4,0.0025370763697961317,0.0034609312540697878
1785234611,panel_4,panel_4_f1_4,0.0022263444420085304,0.0034667398623079455
1785234612,panel_4,panel_4_f1_4,0.001992682657967792,0.0034731625609696905
1785234612,panel_4,panel_4_f1_4,0.0014869558016589238,0.0034593989603878294
1785234612,panel_4,panel_4_f1_4,0.001069413675345101,0.0034324258472948183
1785234612,panel_4,panel_4_f1_4,0.0006409946430798827,0.0033762071791687436
1785234612,panel_4,panel_4_f1_4,0.0003108435024578476,0.0032964633657201533
1785234613,panel_4,panel_4_f1_4,-0.0012203225236907943,0.002209280387325518
1785234613,panel_4,panel_4_f1_4,-0.0012596309131861153,0.0020599437551994068
1785234613,panel_4,panel_4_f1_4,-0.0012288262614564033,0.0018259425210144344
1785234613,panel_4,panel_4_f1_4,-0.0012066070382617132,0.001806065240888384
1785234613,panel_4,panel_4_f1_4,-0.0011177526007812072,0.0014781360183717873
1785234613,panel_4,panel_4_f1_4,-0.000978213169975875,0.0014134545533316376
1785234613,panel_4,panel_4_f1_4,-0.0008414506002853529,0.0011475213265649633
1785234613,panel_4,panel_4_f1_4,-0.0005345740408418343,0.0008336669769713738
1785234613,panel_4,panel_4_f1_4,-0.00024467839293727854,0.0004333681139583217
1785234613,panel_4,panel_4_f1_4,0.00018088073863771714,0.0001712024874654731
1785234613,panel_4,panel_4_f1_4,0.0007909779059357775,-5.9174885041265304e-05
1785234613,panel_4,panel_4_f1_4,0.0012983438424295564,-0.00015608735633349603
1785234613,panel_4,panel_4_f1_4,0.0016785098545620866,-0.00032340985993913144
1785234613,panel_4,panel_4_f1_4,0.0022691858966381773,-0.00045433131998885175
1785234613,panel_4,panel_4_f1_4,0.0025774944282018057,-0.0005058150497212282
1785234613,panel_4,panel_4_f1_4,0.003432577969406383,-0.0005721786518006473
1785234613,panel_4,panel_4_f1_4,0.0038551765008968393,-0.0006375286802575499
1785234613,panel_4,panel_4_f1_4,0.004311284607260445,-0.0006114459783116589
1785234613,panel_4,panel_4_f1_4,0.0051958391796125,-0.000614696915529124
1785234613,panel_4,panel_4_f1_4,0.0055945926496346965,-0.0006263641501347918
1785234613,panel_4,panel_4_f1_4,0.006036916747370042,-0.0006341601317772361
1785234613,panel_4,panel_4_f1_4,0.006587495796250583,-0.0006108248647265429
1785234613,panel_4,panel_4_f1_4,0.007146070143194597,-0.0005710854396922995
1785234613,panel_4,panel_4_f1_4,0.007672066849062584,-0.0005273136414454149
1785234613,panel_4,panel_4_f1_4,0.007973818230593352,-0.0004950510054200777
1785234614,panel_4,panel_4_f1_4,0.010178111463822052,-0.00017873105182238312
1785234614,panel_4,panel_4_f1_4,0.010465903300459593,-0.0001495903127509747
1785234614,panel_4,panel_4_f1_4,0.010514305329979635,-0.00014459790527897735
1785234614,panel_4,panel_4_f1_4,0.01061555432388563,-0.00015158681437484983
1785234614,panel_4,panel_4_f1_4,0.010716885599159003,-0.00016933170646567605
1785234614,panel_4,panel_4_f1_4,0.011045576256318978,-0.00021690114071818377
1785234614,panel_4,panel_4_f1_4,0.011429521430134369,-0.00026879653759748727
1785234614,panel_4,panel_4_f1_4,0.011918230135336376,-0.00036719218836242447
1785234614,panel_4,panel_4_f1_4,0.012287104236011632,-0.0004312189006920671
1785234614,panel_4,panel_4_f1_4,0.012420702623731428,-0.00047912794617681624
1785234614,panel_4,panel_4_f1_4,0.012758981988451315,-0.0005755632831449985
1785234614,panel_4,panel_4_f1_4,0.012918225532321479,-0.0006279220228260475
1785234614,panel_4,panel_4_f1_4,0.013204488073502324,-0.0007362658940311173
1785234614,panel_4,panel_4_f1_4,0.013326743672180428,-0.0007757534521004336
1785234614,panel_4,panel_4_f1_4,0.013436789815910889,-0.0008133177157201031
1785234614,panel_4,panel_4_f1_4,0.013547126025497791,-0.0008109913817266805
1785234614,panel_4,panel_4_f1_4,0.013652831251246935,-0.0008602317195696307
1785234614,panel_4,panel_4_f1_4,0.013842420823327737,-0.0009341119087301941
1785234614,panel_4,panel_4_f1_4,0.014050844718575133,-0.0011045623561812532
1785234615,panel_4,panel_4_f1_4,0.014127655921300638,-0.0011828080916396434
1785234615,panel_4,panel_4_f1_4,0.014133300245807348,-0.0012178095142014278
1785234615,panel_4,panel_4_f1_4,0.014045065012843671,-0.0012307669677076693
1785234615,panel_4,panel_4_f1_4,0.013932462958321528,-0.0013159865554885056
1785234615,panel_4,panel_4_f1_4,0.013714675092604123,-0.0013650820954703722
1785234616,panel_4,panel_4_f1_4,0.008735628940285855,-0.0013995171840505182
1785234616,panel_4,panel_4_f1_4,0.00802161758795411,-0.0013768238168113205
1785234616,panel_4,panel_4_f1_4,0.007075693718930188,-0.0013888175282299783
1785234616,panel_4,panel_4_f1_4,0.006224158004130986,-0.001342487074222088
1785234616,panel_4,panel_4_f1_4,0.005450424020473859,-0.0013335290480522067
1785234616,panel_4,panel_4_f1_4,0.004100386606398123,-0.0012949256764434355
1785234616,panel_4,panel_4_f1_4,0.0032293551803029264,-0.0012181078449446617
1785234616,panel_4,panel_4_f1_4,0.002367791426071006,-0.0011347528854455575
1785234616,panel_4,panel_4_f1_4,0.001645314736007395,-0.0011317724647631085
1785234616,panel_4,panel_4_f1_4,0.000933110069459547,-0.0011282975421669122
1785234616,panel_4,panel_4_f1_4,0.00043629453626093886,-0.001170655613722527
1785234616,panel_4,panel_4_f1_4,-0.0003266729004552043,-0.0010569941202407114
1785234616,panel_4,panel_4_f1_4,-0.0008102591654685555,-0.0010083610258689144
1785234616,panel_4,panel_4_f1_4,-0.0017110437181521911,-0.000997699461051458
1785234616,panel_4,panel_4_f1_4,-0.002156370013550655,-0.0009441683619787358
1785234616,panel_4,panel_4_f1_4,-0.002985438230983144,-0.0008295780403065874
1785234616,panel_4,panel_4_f1_4,-0.0032221518582239792,-0.0008480233962599612
1785234616,panel_4,panel_4_f1_4,-0.0033703816198138513,-0.0007686766664904025
1785234616,panel_4,panel_4_f1_4,-0.003877524317727271,-0.0007937003099163968
1785234616,panel_4,panel_4_f1_4,-0.004443821383223803,-0.0007308037385392423
1785234616,panel_4,panel_4_f1_4,-0.004805328553888804,-0.0005801413520551566
1785234616,panel_4,panel_4_f1_4,-0.005202539856918688,-0.0004276200305337157
1785234617,panel_4,panel_4_f1_4,-0.0077985244066058265,0.0006073098075718702
1785234617,panel_4,panel_4_f1_4,-0.008169413337807258,0.0007549428215802306
1785234617,panel_4,panel_4_f1_4,-0.008269783313406361,0.0009281628260400942
1785234617,panel_4,panel_4_f1_4,-0.008541734153583624,0.0011228411159580746
1785234617,panel_4,panel_4_f1_4,-0.008697863736887947,0.0011878734494448753
1785234617,panel_4,panel_4_f1_4,-0.00857074910834784,0.0014901072344004934
1785234617,panel_4,panel_4_f1_4,-0.008593095240081988,0.0016420316057526316
1785234617,panel_4,panel_4_f1_4,-0.008591435238376651,0.0017991608232533266
1785234617,panel_4,panel_4_f1_4,-0.008520902813414966,0.0021298659462627976
1785234617,panel_4,panel_4_f1_4,-0.008478599413269722,0.0025521543892056144
1785234617,panel_4,panel_4_f1_4,-0.008307380646912393,0.002897193748194288
1785234617,panel_4,panel_4_f1_4,-0.00791000520600153,0.003352053726386956
1785234617,panel_4,panel_4_f1_4,-0.007629757176096531,0.00373022772516045
1785234617,panel_4,panel_4_f1_4,-0.007440442612212954,0.003955616263690365
1785234617,panel_4,panel_4_f1_4,-0.007197270678962542,0.004173340208385124
1785234617,panel_4,panel_4_f1_4,-0.0068543118795978885,0.004509043487656846
1785234617,panel_4,panel_4_f1_4,-0.006495596410376042,0.004839794740059769
1785234617,panel_4,panel_4_f1_4,-0.006247308494946345,0.005160555619520279
1785234617,panel_4,panel_4_f1_4,-0.006044360204741178,0.00531363723511873
1785234617,panel_4,panel_4_f1_4,-0.006029990450143857,0.005559745804225239
1785234618,panel_4,panel_4_f1_4,-0.005620828292288005,0.005972032072586765
1785234618,panel_4,panel_4_f1_4,-0.005435666636218234,0.006208365096765478
1785234618,panel_4,panel_4_f1_4,-0.004990705103618281,0.006421927816935675
1785234618,panel_4,panel_4_f1_4,-0.004252470223994374,0.006604272085061599
1785234618,panel_4,panel_4_f1_4,-0.003867558866078873,0.006781582501407741
1785234619,panel_4,panel_4_f1_4,-0.0016560344944008386,0.00741628107813092
1785234619,panel_4,panel_4_f1_4,-0.0015708073726357812,0.007445562645199133
1785234619,panel_4,panel_4_f1_4,-0.0019407100152763032,0.007634380778041422
1785234619,panel_4,panel_4_f1_4,-0.001565628672299872,0.007563940263633582
1785234619,panel_4,panel_4_f1_4,-0.0016193783527346677,0.007613586388225334
1785234619,panel_4,panel_4_f1_4,-0.0015471487087269876,0.007595821373607397
1785234619,panel_4,panel_4_f1_4,-0.0016083707884168086,0.007606238916114404
1785234619,panel_4,panel_4_f1_4,-0.001565610667036651,0.007543170164472365
1785234619,panel_4,panel_4_f1_4,-0.0018314968304382739,0.0076174030613505115
1785234619,panel_4,panel_4_f1_4,-0.0018331528936906506,0.007578096972949916
1785234619,panel_4,panel_4_f1_4,-0.0020856108280330617,0.007643140224030915
1785234619,panel_4,panel_4_f1_4,-0.0021026597798008283,0.0075995861699937675
1785234619,panel_4,panel_4_f1_4,-0.0019059146459605002,0.007446461567334206
1785234619,panel_4,panel_4_f1_4,-0.0019725618375115526,0.007357786694535521
1785234619,panel_4,panel_4_f1_4,-0.0019397113504243597,0.007243497506552332
1785234619,panel_4,panel_4_f1_4,-0.0020357635227961093,0.0071632205673777495
1785234619,panel_4,panel_4_f1_4,-0.002091418474833278,0.007124983727440732
1785234619,panel_4,panel_4_f1_4,-0.0021158986623285112,0.006976932181311425
1785234619,panel_4,panel_4_f1_4,-0.002235385503829784,0.0069717725488812055
1785234619,panel_4,panel_4_f1_4,-0.002333253395151488,0.006827595669608915
1785234619,panel_4,panel_4_f1_4,-0.0023544921233321597,0.006779271545761364
1785234619,panel_4,panel_4_f1_4,-0.002516309044976767,0.00673595975678842
1785234619,panel_4,panel_4_f1_4,-0.0026017007103192997,0.006696489458938724
1785234619,panel_4,panel_4_f1_4,-0.0026583492308099583,0.006784666696811274
1785234620,panel_4,panel_4_f1_4,-0.0037675032703765156,0.006488892543987308
1785234620,panel_4,panel_4_f1_4,-0.004021217635949556,0.0063312115775095565
1785234620,panel_4,panel_4_f1_4,-0.004427088649381486,0.005938672940481346
1785234620,panel_4,panel_4_f1_4,-0.004680061863295747,0.005729528509923687
1785234620,panel_4,panel_4_f1_4,-0.004778978270023486,0.005658903102396537
1785234620,panel_4,panel_4_f1_4,-0.0048606311993556256,0.005580409212494447
1785234620,panel_4,panel_4_f1_4,-0.004972922023036273,0.005369832176721743
1785234620,panel_4,panel_4_f1_4,-0.005018531216400378,0.005186357905033915
1785234620,panel_4,panel_4_f1_4,-0.0050092808981622595,0.004993260023172654
1785234620,panel_4,panel_4_f1_4,-0.004969024637402046,0.004914670962968314
1785234620,panel_4,panel_4_f1_4,-0.00493853133064787,0.004691981553051
1785234620,panel_4,panel_4_f1_4,-0.0048661186662783545,0.004322670945399743
1785234620,panel_4,panel_4_f1_4,-0.00476034974136764,0.004104438375589815
1785234620,panel_4,panel_4_f1_4,-0.004629315737960829,0.0038888174049455182
1785234620,panel_4,panel_4_f1_4,-0.004408313134346546,0.0036766600621812974
1785234620,panel_4,panel_4_f1_4,-0.004139435569511285,0.003461482055233334
1785234620,panel_4,panel_4_f1_4,-0.003922060428564431,0.00325016692163106
1785234620,panel_4,panel_4_f1_4,-0.003687266515007057,0.0030666405435460634
1785234620,panel_4,panel_4_f1_4,-0.0035002616562379006,0.0028792392364918734
1785234620,panel_4,panel_4_f1_4,-0.003181605432279877,0.0026833228917805905
1785234620,panel_4,panel_4_f1_4,-0.002833708839336353,0.0025635692522457997
1785234621,panel_4,panel_4_f1_4,-0.002595013574313739,0.0024660697452606544
1785234621,panel_4,panel_4_f1_4,-0.002091943265257206,0.002294333817421347
1785234621,panel_4,panel_4_f1_4,-0.0018655238351800787,0.0022174624987079967
1785234621,panel_4,panel_4_f1_4,-0.001240638048813314,0.002039034109479779
1785234621,panel_4,panel_4_f1_4,-0.000977680260923013,0.0019833215820360735
1785234622,panel_4,panel_4_f1_4,0.0015521903408320403,0.001811421126707632
1785234622,panel_4,panel_4_f1_4,0.001764350313987008,0.0018477636024479516
1785234622,panel_4,panel_4_f1_4,0.0018155983519838842,0.0019051087224443845
1785234622,panel_4,panel_4_f1_4,0.002082940323835785,0.001874654931966771
1785234622,panel_4,panel_4_f1_4,0.002212978532003643,0.0019001176245008102
1785234622,panel_4,panel_4_f1_4,0.002423090926263875,0.001870283231849636
1785234622,panel_4,panel_4_f1_4,0.0024817112836291472,0.0018820588184058175
1785234622,panel_4,panel_4_f1_4,0.0024931493247933732,0.0018952541365523299
1785234622,panel_4,panel_4_f1_4,0.002540547656653836,0.0018638102179896474
1785234622,panel_4,panel_4_f1_4,0.0025382723425889362,0.0018490800746989095
1785234622,panel_4,panel_4_f1_4,0.002479371777009504,0.0018625914685785308
1785234622,panel_4,panel_4_f1_4,0.0024542856832607657,0.0018091409372937108
1785234622,panel_4,panel_4_f1_4,0.0024803247057190382,0.0017790405133628062
1785234622,panel_4,panel_4_f1_4,0.0025369732262096965,0.0016908632754902557
1785234622,panel_4,panel_4_f1_4,0.0025711948506858206,0.001566367777360984
1785234622,panel_4,panel_4_f1_4,0.002587715955668115,0.0014846548260526063
1785234622,panel_4,panel_4_f1_4,0.002639024594999152,0.0014024115123690453
1785234622,panel_4,panel_4_f1_4,0.002708036118536418,0.001335603373106272
1785234622,panel_4,panel_4_f1_4,0.0028361029938908477,0.0013328466371742142
1785234622,panel_4,panel_4_f1_4,0.0029005481154868503,0.001296361671429764
1785234622,panel_4,panel_4_f1_4,0.003042457330733847,0.0013390193412123799
1785234622,panel_4,panel_4_f1_4,0.0030487768582695847,0.0012856121527639402
1785234622,panel_4,panel_4_f1_4,0.00324169638346224,0.0012750478900497271
1785234622,panel_4,panel_4_f1_4,0.0034531380084012906,0.0012641787926737907
1785234623,panel_4,panel_4_f1_4,0.005094492513647514,0.000990782954882852
1785234623,panel_4,panel_4_f1_4,0.005259860525356429,0.0009447310018010076
1785234623,panel_4,panel_4_f1_4,0.005303347676929125,0.0009118660592936931
1785234623,panel_4,panel_4_f1_4,0.005423349416205135,0.0008662070915882057
1785234623,panel_4,panel_4_f1_4,0.005521233422935114,0.0008205857557460423
1785234623,panel_4,panel_4_f1_4,0.00569187073464739,0.0007595326693472467
1785234623,panel_4,panel_4_f1_4,0.005701733883625505,0.0007230999623729522
1785234623,panel_4,panel_4_f1_4,0.005463688613797048,0.000755776166746477
1785234623,panel_4,panel_4_f1_4,0.005422287283711355,0.0007207804302228996
1785234623,panel_4,panel_4_f1_4,0.005202745479026479,0.0007134425571790482
1785234623,panel_4,panel_4_f1_4,0.0051413018218440165,0.0006716702487386519
1785234623,panel_4,panel_4_f1_4,0.004881391512817564,0.0006310011904745183
1785234623,panel_4,panel_4_f1_4,0.004716151767806416,0.0006011860920169454
1785234623,panel_4,panel_4_f1_4,0.00452242793425517,0.0005687451187579794
1785234623,panel_4,panel_4_f1_4,0.0044661090703604165,0.0005668012330866534
1785234623,panel_4,panel_4_f1_4,0.004195953541062533,0.0005116779155122334
1785234623,panel_4,panel_4_f1_4,0.0039387673235832645,0.0004525008357755901
1785234623,panel_4,panel_4_f1_4,0.0035763200251666934,0.000412677859623131
1785234624,panel_4,panel_4_f1_4,0.003201190008045267,0.0003850709544954556
1785234624,panel_4,panel_4_f1_4,0.002829924042935117,0.00036666203902359444
1785234624,panel_4,panel_4_f1_4,0.002753461115231642,0.00029538938222568395
1785234624,panel_4,panel_4_f1_4,0.002702213077234765,0.00023804426222925106
1785234624,panel_4,panel_4_f1_4,0.002492273970441308,0.0002614768267576109
1785234625,panel_4,panel_4_f1_4,0.0014361368795848452,0.0009174125763055631
1785234625,panel_4,panel_4_f1_4,0.0014142301334093615,0.0010678100321443518
1785234625,panel_4,panel_4_f1_4,0.001432541382070248,0.0011583114158857028
1785234625,panel_4,panel_4_f1_4,0.001512911931490694,0.0012129356076086147
1785234625,panel_4,panel_4_f1_4,0.0018592270948420899,0.0015129823876558629
1785234625,panel_4,panel_4_f1_4,0.002126544209236891,0.001688827321554176
1785234625,panel_4,panel_4_f1_4,0.002433079028083668,0.0018612790872127877
1785234625,panel_4,panel_4_f1_4,0.002753321386673214,0.0020108641909211437
1785234625,panel_4,panel_4_f1_4,0.002969777066366247,0.0020977797201868482
1785234625,panel_4,panel_4_f1_4,0.0035155331566411097,0.0023110990708029135
1785234625,panel_4,panel_4_f1_4,0.003832492361844064,0.002414074450864021
1785234625,panel_4,panel_4_f1_4,0.004344443669139263,0.002581601238932262
1785234625,panel_4,panel_4_f1_4,0.004513825544247819,0.0026506287599156768
1785234625,panel_4,panel_4_f1_4,0.005252819992581378,0.002838229035264722
1785234625,panel_4,panel_4_f1_4,0.006210283935852824,0.0030934708101324477
1785234625,panel_4,panel_4_f1_4,0.007000727413565431,0.0032715991653994307
1785234625,panel_4,panel_4_f1_4,0.007164664702309392,0.003347025522363485
1785234625,panel_4,panel_4_f1_4,0.0072769859802213795,0.0034192386454936184
1785234625,panel_4,panel_4_f1_4,0.007967747679274597,0.003558066056589926
1785234625,panel_4,panel_4_f1_4,0.007654474821889897,0.0035719013551611997
1785234625,panel_4,panel_4_f1_4,0.00789934888086315,0.003635857848817048
1785234625,panel_4,panel_4_f1_4,0.008489693262052954,0.0037405435955080737
1785234625,panel_4,panel_4_f1_4,0.009142097682497246,0.003814911400603329
1785234626,panel_4,panel_4_f1_4,0.01252781408928573,0.003859138129455003
1785234626,panel_4,panel_4_f1_4,0.01303092465187981,0.0037720067689494406
1785234626,panel_4,panel_4_f1_4,0.013354665083192656,0.0036981654703078896
1785234626,panel_4,panel_4_f1_4,0.013789828776207207,0.0035555949332345075
1785234626,panel_4,panel_4_f1_4,0.01405216741784681,0.0034731089056236546
1785234626,panel_4,panel_4_f1_4,0.014198230466788921,0.0034187541530422117
1785234626,panel_4,panel_4_f1_4,0.014329082139283354,0.003371703578736734
1785234626,panel_4,panel_4_f1_4,0.014459213388812177,0.003305198627042426
1785234626,panel_4,panel_4_f1_4,0.014678522906398444,0.0031542019378609947
1785234626,panel_4,panel_4_f1_4,0.014910916350695667,0.0030487062285930126
1785234626,panel_4,panel_4_f1_4,0.015139436505551258,0.0029312669638638343
1785234626,panel_4,panel_4_f1_4,0.015079578187650697,0.0028627450787538085
1785234626,panel_4,panel_4_f1_4,0.015009298586446992,0.0027898734944389043
1785234626,panel_4,panel_4_f1_4,0.015115582003204868,0.002655847703901212
1785234626,panel_4,panel_4_f1_4,0.015228321491175485,0.0023813774973653664
1785234626,panel_4,panel_4_f1_4,0.015251072218513219,0.0022121741274994176
1785234626,panel_4,panel_4_f1_4,0.015545385233039841,0.001947261882067181
1785234626,panel_4,panel_4_f1_4,0.015660537646803155,0.0018862516512761602
1785234626,panel_4,panel_4_f1_4,0.01596057011671566,0.00168810436590073
1785234627,panel_4,panel_4_f1_4,0.015958986557097286,0.0015196173492084684
1785234627,panel_4,panel_4_f1_4,0.015943395062430237,0.0013483573139530833
1785234627,panel_4,panel_4_f1_4,0.015935783723857816,0.0010904826641117984
1785234627,panel_4,panel_4_f1_4,0.015812707430308912,0.0007579618241830744
1785234627,panel_4,panel_4_f1_4,0.015724753316300372,0.0005790331754657997
1785234628,panel_4,panel_4_f1_4,0.013189588263958281,-0.0014319844213239485
1785234628,panel_4,panel_4_f1_4,0.012280269219148442,-0.0018924208160260054
1785234628,panel_4,panel_4_f1_4,0.011741258125487703,-0.0021951100216107814
1785234628,panel_4,panel_4_f1_4,0.010963294279319875,-0.002467675410574709
1785234628,panel_4,panel_4_f1_4,0.010574680393602355,-0.002570852794773565
1785234628,panel_4,panel_4_f1_4,0.009579373062355961,-0.002905236477146748
1785234628,panel_4,panel_4_f1_4,0.008092455839194497,-0.003335004808987118
1785234628,panel_4,panel_4_f1_4,0.0070338454256234405,-0.0036459844466818826
1785234628,panel_4,panel_4_f1_4,0.0064008096487494,-0.003879472939984248
1785234628,panel_4,panel_4_f1_4,0.005769378243871133,-0.0040929431455737205
1785234628,panel_4,panel_4_f1_4,0.0047528919306373965,-0.004289479803385475
1785234628,panel_4,panel_4_f1_4,0.004655573429917008,-0.004373540449536682
1785234628,panel_4,panel_4_f1_4,0.004094473584216432,-0.004507222131095492
1785234628,panel_4,panel_4_f1_4,0.0029819485240667265,-0.004760970343531983
1785234628,panel_4,panel_4_f1_4,0.0019007256524763414,-0.004998002834576162
1785234628,panel_4,panel_4_f1_4,0.0008521403399409952,-0.005216407738509003
1785234628,panel_4,panel_4_f1_4,-0.00019122918762472192,-0.005429284814767644
1785234628,panel_4,panel_4_f1_4,-0.0015214951116424174,-0.005588146856923307
1785234628,panel_4,panel_4_f1_4,-0.0022871780672003065,-0.0058867593999329506
1785234628,panel_4,panel_4_f1_4,-0.0031384064500830262,-0.006219854923503625
1785234628,panel_4,panel_4_f1_4,-0.004045019101247265,-0.006387637722036695
1785234628,panel_4,panel_4_f1_4,-0.00469230907409204,-0.006422474042600099
1785234628,panel_4,panel_4_f1_4,-0.005649161428840182,-0.0065381366460839805
1785234628,panel_4,panel_4_f1_4,-0.006189197588658597,-0.006558275435983827
1785234628,panel_4,panel_4_f1_4,-0.00705288959307031,-0.006644670009123492
1785234629,panel_4,panel_4_f1_4,-0.01053890620426603,-0.007678791407683021
1785234629,panel_4,panel_4_f1_4,-0.011214278017228112,-0.00792833256969986
1785234629,panel_4,panel_4_f1_4,-0.012027042108085669,-0.008238993383074357
1785234629,panel_4,panel_4_f1_4,-0.012247558167830262,-0.008293503357016046
1785234629,panel_4,panel_4_f1_4,-0.012458499176032069,-0.008341488956569448
1785234629,panel_4,panel_4_f1_4,-0.012583883452876343,-0.008297197603320072
1785234629,panel_4,panel_4_f1_4,-0.012770371725156403,-0.008316147615921109
1785234629,panel_4,panel_4_f1_4,-0.013277834628090658,-0.008496181106769798
1785234629,panel_4,panel_4_f1_4,-0.013872905690628152,-0.008781346305176452
1785234629,panel_4,panel_4_f1_4,-0.014674197368595394,-0.009191247214935756
1785234629,panel_4,panel_4_f1_4,-0.015091555247275186,-0.009364160519341
1785234629,panel_4,panel_4_f1_4,-0.015355617453605612,-0.009467988672676507
1785234629,panel_4,panel_4_f1_4,-0.01582474349362497,-0.00970806210700052
1785234629,panel_4,panel_4_f1_4,-0.016210975859126217,-0.009871130061514483
1785234629,panel_4,panel_4_f1_4,-0.016664212798012713,-0.010149121425319907
1785234629,panel_4,panel_4_f1_4,-0.01704082048601455,-0.01036912439562214
1785234629,panel_4,panel_4_f1_4,-0.01715441111781572,-0.010408406479002652
1785234629,panel_4,panel_4_f1_4,-0.017255863465379762,-0.010467464274353468
1785234629,panel_4,panel_4_f1_4,-0.017341881361243733,-0.010543262996724184
1785234629,panel_4,panel_4_f1_4,-0.017628309997280253,-0.010882274422149016
1785234630,panel_4,panel_4_f1_4,-0.0179141411014645,-0.011270298421380403
1785234630,panel_4,panel_4_f1_4,-0.01809353847895721,-0.0115915433210271
1785234630,panel_4,panel_4_f1_4,-0.018440055848473417,-0.01221162481721899
1785234630,panel_4,panel_4_f1_4,-0.018733846028227683,-0.012702914858125103
1785234630,panel_4,panel_4_f1_4,-0.019098719961471444,-0.013266603693778396
1785234631,panel_4,panel_4_f1_4,-0.01993454029650723,-0.015394792000208298
1785234631,panel_4,panel_4_f1_4,-0.02007548093103757,-0.015755373729050316
1785234631,panel_4,panel_4_f1_4,-0.019985264197843897,-0.015819267195889438
1785234631,panel_4,panel_4_f1_4,-0.020009006704094966,-0.01610875439111781
1785234631,panel_4,panel_4_f1_4,-0.020100992160262236,-0.01655068989269072
1785234631,panel_4,panel_4_f1_4,-0.020025255398431193,-0.016728329738090974
1785234631,panel_4,panel_4_f1_4,-0.020127419856063002,-0.017285195866503386
1785234631,panel_4,panel_4_f1_4,-0.019848128925826852,-0.017319075285327497
1785234631,panel_4,panel_4_f1_4,-0.019381807625594372,-0.017147783645014646
1785234631,panel_4,panel_4_f1_4,-0.019124995567532624,-0.017224809718932844
1785234631,panel_4,panel_4_f1_4,-0.0189733183678209,-0.01722998430081017
1785234631,panel_4,panel_4_f1_4,-0.01864904153756446,-0.017281917521391122
1785234631,panel_4,panel_4_f1_4,-0.0184646976162854,-0.017297690380601156
1785234631,panel_4,panel_4_f1_4,-0.018032667356982425,-0.017285508063992667
1785234631,panel_4,panel_4_f1_4,-0.017555235253256325,-0.017221737682534943
1785234631,panel_4,panel_4_f1_4,-0.016942162325241577,-0.017117153720431027
1785234631,panel_4,panel_4_f1_4,-0.016405936641744737,-0.016867242435129128
1785234631,panel_4,panel_4_f1_4,-0.01547066500657419,-0.016524255826878945
1785234631,panel_4,panel_4_f1_4,-0.015397294663796962,-0.016569455718513273
1785234631,panel_4,panel_4_f1_4,-0.014764622309891649,-0.016288886210748726
1785234631,panel_4,panel_4_f1_4,-0.013799578298316953,-0.0159994277313276
1785234631,panel_4,panel_4_f1_4,-0.01265611768875068,-0.015625049722122447
1785234631,panel_4,panel_4_f1_4,-0.012062831075426545,-0.015475624827704426
1785234631,panel_4,panel_4_f1_4,-0.011610756274001412,-0.015327347411396144
1785234632,panel_4,panel_4_f1_4,-0.004386951341723126,-0.012181595844135466
1785234632,panel_4,panel_4_f1_4,-0.003685983121152805,-0.011744592005055607
1785234632,panel_4,panel_4_f1_4,-0.002995400434348049,-0.011284271132146568
1785234632,panel_4,panel_4_f1_4,-0.0024063375104184975,-0.01093377831743004
1785234632,panel_4,panel_4_f1_4,-0.002166480376559423,-0.010716089025136417
1785234632,panel_4,panel_4_f1_4,-0.0017715884823289233,-0.010412504136233873
1785234632,panel_4,panel_4_f1_4,-0.001341440142164121,-0.009926955750547934
1785234632,panel_4,panel_4_f1_4,-0.0006083903745808276,-0.009247640758927837
1785234632,panel_4,panel_4_f1_4,0.0001216077272013423,-0.008541099635106238
1785234632,panel_4,panel_4_f1_4,0.0008156123248187591,-0.007651045609468018
1785234632,panel_4,panel_4_f1_4,0.0013551884361609192,-0.006992516044010466
1785234632,panel_4,panel_4_f1_4,0.001720062369404683,-0.006428827208357176
1785234632,panel_4,panel_4_f1_4,0.0022656824206831088,-0.005904237754406592
1785234632,panel_4,panel_4_f1_4,0.002634297228824037,-0.005491226772548199
1785234632,panel_4,panel_4_f1_4,0.003268558341682633,-0.004894439052575487
1785234632,panel_4,panel_4_f1_4,0.0034813249915154137,-0.004747932495738811
1785234632,panel_4,panel_4_f1_4,0.004400381912380171,-0.003618666366785355
1785234633,panel_4,panel_4_f1_4,0.00527698555472037,-0.0025580224445969713
1785234633,panel_4,panel_4_f1_4,0.006046121078472823,-0.0017014864784069047
1785234633,panel_4,panel_4_f1_4,0.006599750086553408,-0.0010367065124548052
1785234633,panel_4,panel_4_f1_4,0.007239793855267966,-0.00043036584983722445
1785234633,panel_4,panel_4_f1_4,0.008266257506708249,0.0006077970408802752
1785234634,panel_4,panel_4_f1_4,0.011479858053933917,0.004827883144688013
1785234634,panel_4,panel_4_f1_4,0.012090026075900772,0.0055589607813174334
1785234634,panel_4,panel_4_f1_4,0.012358093603466114,0.006059052812309015
1785234634,panel_4,panel_4_f1_4,0.012720049181201749,0.006598023144917692
1785234634,panel_4,panel_4_f1_4,0.012938282141691205,0.007081824746282106
1785234634,panel_4,panel_4_f1_4,0.013331132613271693,0.007849130617786373
1785234634,panel_4,panel_4_f1_4,0.013301233497541691,0.008026321888238184
1785234634,panel_4,panel_4_f1_4,0.013494957529539825,0.008398256545355866
1785234634,panel_4,panel_4_f1_4,0.013588056483861053,0.008779618238874534
1785234634,panel_4,panel_4_f1_4,0.013702081224007144,0.009318578998634554
1785234634,panel_4,panel_4_f1_4,0.013702081224007144,0.009318578998634554
1785234634,panel_4,panel_4_f1_4,0.013451408024433785,0.009342313847705626
1785234634,panel_4,panel_4_f1_4,0.013236642375686648,0.00969139318395039
1785234634,panel_4,panel_4_f1_4,0.012958085391982222,0.010003264682536983
1785234634,panel_4,panel_4_f1_4,0.012793975617409083,0.01030911046557121
1785234634,panel_4,panel_4_f1_4,0.012624996115510267,0.010282067868354259
1785234634,panel_4,panel_4_f1_4,0.012227477632107367,0.010358124322321683
1785234634,panel_4,panel_4_f1_4,0.011754962510259682,0.010397690285078033
1785234634,panel_4,panel_4_f1_4,0.0114960063652527,0.010481019265497368
1785234634,panel_4,panel_4_f1_4,0.011027641575926032,0.010498173620057222
1785234634,panel_4,panel_4_f1_4,0.010545436486056206,0.010500179719110712
1785234634,panel_4,panel_4_f1_4,0.009946448926000636,0.010614762547585714
1785234634,panel_4,panel_4_f1_4,0.00932540452880626,0.010724478913363455
1785234634,panel_4,panel_4_f1_4,0.009197482494616382,0.010848470261314337
1785234634,panel_4,panel_4_f1_4,0.008882981876062356,0.01090468554248053
1785234635,panel_4,panel_4_f1_4,0.006827536150384019,0.011703457757000445
1785234635,panel_4,panel_4_f1_4,0.006292646700273598,0.011919880494977672
1785234635,panel_4,panel_4_f1_4,0.006073370565265979,0.012057425455870033
1785234635,panel_4,panel_4_f1_4,0.0057312741200725055,0.012389790840898014
1785234635,panel_4,panel_4_f1_4,0.005587711962741953,0.012838645970361318
1785234635,panel_4,panel_4_f1_4,0.00516486270063728,0.012831662369878996
1785234635,panel_4,panel_4_f1_4,0.0048800654014413145,0.01325376136315555
1785234635,panel_4,panel_4_f1_4,0.004394455919693699,0.01319192375983932
1785234635,panel_4,panel_4_f1_4,0.00412816000641959,0.014013635430140767
1785234635,panel_4,panel_4_f1_4,0.0036913865531844553,0.014239028009867063
1785234635,panel_4,panel_4_f1_4,0.0032792964951399717,0.014595196704414747
1785234635,panel_4,panel_4_f1_4,0.002852163161711883,0.014812096352457262
1785234635,panel_4,panel_4_f1_4,0.0025741953752110363,0.014874817365627098
1785234635,panel_4,panel_4_f1_4,0.0021176833613458287,0.014802353705661178
1785234635,panel_4,panel_4_f1_4,0.0014697932886165838,0.01481881935557897
1785234635,panel_4,panel_4_f1_4,0.0010805289473485398,0.015009001351566771
1785234635,panel_4,panel_4_f1_4,0.0007886206263885366,0.015537964075753051
1785234635,panel_4,panel_4_f1_4,0.000740282113244915,0.01617019923983558
1785234635,panel_4,panel_4_f1_4,0.0008084815903182276,0.01650733734450842
1785234636,panel_4,panel_4_f1_4,0.0006773922291108422,0.01683877265934734
1785234636,panel_4,panel_4_f1_4,0.00032882414009195336,0.016958540175853153
1785234636,panel_4,panel_4_f1_4,-0.00023306362405220478,0.01635537335048144
1785234636,panel_4,panel_4_f1_4,-0.00039087337620114806,0.016409032131526727
1785234636,panel_4,panel_4_f1_4,-0.0007142871801876577,0.01626183459251201
1785234636,panel_4,panel_4_f1_4,-0.000916488213459394,0.01651144050675101
1785234637,panel_4,panel_4_f1_4,-0.002253484561806118,0.017755240615786042
1785234637,panel_4,panel_4_f1_4,-0.0023942425583467018,0.017767810132167276
1785234637,panel_4,panel_4_f1_4,-0.002503064154074114,0.017778166389816136
1785234637,panel_4,panel_4_f1_4,-0.0025821283265158534,0.017773712914733772
1785234637,panel_4,panel_4_f1_4,-0.0026609283532122237,0.018111577004514406
1785234637,panel_4,panel_4_f1_4,-0.0027247140281039966,0.018389781755044427
1785234637,panel_4,panel_4_f1_4,-0.002739181001129853,0.018532058783718285
1785234637,panel_4,panel_4_f1_4,-0.0027247390971534163,0.018659804787154073
1785234637,panel_4,panel_4_f1_4,-0.002679368518494295,0.018704011269966195
1785234637,panel_4,panel_4_f1_4,-0.0026006992126048705,0.018658804704621484
1785234637,panel_4,panel_4_f1_4,-0.002402070488026025,0.018511552339987837
1785234637,panel_4,panel_4_f1_4,-0.002194833345056485,0.018431906305339158
1785234637,panel_4,panel_4_f1_4,-0.0021053778691120188,0.018462070571315433
1785234637,panel_4,panel_4_f1_4,-0.002009263363300257,0.018454732592527428
1785234637,panel_4,panel_4_f1_4,-0.001776733455948446,0.01828226170290364
1785234637,panel_4,panel_4_f1_4,-0.0014933998136527698,0.017994965212252387
1785234637,panel_4,panel_4_f1_4,-0.0015537850868682446,0.018060632786641276
1785234637,panel_4,panel_4_f1_4,-0.0014918174461557652,0.01795420059205354
1785234637,panel_4,panel_4_f1_4,-0.0014025807715161646,0.017805353151487426
1785234637,panel_4,panel_4_f1_4,-0.0012403364476844326,0.017456040828381664
1785234637,panel_4,panel_4_f1_4,-0.0010343939825754995,0.01705878124053291
1785234637,panel_4,panel_4_f1_4,-0.0010924150539413722,0.016881030176694876
1785234637,panel_4,panel_4_f1_4,-0.001011532194463085,0.016460135417322858
1785234637,panel_4,panel_4_f1_4,-0.0010816091899585002,0.01603115931175324
1785234638,panel_4,panel_4_f1_4,-0.0025860824298156015,0.012004897134220403
1785234638,panel_4,panel_4_f1_4,-0.0028036000772761528,0.011717373404575926
1785234638,panel_4,panel_4_f1_4,-0.0032632919180828677,0.011134260063568926
1785234638,panel_4,panel_4_f1_4,-0.003737726230078839,0.010544014405512942
1785234638,panel_4,panel_4_f1_4,-0.004302593273256419,0.009603204140109418
1785234638,panel_4,panel_4_f1_4,-0.00467488537701771,0.008757210628767225
1785234638,panel_4,panel_4_f1_4,-0.004919177063289871,0.00839663321330923
1785234638,panel_4,panel_4_f1_4,-0.0050090247301238676,0.007866165556595797
1785234638,panel_4,panel_4_f1_4,-0.005247396836287972,0.007314233159956349
1785234638,panel_4,panel_4_f1_4,-0.0054106662258648274,0.007278668286485029
1785234638,panel_4,panel_4_f1_4,-0.005885014019990175,0.006907261849417517
1785234638,panel_4,panel_4_f1_4,-0.006172570040429943,0.00657198839744748
1785234638,panel_4,panel_4_f1_4,-0.006285438858203802,0.006031686753119912
1785234638,panel_4,panel_4_f1_4,-0.006588905870164971,0.005162682493383853
1785234638,panel_4,panel_4_f1_4,-0.006651546413436304,0.004635573610855506
1785234638,panel_4,panel_4_f1_4,-0.0066927810824630165,0.004115486468334457
1785234638,panel_4,panel_4_f1_4,-0.006974518039393849,0.003970733694660723
1785234638,panel_4,panel_4_f1_4,-0.006899162274053132,0.003515615066182767
1785234639,panel_4,panel_4_f1_4,-0.00693729387833723,0.0029981322703876334
1785234639,panel_4,panel_4_f1_4,-0.00690021968890711,0.002534751213705394
1785234639,panel_4,panel_4_f1_4,-0.006815534244427551,0.002177907050358774
1785234639,panel_4,panel_4_f1_4,-0.00677943095032172,0.001783270401091031
1785234639,panel_4,panel_4_f1_4,-0.0067105089360860815,0.0014240647045911667
1785234640,panel_4,panel_4_f1_4,-0.005457189310056606,-0.0003685140105360584
1785234640,panel_4,panel_4_f1_4,-0.00519209081059925,-0.00050229068446056
1785234640,panel_4,panel_4_f1_4,-0.004982882605980787,-0.0006091400805267624
1785234640,panel_4,panel_4_f1_4,-0.004545725077079936,-0.000684143221085464
1785234640,panel_4,panel_4_f1_4,-0.004121957683285705,-0.000667428893015385
1785234640,panel_4,panel_4_f1_4,-0.003594990392518026,-0.0007228909712516686
1785234640,panel_4,panel_4_f1_4,-0.0030385232319470857,-0.0007711280310629205
1785234640,panel_4,panel_4_f1_4,-0.00255520967660393,-0.0007957014154159689
1785234640,panel_4,panel_4_f1_4,-0.002226227740252285,-0.0008242006444553343
1785234640,panel_4,panel_4_f1_4,-0.0019580643537677306,-0.0008307729976054173
1785234640,panel_4,panel_4_f1_4,-0.0018062024870376578,-0.0008608255985823999
1785234640,panel_4,panel_4_f1_4,-0.0014359836767651622,-0.0008899441170203266
1785234640,panel_4,panel_4_f1_4,-0.0006564384760844036,-0.0009512627670240132
1785234640,panel_4,panel_4_f1_4,-0.00019004514825562673,-0.0009925824940703071
1785234640,panel_4,panel_4_f1_4,0.0003462506719802153,-0.0010345976934264204
1785234640,panel_4,panel_4_f1_4,0.001103985101405152,-0.0011280974267408662
1785234640,panel_4,panel_4_f1_4,0.0016699559455878909,-0.001176805237057088
1785234640,panel_4,panel_4_f1_4,0.0024317911802209146,-0.0012923302027592364
1785234640,panel_4,panel_4_f1_4,0.0026951029676979942,-0.0013490899135986962
1785234640,panel_4,panel_4_f1_4,0.003296828914735832,-0.0014050088410937724
1785234640,panel_4,panel_4_f1_4,0.004109191224054339,-0.001533392257803869
1785234640,panel_4,panel_4_f1_4,0.004528818975584527,-0.0016002359592955629
1785234640,panel_4,panel_4_f1_4,0.005356778237471608,-0.0017417433296705806
1785234641,panel_4,panel_4_f1_4,0.010233468262921099,-0.0027891334009813146
1785234641,panel_4,panel_4_f1_4,0.010628097843796487,-0.002938769400605519
1785234641,panel_4,panel_4_f1_4,0.011253499911255958,-0.0029968087572996537
1785234641,panel_4,panel_4_f1_4,0.011641661877263516,-0.0031769079099959667
1785234641,panel_4,panel_4_f1_4,0.012104593730499633,-0.0034469443694050213
1785234641,panel_4,panel_4_f1_4,0.012650844416220058,-0.0035360906265244465
1785234641,panel_4,panel_4_f1_4,0.012782770776838088,-0.003654459517106414
1785234641,panel_4,panel_4_f1_4,0.013299120654615925,-0.003938924137421952
1785234641,panel_4,panel_4_f1_4,0.013486429862654763,-0.004026621138744011
1785234641,panel_4,panel_4_f1_4,0.013725245425027368,-0.004248155041511597
1785234641,panel_4,panel_4_f1_4,0.01404987567767734,-0.0044544502659609134
1785234641,panel_4,panel_4_f1_4,0.014203428959855394,-0.004547221499593758
1785234641,panel_4,panel_4_f1_4,0.014470657975986234,-0.004787620950288892
1785234641,panel_4,panel_4_f1_4,0.014688687696386935,-0.005045144129675253
1785234641,panel_4,panel_4_f1_4,0.01496576489108218,-0.005413814440550834
1785234641,panel_4,panel_4_f1_4,0.01531472123266987,-0.005822532049200257
1785234641,panel_4,panel_4_f1_4,0.01546867243461786,-0.006102117525430155
1785234642,panel_4,panel_4_f1_4,0.01568371848086386,-0.006523788047861578
1785234642,panel_4,panel_4_f1_4,0.015527473200761935,-0.006836816242820134
1785234642,panel_4,panel_4_f1_4,0.015330484926959938,-0.007038116992873841
1785234642,panel_4,panel_4_f1_4,0.015148307118541727,-0.007196773025863522
1785234642,panel_4,panel_4_f1_4,0.015047214585111063,-0.00759011448366752
1785234643,panel_4,panel_4_f1_4,0.011731483677943388,-0.009605767026969612
1785234643,panel_4,panel_4_f1_4,0.011539032833249654,-0.009954116500264808
1785234643,panel_4,panel_4_f1_4,0.010950148047147883,-0.010445242948372029
1785234643,panel_4,panel_4_f1_4,0.010264608126466492,-0.010594723018998147
1785234643,panel_4,panel_4_f1_4,0.009781798022582498,-0.010760111408433259
1785234643,panel_4,panel_4_f1_4,0.009356849608780833,-0.010936806144148164
1785234643,panel_4,panel_4_f1_4,0.008410525580824663,-0.011288955647405348
1785234643,panel_4,panel_4_f1_4,0.0077789534101440315,-0.011704380755983053
1785234643,panel_4,panel_4_f1_4,0.006787093458251392,-0.012061608567889164
1785234643,panel_4,panel_4_f1_4,0.006523781670774312,-0.012004848857049704
1785234643,panel_4,panel_4_f1_4,0.00604118535237886,-0.012189074472078119
1785234643,panel_4,panel_4_f1_4,0.005529389432762143,-0.01205213470876054
1785234643,panel_4,panel_4_f1_4,0.004791516549095549,-0.012487053546138464
1785234643,panel_4,panel_4_f1_4,0.004057229469156225,-0.012582293205434514
1785234643,panel_4,panel_4_f1_4,0.003538490082558608,-0.013094616688687973
1785234643,panel_4,panel_4_f1_4,0.002836712785221977,-0.013539161373390833
1785234643,panel_4,panel_4_f1_4,0.0018358134320137934,-0.013857398620778078
1785234643,panel_4,panel_4_f1_4,0.0006194032644615039,-0.014061500067805734
1785234643,panel_4,panel_4_f1_4,-0.00016683136886536457,-0.014448647880346627
1785234643,panel_4,panel_4_f1_4,-0.0012496526263909527,-0.015050052255917885
1785234643,panel_4,panel_4_f1_4,-0.001908830207643006,-0.015066762519222733
1785234643,panel_4,panel_4_f1_4,-0.002976360832182639,-0.015213505664273083
1785234643,panel_4,panel_4_f1_4,-0.0035149361506527452,-0.015262122101073814
1785234643,panel_4,panel_4_f1_4,-0.004069291689435509,-0.01527004213739957
1785234644,panel_4,panel_4_f1_4,-0.007454343555696385,-0.01554966627597633
1785234644,panel_4,panel_4_f1_4,-0.00856376318657142,-0.015607790378991309
1785234644,panel_4,panel_4_f1_4,-0.009157915072591257,-0.015747770435245962
1785234644,panel_4,panel_4_f1_4,-0.009617567440203095,-0.015652729070129837
1785234644,panel_4,panel_4_f1_4,-0.010105007297650624,-0.015514664366531743
1785234644,panel_4,panel_4_f1_4,-0.010443490940275666,-0.015495319707673948
1785234644,panel_4,panel_4_f1_4,-0.011300376353517362,-0.015547575643872148
1785234644,panel_4,panel_4_f1_4,-0.01175766617603503,-0.015381305489256647
1785234644,panel_4,panel_4_f1_4,-0.012287340838387539,-0.01510836454845463
1785234644,panel_4,panel_4_f1_4,-0.013031408903983686,-0.014920447112866402
1785234644,panel_4,panel_4_f1_4,-0.013424694162724637,-0.014744204849553633
1785234644,panel_4,panel_4_f1_4,-0.013848087483055816,-0.014405472966896071
1785234644,panel_4,panel_4_f1_4,-0.014323645900958026,-0.014321788583463113
1785234644,panel_4,panel_4_f1_4,-0.014867410847680292,-0.014432226450020885
1785234644,panel_4,panel_4_f1_4,-0.015103111987307872,-0.014409968618048994
1785234644,panel_4,panel_4_f1_4,-0.015320535435948364,-0.014118622086992976
1785234644,panel_4,panel_4_f1_4,-0.015488474007508905,-0.013926935242954335
1785234644,panel_4,panel_4_f1_4,-0.01577628634217272,-0.013945711917004474
1785234644,panel_4,panel_4_f1_4,-0.01601701996720273,-0.013811474370890545
1785234644,panel_4,panel_4_f1_4,-0.016116627893832766,-0.013736136409886992
1785234644,panel_4,panel_4_f1_4,-0.01614333727246574,-0.013498123646217093
1785234645,panel_4,panel_4_f1_4,-0.01613939299491046,-0.013241046936485961
1785234645,panel_4,panel_4_f1_4,-0.0162890018948267,-0.012912721049456975
1785234645,panel_4,panel_4_f1_4,-0.016353067031988,-0.012667135933093038
1785234645,panel_4,panel_4_f1_4,-0.016163813628513716,-0.012202788108971012
1785234645,panel_4,panel_4_f1_4,-0.016243770979455684,-0.01208266327573228
1785234646,panel_4,panel_4_f1_4,-0.015226422615847597,-0.010447717605185402
1785234646,panel_4,panel_4_f1_4,-0.014975388800892902,-0.010212454930369295
1785234646,panel_4,panel_4_f1_4,-0.014944440534986227,-0.010219173256723155
1785234646,panel_4,panel_4_f1_4,-0.014416134109081553,-0.009715636826403716
1785234646,panel_4,panel_4_f1_4,-0.014162032447425197,-0.009459293048405605
1785234646,panel_4,panel_4_f1_4,-0.013476104769646507,-0.008942486264098529
1785234646,panel_4,panel_4_f1_4,-0.012772807699958257,-0.008412951186759325
1785234646,panel_4,panel_4_f1_4,-0.012151607287714514,-0.007897306337357786
1785234646,panel_4,panel_4_f1_4,-0.01151623448913281,-0.007386998760127117
1785234646,panel_4,panel_4_f1_4,-0.010789510777552924,-0.006837001936766654
1785234646,panel_4,panel_4_f1_4,-0.009802343331436071,-0.006069518071673457
1785234646,panel_4,panel_4_f1_4,-0.00946462987679045,-0.005801897382561086
1785234646,panel_4,panel_4_f1_4,-0.008832678608042646,-0.005315418883324885
1785234646,panel_4,panel_4_f1_4,-0.008523206337347357,-0.005052572150766046
1785234646,panel_4,panel_4_f1_4,-0.008237123817799308,-0.004795465653868385
1785234646,panel_4,panel_4_f1_4,-0.007473162530909789,-0.0042138698434691
1785234646,panel_4,panel_4_f1_4,-0.006960153997694003,-0.003789506197332523
1785234646,panel_4,panel_4_f1_4,-0.00679067730947636,-0.0034814390314501127
1785234646,panel_4,panel_4_f1_4,-0.006667806309711604,-0.0031782811215481537
1785234646,panel_4,panel_4_f1_4,-0.006517917135502788,-0.0029363091657024247
1785234646,panel_4,panel_4_f1_4,-0.0058937550730643684,-0.0024412962615117354
1785234646,panel_4,panel_4_f1_4,-0.005631519554113051,-0.002020678744992986
1785234646,panel_4,panel_4_f1_4,-0.005519616166120764,-0.001812302350005983
1785234646,panel_4,panel_4_f1_4,-0.005539361582771994,-0.001520526043947351
1785234646,panel_4,panel_4_f1_4,-0.005458578574380392,-0.0013202260672895824
1785234647,panel_4,panel_4_f1_4,-0.004710538087562931,-9.719104354922427e-05
1785234647,panel_4,panel_4_f1_4,-0.004709014063776094,0.0001637965926431566
1785234647,panel_4,panel_4_f1_4,-0.004896905035962199,0.0005399116644951401
1785234647,panel_4,panel_4_f1_4,-0.004863425952336662,0.001008887569668801
1785234647,panel_4,panel_4_f1_4,-0.004396697944269041,0.0012922234321467497
1785234647,panel_4,panel_4_f1_4,-0.004430412906008748,0.0016241040730230955
1785234647,panel_4,panel_4_f1_4,-0.004527209257111609,0.0019500177209368908
1785234647,panel_4,panel_4_f1_4,-0.004580904787352258,0.0022362232965018975
1785234647,panel_4,panel_4_f1_4,-0.004358802706646959,0.0024666188080347657
1785234647,panel_4,panel_4_f1_4,-0.004158778040650034,0.002707373487511303
1785234647,panel_4,panel_4_f1_4,-0.004104561150469399,0.002862036694054737
1785234647,panel_4,panel_4_f1_4,-0.004119188631118651,0.0030733477328514767
1785234647,panel_4,panel_4_f1_4,-0.00404610865585497,0.003199994774180396
1785234647,panel_4,panel_4_f1_4,-0.0037597341699830778,0.003485451478381288
1785234647,panel_4,panel_4_f1_4,-0.0035946040497508063,0.0036847090493193875
1785234647,panel_4,panel_4_f1_4,-0.003512905331533775,0.00376925047827963
1785234647,panel_4,panel_4_f1_4,-0.0033452451001998564,0.0038738239525519273
1785234647,panel_4,panel_4_f1_4,-0.003231526166896403,0.003993082923147163
1785234647,panel_4,panel_4_f1_4,-0.0031967539707405427,0.004033455965650577
1785234647,panel_4,panel_4_f1_4,-0.0031627478351740883,0.004067161790754423
1785234647,panel_4,panel_4_f1_4,-0.0031437214612821075,0.0040898352206791356
1785234648,panel_4,panel_4_f1_4,-0.0031592504659420637,0.004110466099966315
1785234648,panel_4,panel_4_f1_4,-0.0032080353771484194,0.004107664819971642
1785234648,panel_4,panel_4_f1_4,-0.0032829180413734447,0.004101819802547372
1785234648,panel_4,panel_4_f1_4,-0.00331386630728012,0.004108538128901229
1785234648,panel_4,panel_4_f1_4,-0.00338289868995147,0.004101660286201408
1785234648,panel_4,panel_4_f1_4,-0.0034654036894252583,0.004076203886942357
1785234649,panel_4,panel_4_f1_4,-0.004930660669758174,0.0038194013062231216
1785234649,panel_4,panel_4_f1_4,-0.004931335866587722,0.0038141342532365652
1785234649,panel_4,panel_4_f1_4,-0.004880166363409505,0.0038032532666588386
1785234649,panel_4,panel_4_f1_4,-0.004731803243645868,0.003732647781852781
1785234649,panel_4,panel_4_f1_4,-0.004552722645607483,0.003623768519269635
1785234649,panel_4,panel_4_f1_4,-0.004394708143536255,0.0035646184090535405
1785234649,panel_4,panel_4_f1_4,-0.00416748957850926,0.0035537937731743223
1785234649,panel_4,panel_4_f1_4,-0.0038136428699402504,0.003459150574505925
1785234649,panel_4,panel_4_f1_4,-0.003638640209493399,0.0034006626557564297
1785234649,panel_4,panel_4_f1_4,-0.0033107457923121208,0.003257520301977373
1785234649,panel_4,panel_4_f1_4,-0.0029099929372200244,0.0032468119146380737
1785234649,panel_4,panel_4_f1_4,-0.002446057161858255,0.003111842100917866
1785234649,panel_4,panel_4_f1_4,-0.0023407345353552655,0.0031363590145857723
1785234649,panel_4,panel_4_f1_4,-0.0022299737643508275,0.0031585035248338504
1785234649,panel_4,panel_4_f1_4,-0.0016699490756590045,0.0029007764246731928
1785234649,panel_4,panel_4_f1_4,-0.0012307100356274546,0.0027686958524911387
1785234649,panel_4,panel_4_f1_4,-0.0006664032908591681,0.002486955348043926
1785234649,panel_4,panel_4_f1_4,-0.00025086523256379734,0.0022167274612388977
1785234649,panel_4,panel_4_f1_4,1.8555395879175755e-05,0.0022169743482047914
1785234649,panel_4,panel_4_f1_4,0.0003850875387296515,0.001996899818022357
1785234649,panel_4,panel_4_f1_4,0.0009134789984446567,0.0017427186207379067
1785234650,panel_4,panel_4_f1_4,0.0037096728046254646,0.0006652881829526382
1785234650,panel_4,panel_4_f1_4,0.0038010586662482306,0.0005687949689458012
1785234650,panel_4,panel_4_f1_4,0.004079526019307761,0.0004927769190454956
1785234650,panel_4,panel_4_f1_4,0.0043944792985445074,0.0004242776519531475
1785234650,panel_4,panel_4_f1_4,0.005058442257062174,0.00029847752653030537
1785234650,panel_4,panel_4_f1_4,0.0053828872009828825,0.0002481323873832141
1785234650,panel_4,panel_4_f1_4,0.00569492162224167,0.00020800447602794075
1785234650,panel_4,panel_4_f1_4,0.005993005465629656,0.00017702879175510202
1785234650,panel_4,panel_4_f1_4,0.0063573980039334866,0.00015251320720289434
1785234650,panel_4,panel_4_f1_4,0.006595187866274936,0.00015147342870398318
1785234650,panel_4,panel_4_f1_4,0.00713725896611225,0.00014426008272688245
1785234650,panel_4,panel_4_f1_4,0.00713725896611225,0.00014426008272688248
1785234650,panel_4,panel_4_f1_4,0.007689318620418575,0.00015214499141804838
1785234650,panel_4,panel_4_f1_4,0.008327421744313777,0.0001854226176250992
1785234650,panel_4,panel_4_f1_4,0.00866826465343209,0.00020554783615929758
1785234650,panel_4,panel_4_f1_4,0.009330334164696159,0.0002370412562091435
1785234650,panel_4,panel_4_f1_4,0.010465891032499605,0.00029345125847938294
1785234650,panel_4,panel_4_f1_4,0.011156459858038552,0.000325493023210153
1785234650,panel_4,panel_4_f1_4,0.011466682105069676,0.0003403141600442033
1785234651,panel_4,panel_4_f1_4,0.011824268792044014,0.00034963571306470916
1785234651,panel_4,panel_4_f1_4,0.011973665583324702,0.0003189076800360572
1785234651,panel_4,panel_4_f1_4,0.01230286774055605,0.00030330483574841623
1785234651,panel_4,panel_4_f1_4,0.012792859730259842,0.0002913460088718428
1785234651,panel_4,panel_4_f1_4,0.013173742769174377,0.0002758688190417323
1785234652,panel_4,panel_4_f1_4,0.016877195461783363,-0.0006568685659758719
1785234652,panel_4,panel_4_f1_4,0.017070100424241577,-0.0007538795665789011
1785234652,panel_4,panel_4_f1_4,0.017107129660055703,-0.0008357064772471913
1785234652,panel_4,panel_4_f1_4,0.016769334674262126,-0.0009406101707250274
1785234652,panel_4,panel_4_f1_4,0.01637844642844576,-0.0009744117277335836
1785234652,panel_4,panel_4_f1_4,0.016045390123130304,-0.0009231535103523874
1785234652,panel_4,panel_4_f1_4,0.015597309536598478,-0.0007723416497209714
1785234652,panel_4,panel_4_f1_4,0.015268388950468456,-0.0007381901610543301
1785234652,panel_4,panel_4_f1_4,0.014884946612529726,-0.000623639996160281
1785234652,panel_4,panel_4_f1_4,0.014577860479158043,-0.00048662492506716876
1785234652,panel_4,panel_4_f1_4,0.014430778829425188,-0.0003999789082591201
1785234652,panel_4,panel_4_f1_4,0.014162977052527347,-0.00018541709443921733
1785234652,panel_4,panel_4_f1_4,0.01407118492202971,1.1325251418497738e-05
1785234652,panel_4,panel_4_f1_4,0.013845495205389882,0.000221647620201436
1785234652,panel_4,panel_4_f1_4,0.013716461658826156,0.0004223837753932644
1785234652,panel_4,panel_4_f1_4,0.013514467840584587,0.0005269592318156751
1785234652,panel_4,panel_4_f1_4,0.013070118531851114,0.0006632625019789167
1785234652,panel_4,panel_4_f1_4,0.012415255431501621,0.0008869183165671285
1785234652,panel_4,panel_4_f1_4,0.011604576186026143,0.0011242437752063152
1785234652,panel_4,panel_4_f1_4,0.010954039155917234,0.0013289682966794814
1785234652,panel_4,panel_4_f1_4,0.010624646665040226,0.0014288091285855468
1785234652,panel_4,panel_4_f1_4,0.01034446167999409,0.0015603703490596691
1785234652,panel_4,panel_4_f1_4,0.00981982021042669,0.0017235561187777405
1785234652,panel_4,panel_4_f1_4,0.009246520293441592,0.0018826390220486944
1785234653,panel_4,panel_4_f1_4,0.005047230970485514,0.002593961586715646
1785234653,panel_4,panel_4_f1_4,0.00431274212507532,0.0026492108997259677
1785234653,panel_4,panel_4_f1_4,0.003891392234997934,0.002693941577485225
1785234653,panel_4,panel_4_f1_4,0.00299535769901775,0.0027303239701956155
1785234653,panel_4,panel_4_f1_4,0.0021878063493008543,0.002741580706995138
1785234653,panel_4,panel_4_f1_4,0.0013932826562986114,0.0027607812983557766
1785234653,panel_4,panel_4_f1_4,0.0005916528960574563,0.0027456540748420394
1785234653,panel_4,panel_4_f1_4,-0.0007049032372052562,0.0027063102914756413
1785234653,panel_4,panel_4_f1_4,-0.001637949278693107,0.0026747693425933166
1785234653,panel_4,panel_4_f1_4,-0.0023216531914467954,0.0026532278422346455
1785234653,panel_4,panel_4_f1_4,-0.002901168009296131,0.0026312452817170732
1785234653,panel_4,panel_4_f1_4,-0.0029011680092961315,0.0026312452817170732
1785234653,panel_4,panel_4_f1_4,-0.0035424687153358648,0.0025859187053685955
1785234653,panel_4,panel_4_f1_4,-0.004406955548934963,0.0024993122224886495
1785234653,panel_4,panel_4_f1_4,-0.0049976058308781705,0.0024277752447483016
1785234653,panel_4,panel_4_f1_4,-0.00551998648621328,0.002408989928084676
1785234653,panel_4,panel_4_f1_4,-0.00600251270833592,0.0023834008712017214
1785234653,panel_4,panel_4_f1_4,-0.007487762133051914,0.00252832091350963
1785234653,panel_4,panel_4_f1_4,-0.00837030567482691,0.002567798977396994
1785234653,panel_4,panel_4_f1_4,-0.009143654402229149,0.0026883515208096197
1785234654,panel_4,panel_4_f1_4,-0.00919334996790889,0.002603447208944349
1785234654,panel_4,panel_4_f1_4,-0.00968300604455755,0.002651804517392712
1785234654,panel_4,panel_4_f1_4,-0.009955840101593545,0.002624369402025198
1785234654,panel_4,panel_4_f1_4,-0.01007739383480696,0.002551145089912645
1785234654,panel_4,panel_4_f1_4,-0.010003708919002237,0.0025122491249243155
1785234655,panel_4,panel_4_f1_4,-0.009006893250539163,0.001136407852849437
1785234655,panel_4,panel_4_f1_4,-0.00898294604898291,0.0008523545231979068
1785234655,panel_4,panel_4_f1_4,-0.008949505503847197,0.0005978625250616566
1785234655,panel_4,panel_4_f1_4,-0.00871734033124051,0.0003030523231306049
1785234655,panel_4,panel_4_f1_4,-0.00837352213879471,3.5948950045796965e-05
1785234655,panel_4,panel_4_f1_4,-0.00791959900910719,-0.00011635575258686137
1785234655,panel_4,panel_4_f1_4,-0.0076048563973150985,-0.00022601609338589786
1785234655,panel_4,panel_4_f1_4,-0.006873545180199183,-0.00042185601053041125
1785234655,panel_4,panel_4_f1_4,-0.005912788744419496,-0.0005949641708266024
1785234655,panel_4,panel_4_f1_4,-0.005188491721496876,-0.0007251696296625142
1785234655,panel_4,panel_4_f1_4,-0.004628592514289535,-0.0007735227219145938
1785234655,panel_4,panel_4_f1_4,-0.003944159962843103,-0.0008765680260704598
1785234655,panel_4,panel_4_f1_4,-0.003467420879528702,-0.0009866750160327984
1785234655,panel_4,panel_4_f1_4,-0.002860349229036601,-0.0010729575325229162
1785234655,panel_4,panel_4_f1_4,-0.002372536486217315,-0.0010845432507394005
1785234655,panel_4,panel_4_f1_4,-0.0017449220132100905,-0.0011446648101409846
1785234655,panel_4,panel_4_f1_4,-0.0009985071673734723,-0.0011637847064521522
1785234655,panel_4,panel_4_f1_4,-0.00036695803955474405,-0.0011958553943973633
1785234655,panel_4,panel_4_f1_4,0.0001672070168081815,-0.001248062263657287
1785234655,panel_4,panel_4_f1_4,0.0007040466707831487,-0.0012846283413420888
1785234655,panel_4,panel_4_f1_4,0.0010143508394374228,-0.0012812013030863963
1785234655,panel_4,panel_4_f1_4,0.0014947620249337512,-0.0012920909914511391
1785234655,panel_4,panel_4_f1_4,0.0019243933955117901,-0.001290390014715518
1785234655,panel_4,panel_4_f1_4,0.0022545781100612797,-0.001240651029537746
1785234656,panel_4,panel_4_f1_4,0.004854061053140492,-0.0007633305205489269
1785234656,panel_4,panel_4_f1_4,0.005323842486487148,-0.0006570350398438897
1785234656,panel_4,panel_4_f1_4,0.005653884401400865,-0.0004956152995993813
1785234656,panel_4,panel_4_f1_4,0.005868925660696733,-0.00032639543508769487
1785234656,panel_4,panel_4_f1_4,0.006221464459954433,-3.6083468288851395e-05
1785234656,panel_4,panel_4_f1_4,0.006474468727080414,0.0001848018695963557
1785234656,panel_4,panel_4_f1_4,0.00665070766816659,0.00034337392694796636
1785234656,panel_4,panel_4_f1_4,0.006855750663886556,0.0005679179753383932
1785234656,panel_4,panel_4_f1_4,0.007051437034366567,0.0008170605051782894
1785234656,panel_4,panel_4_f1_4,0.007251422237672654,0.00106582456812644
1785234656,panel_4,panel_4_f1_4,0.0074404417544861766,0.0013714069964873526
1785234656,panel_4,panel_4_f1_4,0.007612698028149515,0.0017087109995100416
1785234656,panel_4,panel_4_f1_4,0.007688271127703897,0.001882894243487754
1785234656,panel_4,panel_4_f1_4,0.007821462386378583,0.0022398047226671043
1785234656,panel_4,panel_4_f1_4,0.008077477099584734,0.0026507907318042614
1785234656,panel_4,panel_4_f1_4,0.008289013416220925,0.002884979471631006
1785234656,panel_4,panel_4_f1_4,0.008303109691417036,0.0029657128468277296
1785234657,panel_4,panel_4_f1_4,0.00861122893346739,0.0033214159680996975
1785234657,panel_4,panel_4_f1_4,0.009040803778579583,0.0038325189914965203
1785234657,panel_4,panel_4_f1_4,0.009285432393104733,0.004234139680879752
1785234657,panel_4,panel_4_f1_4,0.009493830821667316,0.0045658543606969795
1785234657,panel_4,panel_4_f1_4,0.009629689402339537,0.004895931835139776
1785234657,panel_4,panel_4_f1_4,0.009444913585942193,0.0051336382359556
1785234658,panel_4,panel_4_f1_4,-0.005206226036410977,0.0047126807414966075
1785234658,panel_4,panel_4_f1_4,-0.006423505356506376,0.004525510186533414
1785234658,panel_4,panel_4_f1_4,-0.007156235694161442,0.004448242143542696
1785234658,panel_4,panel_4_f1_4,-0.0075908583815405386,0.004391710582398644
1785234658,panel_4,panel_4_f1_4,-0.007859821233601523,0.0045146091698583385
1785234658,panel_4,panel_4_f1_4,-0.00798329625032919,0.004596081724484254
1785234658,panel_4,panel_4_f1_4,-0.008142765471338015,0.004711253261856393
1785234658,panel_4,panel_4_f1_4,-0.008391815075695488,0.004849360148998146
1785234658,panel_4,panel_4_f1_4,-0.00863437156032114,0.004951215664798626
1785234658,panel_4,panel_4_f1_4,-0.009243027876204101,0.0052462078047332715
1785234658,panel_4,panel_4_f1_4,-0.010149743228364545,0.005563640701720679
1785234658,panel_4,panel_4_f1_4,-0.010668230221736703,0.005723588421381649
1785234658,panel_4,panel_4_f1_4,-0.011808787034090667,0.006039937511540775
1785234658,panel_4,panel_4_f1_4,-0.013612839109214927,0.006546747734148431
1785234658,panel_4,panel_4_f1_4,-0.01427539665884491,0.006651948634767346
1785234658,panel_4,panel_4_f1_4,-0.01590094014185725,0.007029741570990809
1785234658,panel_4,panel_4_f1_4,-0.017791142884734563,0.007522214813595941
1785234658,panel_4,panel_4_f1_4,-0.018996057703246683,0.007866025148772543
1785234658,panel_4,panel_4_f1_4,-0.020749330091462008,0.008303239784703216
1785234658,panel_4,panel_4_f1_4,-0.02131593097448897,0.008399942393571152
1785234658,panel_4,panel_4_f1_4,-0.02240029139651661,0.008538936289884575
1785234659,panel_4,panel_4_f1_4,-0.024607928326667673,0.008396228139478846
1785234659,panel_4,panel_4_f1_4,-0.025284104715430765,0.008410852772275174
1785234659,panel_4,panel_4_f1_4,-0.02575129303541427,0.008217079760131729
1785234659,panel_4,panel_4_f1_4,-0.02653787441983614,0.008098710894498212
1785234659,panel_4,panel_4_f1_4,-0.026988561545047585,0.007891985255895866
1785234659,panel_4,panel_4_f1_4,-0.02753290216925223,0.007618412885914659
1785234659,panel_4,panel_4_f1_4,-0.027931987793888058,0.007331472639197618
1785234659,panel_4,panel_4_f1_4,-0.028300342230616445,0.007045355418867111
1785234659,panel_4,panel_4_f1_4,-0.02839403442823003,0.006630811014730945
1785234659,panel_4,panel_4_f1_4,-0.028403799554517186,0.00614759569537717
1785234659,panel_4,panel_4_f1_4,-0.02746185815103038,0.00555241537439657
1785234659,panel_4,panel_4_f1_4,-0.02556473781551646,0.005045436681734232
1785234659,panel_4,panel_4_f1_4,-0.022912796436639064,0.003933056516481031
1785234659,panel_4,panel_4_f1_4,-0.02154843635140919,0.002970662444732155
1785234659,panel_4,panel_4_f1_4,-0.021032654517733923,0.0024200688677817055
1785234659,panel_4,panel_4_f1_4,-0.020000255468309282,0.0015821899215713489
1785234659,panel_4,panel_4_f1_4,-0.01950198166387461,0.000845630573094345
1785234659,panel_4,panel_4_f1_4,-0.01960567093819748,0.0007100613649347687
1785234659,panel_4,panel_4_f1_4,-0.019636638110919983,-8.01749937111424e-05
1785234659,panel_4,panel_4_f1_4,-0.019695714099384202,-0.0005055815759667159
1785234659,panel_4,panel_4_f1_4,-0.019564991620812534,-0.0007240942073160482
1785234659,panel_4,panel_4_f1_4,-0.018029030199862427,-0.0010584847367921795
1785234659,panel_4,panel_4_f1_4,-0.016868664516685915,-0.0011723772153542547
1785234660,panel_4,panel_4_f1_4,-0.013822990504478003,-0.0009588656230258674
1785234660,panel_4,panel_4_f1_4,-0.010645181748297603,-0.0006325831029464128
1785234660,panel_4,panel_4_f1_4,-0.009087605028181815,-0.0005351691645877475
1785234660,panel_4,panel_4_f1_4,-0.006779269956011514,-0.0001919808122413142
1785234660,panel_4,panel_4_f1_4,-0.0053144837361924135,-6.0655363546425624e-05
1785234661,panel_4,panel_4_f1_4,0.001384103421419437,0.0002380025200586163
1785234661,panel_4,panel_4_f1_4,0.0019154507968851327,0.00014874652811101328
1785234661,panel_4,panel_4_f1_4,0.0026791945372920413,0.00017041188161727805
1785234661,panel_4,panel_4_f1_4,0.0032334241605498494,-0.00015828570018365813
1785234661,panel_4,panel_4_f1_4,0.00434727404205275,-0.0004427950613724446
1785234661,panel_4,panel_4_f1_4,0.005087993937660292,-0.0005309108799067976
1785234661,panel_4,panel_4_f1_4,0.0070682460556768,-0.0005164680406472371
1785234661,panel_4,panel_4_f1_4,0.00910708443596087,-0.0010054165201132943
1785234661,panel_4,panel_4_f1_4,0.010615767777629608,-0.0010623741833906118
1785234661,panel_4,panel_4_f1_4,0.013423123505681976,-0.0014378547032174388
1785234661,panel_4,panel_4_f1_4,0.015929654113787325,-0.001932221029641594
1785234661,panel_4,panel_4_f1_4,0.0193583251334067,-0.002067534803792144
1785234661,panel_4,panel_4_f1_4,0.021864150995371635,-0.0024221902831667403
1785234661,panel_4,panel_4_f1_4,0.023134038146805085,-0.002309859305729023
1785234661,panel_4,panel_4_f1_4,0.024284167768092123,-0.002370546469269702
1785234661,panel_4,panel_4_f1_4,0.02514689396073184,-0.0024691506537423825
1785234661,panel_4,panel_4_f1_4,0.025340184580866912,-0.0021630774411629827
1785234661,panel_4,panel_4_f1_4,0.025434099152408095,-0.001924711456743875
1785234661,panel_4,panel_4_f1_4,0.02590390848591251,-0.0018541206013172782
1785234661,panel_4,panel_4_f1_4,0.026046660475349634,-0.00170564644330306
1785234661,panel_4,panel_4_f1_4,0.02660265768401355,-0.001563229456367278
1785234661,panel_4,panel_4_f1_4,0.02683982424665822,-0.001361476628171392
1785234661,panel_4,panel_4_f1_4,0.027215633148062534,-0.0007101462299076947
1785234661,panel_4,panel_4_f1_4,0.027495268246199803,-0.00024787770533351607
1785234661,panel_4,panel_4_f1_4,0.02782522100948127,0.0001218011745274563
1785234662,panel_4,panel_4_f1_4,0.022069384293376775,0.0034355247060530226
1785234662,panel_4,panel_4_f1_4,0.02041146572483329,0.004179543238369245
1785234662,panel_4,panel_4_f1_4,0.01965660392949131,0.004617033898827661
1785234662,panel_4,panel_4_f1_4,0.018256596403153334,0.0053125488150376245
1785234662,panel_4,panel_4_f1_4,0.01695728762362023,0.005964893082404551
1785234662,panel_4,panel_4_f1_4,0.016608181664734004,0.006046159933845163
1785234662,panel_4,panel_4_f1_4,0.015521839191232971,0.006546464915847197
1785234662,panel_4,panel_4_f1_4,0.015439035374503618,0.006732342071635074
1785234662,panel_4,panel_4_f1_4,0.014590428728674965,0.0067991328797121255
1785234662,panel_4,panel_4_f1_4,0.014057703666424236,0.007058760468816077
1785234662,panel_4,panel_4_f1_4,0.013547614958250019,0.007236051370832831
1785234662,panel_4,panel_4_f1_4,0.012999701231047297,0.007355547225030834
1785234662,panel_4,panel_4_f1_4,0.012484419507322504,0.007416483017071317
1785234662,panel_4,panel_4_f1_4,0.011806914214565655,0.007459748527947136
1785234662,panel_4,panel_4_f1_4,0.011305458361564777,0.007437994583432984
1785234662,panel_4,panel_4_f1_4,0.01026962390001151,0.0073983817056283395
1785234662,panel_4,panel_4_f1_4,0.009513649543275647,0.007348227802477927
1785234662,panel_4,panel_4_f1_4,0.00794347504126096,0.007233511675078923
1785234662,panel_4,panel_4_f1_4,0.006013055164371799,0.007067915079167536
1785234662,panel_4,panel_4_f1_4,0.004542143161570849,0.0068993044340533985
1785234662,panel_4,panel_4_f1_4,0.0029880644073791113,0.006755336448510269
1785234663,panel_4,panel_4_f1_4,0.001777122024864159,0.006687831889769676
1785234663,panel_4,panel_4_f1_4,0.0005556080612467515,0.006629282964648645
1785234663,panel_4,panel_4_f1_4,-0.0004657636104376422,0.006492533869512592
1785234663,panel_4,panel_4_f1_4,-0.0013439048238058002,0.006552564386155699
1785234663,panel_4,panel_4_f1_4,-0.0020640844805412052,0.006490659904628191
1785234664,panel_4,panel_4_f1_4,-0.014292524148967067,0.006336156042235582
1785234664,panel_4,panel_4_f1_4,-0.015681406519090845,0.006247618403547876
1785234664,panel_4,panel_4_f1_4,-0.01644491715945958,0.006205259365709159
1785234664,panel_4,panel_4_f1_4,-0.016921873024292242,0.006214505348831132
1785234664,panel_4,panel_4_f1_4,-0.017009600514382963,0.005895782356934755
1785234664,panel_4,panel_4_f1_4,-0.017161523952366062,0.005684103061814536
1785234664,panel_4,panel_4_f1_4,-0.017604996180190263,0.005613988865225017
1785234664,panel_4,panel_4_f1_4,-0.017931309391993423,0.0054853217611627566
1785234664,panel_4,panel_4_f1_4,-0.018079808732937644,0.0053150791760648375
1785234664,panel_4,panel_4_f1_4,-0.01804128889477556,0.0051224897188892945
1785234664,panel_4,panel_4_f1_4,-0.018596280650794966,0.0045260955195010645
1785234664,panel_4,panel_4_f1_4,-0.01894421252469764,0.004121050643314403
1785234664,panel_4,panel_4_f1_4,-0.019288146352683708,0.0039008648460438834
1785234664,panel_4,panel_4_f1_4,-0.019430985074994224,0.003520630918562378
1785234664,panel_4,panel_4_f1_4,-0.019888414804373627,0.0031003094100089
1785234664,panel_4,panel_4_f1_4,-0.020166649617976942,0.0030439609797648774
1785234664,panel_4,panel_4_f1_4,-0.020802778346924563,0.0027342335100698574
1785234664,panel_4,panel_4_f1_4,-0.021183121499137078,0.0023368454583991747
1785234664,panel_4,panel_4_f1_4,-0.021787714994198085,0.0019885243595496806
1785234664,panel_4,panel_4_f1_4,-0.02201574522538184,0.0017525953141430267
1785234664,panel_4,panel_4_f1_4,-0.022100028782521104,0.0015345548037659727
1785234664,panel_4,panel_4_f1_4,-0.021940098063586655,0.0011441476956467846
1785234664,panel_4,panel_4_f1_4,-0.02200248074435849,0.0008494931731297166
1785234665,panel_4,panel_4_f1_4,-0.02122886436387339,-0.00037888582234642536
1785234665,panel_4,panel_4_f1_4,-0.02147583390894378,-0.0006045219139132871
1785234665,panel_4,panel_4_f1_4,-0.021751917284662747,-0.0009294213856117886
1785234665,panel_4,panel_4_f1_4,-0.021788422325269452,-0.0011581495187435692
1785234665,panel_4,panel_4_f1_4,-0.021786474576268332,-0.0014263476366433547
1785234665,panel_4,panel_4_f1_4,-0.021460451368849668,-0.0016585340159612923
1785234665,panel_4,panel_4_f1_4,-0.021442471476118604,-0.0019062634478619852
1785234665,panel_4,panel_4_f1_4,-0.02098416595503787,-0.002148557065974263
1785234665,panel_4,panel_4_f1_4,-0.02044557291910375,-0.002397866658019573
1785234665,panel_4,panel_4_f1_4,-0.0199612603571342,-0.0027452537202182024
1785234665,panel_4,panel_4_f1_4,-0.01978603635751722,-0.002990398136362786
1785234665,panel_4,panel_4_f1_4,-0.01916639871987217,-0.003258668962842583
1785234665,panel_4,panel_4_f1_4,-0.01910902034702655,-0.003585986561757527
1785234665,panel_4,panel_4_f1_4,-0.019232472883901716,-0.0036742305789704086
1785234665,panel_4,panel_4_f1_4,-0.01863162353305281,-0.0039406269310155026
1785234665,panel_4,panel_4_f1_4,-0.01785179167921792,-0.004158886531776546
1785234665,panel_4,panel_4_f1_4,-0.0172849525225316,-0.004341158185840167
1785234665,panel_4,panel_4_f1_4,-0.016997754645372783,-0.004456721782824622
1785234666,panel_4,panel_4_f1_4,-0.016358612592875698,-0.004646482432217494
1785234666,panel_4,panel_4_f1_4,-0.01573264592632366,-0.004822269816495303
1785234666,panel_4,panel_4_f1_4,-0.014841000140082716,-0.005041830926790851
1785234666,panel_4,panel_4_f1_4,-0.01414822432669355,-0.005165161567624771
1785234666,panel_4,panel_4_f1_4,-0.013495500875261985,-0.005285228092818031
1785234667,panel_4,panel_4_f1_4,-0.009351552661604479,-0.005103961382227093
1785234667,panel_4,panel_4_f1_4,-0.009106883252079409,-0.005024988495996873
1785234667,panel_4,panel_4_f1_4,-0.007877820759461134,-0.004800987559209504
1785234667,panel_4,panel_4_f1_4,-0.007306383061264156,-0.004696440683270336
1785234667,panel_4,panel_4_f1_4,-0.006080934485662227,-0.004394068342736906
1785234667,panel_4,panel_4_f1_4,-0.005067950675679036,-0.004110949182795889
1785234667,panel_4,panel_4_f1_4,-0.004065833449825362,-0.003873666589191315
1785234667,panel_4,panel_4_f1_4,-0.003022383777624371,-0.0036288247625511616
1785234667,panel_4,panel_4_f1_4,-0.0021792016572464022,-0.0034311321174699348
1785234667,panel_4,panel_4_f1_4,-0.0019847485198960578,-0.0033767394315489052
1785234667,panel_4,panel_4_f1_4,-0.0005805063184428167,-0.003017747810421554
1785234667,panel_4,panel_4_f1_4,-1.5485765221093588e-05,-0.002865999349991952
1785234667,panel_4,panel_4_f1_4,0.001121672650130145,-0.0026233800632665593
1785234667,panel_4,panel_4_f1_4,0.002477081342769707,-0.0022838352159108557
1785234667,panel_4,panel_4_f1_4,0.003841405609856269,-0.001957005643149228
1785234667,panel_4,panel_4_f1_4,0.00404099061536738,-0.0018467599814459739
1785234667,panel_4,panel_4_f1_4,0.00522342600007979,-0.0016524401480874956
1785234667,panel_4,panel_4_f1_4,0.006223917518594741,-0.0015899360726503934
1785234667,panel_4,panel_4_f1_4,0.006609722512885088,-0.0013491442392567512
1785234667,panel_4,panel_4_f1_4,0.00815488587300303,-0.0010641619115565497
1785234667,panel_4,panel_4_f1_4,0.009373394061655958,-0.0009209365589243659
1785234667,panel_4,panel_4_f1_4,0.010078613203445464,-0.0007887839168284511
1785234667,panel_4,panel_4_f1_4,0.010777807146712105,-0.0006615052537113662
1785234667,panel_4,panel_4_f1_4,0.012275682118323687,-0.00041446781576303255
1785234667,panel_4,panel_4_f1_4,0.014211041668312045,-9.09745317280603e-05
1785234668,panel_4,panel_4_f1_4,0.02044923897268065,0.0014478121234113327
1785234668,panel_4,panel_4_f1_4,0.020715138093547872,0.0016723437759907087
1785234668,panel_4,panel_4_f1_4,0.02111959916564502,0.0017932735083976829
1785234668,panel_4,panel_4_f1_4,0.021497034430938346,0.002080755104116221
1785234668,panel_4,panel_4_f1_4,0.021692691044473425,0.0020635662667246894
1785234668,panel_4,panel_4_f1_4,0.021922774552404056,0.0022095521365325626
1785234668,panel_4,panel_4_f1_4,0.022025336684914007,0.0021495408550925004
1785234668,panel_4,panel_4_f1_4,0.02202011904171595,0.0018232728154211264
1785234668,panel_4,panel_4_f1_4,0.02204867216033024,0.0017304319115950845
1785234668,panel_4,panel_4_f1_4,0.021972166848550176,0.001490815613477427
1785234668,panel_4,panel_4_f1_4,0.021947645351966107,0.0013633570172812872
1785234668,panel_4,panel_4_f1_4,0.02187384885321853,0.001216486530777865
1785234668,panel_4,panel_4_f1_4,0.021629311461768275,0.0009136243812765333
1785234668,panel_4,panel_4_f1_4,0.021472925461651172,0.0007531894864424306
1785234668,panel_4,panel_4_f1_4,0.021310307687026988,0.0006584434357774905
1785234668,panel_4,panel_4_f1_4,0.020742905477663696,0.00025687162326574786
1785234668,panel_4,panel_4_f1_4,0.020349763877688845,5.531930885391539e-06
1785234668,panel_4,panel_4_f1_4,0.019880922430727404,-0.00024222537668360292
1785234668,panel_4,panel_4_f1_4,0.019557793510384967,-0.00042425300415525685
1785234669,panel_4,panel_4_f1_4,0.01893076725944787,-0.0007562389766526886
1785234669,panel_4,panel_4_f1_4,0.018547629413451526,-0.0009461715934543195
1785234669,panel_4,panel_4_f1_4,0.017585812524236716,-0.001379678403475801
1785234669,panel_4,panel_4_f1_4,0.017013551922905035,-0.0016918026314602897
1785234669,panel_4,panel_4_f1_4,0.015805222618936937,-0.002192036510709098
1785234669,panel_4,panel_4_f1_4,0.011905931832748287,-0.0038710535133849745
1785234669,panel_4,panel_4_f1_4,0.010817200461192217,-0.004237038043233652
1785234669,panel_4,panel_4_f1_4,0.010285706486820992,-0.004451715673903966
1785234669,panel_4,panel_4_f1_4,0.009253966987269609,-0.0046805878982146484
1785234669,panel_4,panel_4_f1_4,0.008236505174838888,-0.0048733851782856745
1785234669,panel_4,panel_4_f1_4,0.007169758766078186,-0.005059528248055906
1785234669,panel_4,panel_4_f1_4,0.006839494130537431,-0.005256860072412755
1785234669,panel_4,panel_4_f1_4,0.005740451384190448,-0.005398484347911265
1785234669,panel_4,panel_4_f1_4,0.004511471986492644,-0.005566005012171544
1785234669,panel_4,panel_4_f1_4,0.004397004955806496,-0.005614782319780109
1785234670,panel_4,panel_4_f1_4,0.0030359394366404717,-0.0057307243018118684
1785234670,panel_4,panel_4_f1_4,0.0018036469546360951,-0.005815123705523771
1785234670,panel_4,panel_4_f1_4,0.0011713653471104781,-0.005853630833515594
1785234670,panel_4,panel_4_f1_4,0.0004479052296824345,-0.005903548389027306
1785234670,panel_4,panel_4_f1_4,-0.0007883140311536896,-0.0059156853141435674
1785234670,panel_4,panel_4_f1_4,-0.00232308261521407,-0.00590143105591569
1785234670,panel_4,panel_4_f1_4,-0.003565885208823895,-0.0059271930161120066
1785234670,panel_4,panel_4_f1_4,-0.004603345509528908,-0.005914346295818247
1785234670,panel_4,panel_4_f1_4,-0.005576925511735336,-0.0058894489462592145
1785234670,panel_4,panel_4_f1_4,-0.006123542739369063,-0.005884773174448238
1785234670,panel_4,panel_4_f1_4,-0.006847640695542384,-0.005840057706305698
1785234670,panel_4,panel_4_f1_4,-0.007294385958568391,-0.005824618471666146
1785234670,panel_4,panel_4_f1_4,-0.007629350192160251,-0.005819263811103966
1785234670,panel_4,panel_4_f1_4,-0.007781193205301976,-0.005871326798696886
1785234670,panel_4,panel_4_f1_4,-0.008059527585314587,-0.005844594425747114
1785234670,panel_4,panel_4_f1_4,-0.008172457519458746,-0.005912246400323745
1785234671,panel_4,panel_4_f1_4,-0.0074708257287533246,-0.0053900546833246885
1785234671,panel_4,panel_4_f1_4,-0.00728632426769008,-0.005315654229651345
1785234671,panel_4,panel_4_f1_4,-0.006825570008107372,-0.0051927068870224425
1785234671,panel_4,panel_4_f1_4,-0.0064080754619685095,-0.005205441049900707
1785234671,panel_4,panel_4_f1_4,-0.005800429726932367,-0.005450855380788269
1785234671,panel_4,panel_4_f1_4,-0.005094706911137754,-0.0053745818690661765
1785234671,panel_4,panel_4_f1_4,-0.004424589961622281,-0.0053924700676048105
1785234671,panel_4,panel_4_f1_4,-0.004012079666163023,-0.0053587210645760115
1785234671,panel_4,panel_4_f1_4,-0.0030222334125556906,-0.005462796913487192
1785234671,panel_4,panel_4_f1_4,-0.0021462008188715322,-0.005376416446763428
1785234671,panel_4,panel_4_f1_4,-0.0013201992681382778,-0.0054139079038082495
1785234671,panel_4,panel_4_f1_4,-0.0006862143999338999,-0.005263017669731363
1785234671,panel_4,panel_4_f1_4,0.0003181274714002006,-0.005180503509311045
1785234671,panel_4,panel_4_f1_4,0.0013248732806864683,-0.005095130153776023
1785234671,panel_4,panel_4_f1_4,0.002200822489272476,-0.005122784316009925
1785234671,panel_4,panel_4_f1_4,0.0033510677032846693,-0.004929909980125767
1785234671,panel_4,panel_4_f1_4,0.0046235453168153836,-0.005041262424793718
1785234671,panel_4,panel_4_f1_4,0.005606226050460192,-0.005008004947360993
1785234671,panel_4,panel_4_f1_4,0.005842757282107899,-0.004804283344212632
1785234672,panel_4,panel_4_f1_4,0.006457231791289635,-0.004693894205578925
1785234672,panel_4,panel_4_f1_4,0.0070311613303111,-0.004631165643448279
1785234672,panel_4,panel_4_f1_4,0.00789537023746839,-0.004741198023829973
1785234672,panel_4,panel_4_f1_4,0.008350618197060632,-0.004784143013521326
1785234672,panel_4,panel_4_f1_4,0.009539722165948778,-0.0050380956007175
1785234673,panel_4,panel_4_f1_4,0.014464377760132397,-0.0061182313310791615
1785234673,panel_4,panel_4_f1_4,0.015169608210378265,-0.006441915685819099
1785234673,panel_4,panel_4_f1_4,0.015593748681903679,-0.006680530678767195
1785234673,panel_4,panel_4_f1_4,0.015871891697746887,-0.006812305526434112
1785234673,panel_4,panel_4_f1_4,0.01636405612054543,-0.006907897881232009
1785234673,panel_4,panel_4_f1_4,0.016826155773557457,-0.007183158642017176
1785234673,panel_4,panel_4_f1_4,0.017246419718831188,-0.007458792214399184
1785234673,panel_4,panel_4_f1_4,0.017622496757299135,-0.007731531686154036
1785234673,panel_4,panel_4_f1_4,0.017883841144646643,-0.007848188381132137
1785234673,panel_4,panel_4_f1_4,0.018236693380938564,-0.008215258046454564
1785234673,panel_4,panel_4_f1_4,0.01850765500583995,-0.00846165726697683
1785234673,panel_4,panel_4_f1_4,0.018749192134882336,-0.008695163977496994
1785234673,panel_4,panel_4_f1_4,0.01890846398160233,-0.00873949626641352
1785234673,panel_4,panel_4_f1_4,0.01907959542069636,-0.008944054713401954
1785234673,panel_4,panel_4_f1_4,0.019153011392962785,-0.009165531633479015
1785234673,panel_4,panel_4_f1_4,0.019175171060256343,-0.00936775865095229
1785234673,panel_4,panel_4_f1_4,0.019126344182680912,-0.009720275887868371
1785234673,panel_4,panel_4_f1_4,0.019021728593054926,-0.009842038781893152
1785234673,panel_4,panel_4_f1_4,0.01882637124765858,-0.009924275784700357
1785234673,panel_4,panel_4_f1_4,0.018579853496569917,-0.009978969763026101
1785234673,panel_4,panel_4_f1_4,0.01838846898705078,-0.009837013684075004
1785234673,panel_4,panel_4_f1_4,0.018234584789300488,-0.00987190812921579
1785234673,panel_4,panel_4_f1_4,0.017903839121664034,-0.009821959999015655
1785234673,panel_4,panel_4_f1_4,0.01751680286779771,-0.009761711765456635
1785234674,panel_4,panel_4_f1_4,0.01125426556489265,-0.009192023023994052
1785234674,panel_4,panel_4_f1_4,0.010414189745157662,-0.009096015679788577
1785234674,panel_4,panel_4_f1_4,0.009531229555502984,-0.009007237344804369
1785234674,panel_4,panel_4_f1_4,0.008631133978551652,-0.008913268677643933
1785234674,panel_4,panel_4_f1_4,0.007421131042027443,-0.00870938440102752
1785234674,panel_4,panel_4_f1_4,0.006550750152616972,-0.008568553734804536
1785234674,panel_4,panel_4_f1_4,0.006502444044613266,-0.00856993078458819
1785234674,panel_4,panel_4_f1_4,0.00603928076348667,-0.00846360583692633
1785234674,panel_4,panel_4_f1_4,0.0056147129188555776,-0.008333194908542065
1785234674,panel_4,panel_4_f1_4,0.004844319888447025,-0.008106897931395367
1785234674,panel_4,panel_4_f1_4,0.004454444771477773,-0.007920243103087223
1785234674,panel_4,panel_4_f1_4,0.0033892764445269514,-0.007482577999105785
1785234674,panel_4,panel_4_f1_4,0.002410394493295197,-0.006997366245221506
1785234674,panel_4,panel_4_f1_4,0.0021473591704172707,-0.006718282690220539
1785234674,panel_4,panel_4_f1_4,0.001697839937021928,-0.0063098122481863375
1785234674,panel_4,panel_4_f1_4,0.0013244287298580697,-0.005860888138639445
1785234674,panel_4,panel_4_f1_4,0.0012840976564783971,-0.005521073451543647
1785234675,panel_4,panel_4_f1_4,0.0008476925428255087,-0.00506919616719692
1785234675,panel_4,panel_4_f1_4,0.0005815517354975426,-0.004459389590021661
1785234675,panel_4,panel_4_f1_4,9.316635490044887e-05,-0.004084366658260205
1785234675,panel_4,panel_4_f1_4,5.6106413437543825e-05,-0.0035223202519643693
1785234675,panel_4,panel_4_f1_4,0.00019211569821972544,-0.0030646260102476118
1785234676,panel_4,panel_4_f1_4,0.0007341274258228435,0.00048070850790165194
1785234676,panel_4,panel_4_f1_4,0.0008665804005976635,0.000988853263027304
1785234676,panel_4,panel_4_f1_4,0.001095024294381121,0.001355814061557194
1785234676,panel_4,panel_4_f1_4,0.0013285251450332138,0.0019307895008869435
1785234676,panel_4,panel_4_f1_4,0.0015828690957118599,0.002495836182147645
1785234676,panel_4,panel_4_f1_4,0.0019329510104529838,0.0031264845230159722
1785234676,panel_4,panel_4_f1_4,0.0021214435645321612,0.0036328479530969887
1785234676,panel_4,panel_4_f1_4,0.0024557494492420343,0.004163381256870999
1785234676,panel_4,panel_4_f1_4,0.002811055452842409,0.004675806058855145
1785234676,panel_4,panel_4_f1_4,0.0032467667939204614,0.005248348594011285
1785234676,panel_4,panel_4_f1_4,0.0034963128539360847,0.005539368339784292
1785234676,panel_4,panel_4_f1_4,0.0036793169924802067,0.005770315498957195
1785234676,panel_4,panel_4_f1_4,0.003871008763011338,0.005991471167602142
1785234676,panel_4,panel_4_f1_4,0.004167837943680337,0.006321820431973769
1785234676,panel_4,panel_4_f1_4,0.00444269107400947,0.0065925347319977555
1785234676,panel_4,panel_4_f1_4,0.004826134999170568,0.006994523830591621
1785234676,panel_4,panel_4_f1_4,0.005219232523558813,0.0073593167636954344
1785234676,panel_4,panel_4_f1_4,0.00546758084001599,0.007565320990131265
1785234676,panel_4,panel_4_f1_4,0.005561114297963355,0.007625310747583316
1785234676,panel_4,panel_4_f1_4,0.0057335811634917685,0.007769188583942962
1785234676,panel_4,panel_4_f1_4,0.005824686267407806,0.007821442800102904
1785234676,panel_4,panel_4_f1_4,0.005912124755761448,0.007867640671641087
1785234676,panel_4,panel_4_f1_4,0.006324511435505233,0.008154217100379012
1785234676,panel_4,panel_4_f1_4,0.006497860726072922,0.00826414573388922
1785234677,panel_4,panel_4_f1_4,0.007982830704761584,0.009139901727662377
1785234677,panel_4,panel_4_f1_4,0.008270242755606436,0.009272922422615813
1785234677,panel_4,panel_4_f1_4,0.008425288396055546,0.009337392116463507
1785234677,panel_4,panel_4_f1_4,0.008707518469522179,0.009440623497061812
1785234677,panel_4,panel_4_f1_4,0.008827760342034184,0.009419697177821556
1785234677,panel_4,panel_4_f1_4,0.009066733886635132,0.00949233854909505
1785234677,panel_4,panel_4_f1_4,0.009078928468818605,0.009392035406254592
1785234677,panel_4,panel_4_f1_4,0.009151956209078908,0.009332141888374286
1785234677,panel_4,panel_4_f1_4,0.009107500425523244,0.009182191483480855
1785234677,panel_4,panel_4_f1_4,0.00911936927740939,0.009106016342394429
1785234677,panel_4,panel_4_f1_4,0.009170452615993278,0.009157308108752801
1785234677,panel_4,panel_4_f1_4,0.008988330623366068,0.00893637085920243
1785234677,panel_4,panel_4_f1_4,0.00899975192662702,0.008976802525300372
1785234677,panel_4,panel_4_f1_4,0.008732818292116716,0.008832005582442544
1785234677,panel_4,panel_4_f1_4,0.008413504915827829,0.00862678969402493
1785234677,panel_4,panel_4_f1_4,0.00808281745433502,0.008369080619109731
1785234677,panel_4,panel_4_f1_4,0.00785641451138022,0.008312747651087414
1785234677,panel_4,panel_4_f1_4,0.007650799830653222,0.00820840472777998
1785234677,panel_4,panel_4_f1_4,0.007261104427671007,0.007953055123515783
1785234677,panel_4,panel_4_f1_4,0.006781693389939795,0.007748635488290749
1785234678,panel_4,panel_4_f1_4,0.006275422251972659,0.007544493349401144
1785234678,panel_4,panel_4_f1_4,0.006039928373565975,0.00747861422714258
1785234678,panel_4,panel_4_f1_4,0.005683961337693052,0.007299872244334662
1785234678,panel_4,panel_4_f1_4,0.005113815114705209,0.007117493298944181
1785234678,panel_4,panel_4_f1_4,0.0048221127591032455,0.006814728281179496
1785234679,panel_4,panel_4_f1_4,0.0006571728675265525,0.005116926659193815
1785234679,panel_4,panel_4_f1_4,-0.00011398055621060937,0.004790306714865142
1785234679,panel_4,panel_4_f1_4,-0.00036678685523780307,0.004637051742454808
1785234679,panel_4,panel_4_f1_4,-0.0009487139260952783,0.004433600837778806
1785234679,panel_4,panel_4_f1_4,-0.0013257297355278642,0.004153648478599174
1785234679,panel_4,panel_4_f1_4,-0.001725550200336707,0.003961469635621134
1785234679,panel_4,panel_4_f1_4,-0.0022859734995964633,0.003543110636156088
1785234679,panel_4,panel_4_f1_4,-0.002734494940440779,0.0032118678862104555
1785234679,panel_4,panel_4_f1_4,-0.0030208140114408545,0.003002569483701434
1785234679,panel_4,panel_4_f1_4,-0.00318128703593905,0.0028955958110768996
1785234679,panel_4,panel_4_f1_4,-0.003398641720653009,0.002691595926078759
1785234679,panel_4,panel_4_f1_4,-0.00351870309302345,0.0025648380851730794
1785234679,panel_4,panel_4_f1_4,-0.003633584039581906,0.0024136066781479198
1785234679,panel_4,panel_4_f1_4,-0.003855797644556763,0.002162849517589472
1785234679,panel_4,panel_4_f1_4,-0.003988428952794662,0.0019297397244132262
1785234679,panel_4,panel_4_f1_4,-0.00413472198349237,0.0016458261744843542
1785234679,panel_4,panel_4_f1_4,-0.004393016641930998,0.001256274026210401
1785234679,panel_4,panel_4_f1_4,-0.004518727896784865,0.0009736173993594894
1785234679,panel_4,panel_4_f1_4,-0.004619022955374113,0.0006139847557858804
1785234679,panel_4,panel_4_f1_4,-0.00474995946556081,0.00041835779935379106
1785234679,panel_4,panel_4_f1_4,-0.005022714376096689,2.6361899089320935e-05
1785234679,panel_4,panel_4_f1_4,-0.00527133039417404,-0.00024175051987356672
1785234679,panel_4,panel_4_f1_4,-0.005421722385170826,-0.0004334064372180607
1785234679,panel_4,panel_4_f1_4,-0.005704563053395598,-0.0007153203439047594
1785234679,panel_4,panel_4_f1_4,-0.00586703875983155,-0.000995406272237313
1785234680,panel_4,panel_4_f1_4,-0.006896985469601157,-0.0024283203757016467
1785234680,panel_4,panel_4_f1_4,-0.007075168793995851,-0.0026923020858879987
1785234680,panel_4,panel_4_f1_4,-0.007245378027753883,-0.0030097216910746623
1785234680,panel_4,panel_4_f1_4,-0.007355295103559334,-0.0032261846418769062
1785234680,panel_4,panel_4_f1_4,-0.0074938859356209805,-0.0036181314248165484
1785234680,panel_4,panel_4_f1_4,-0.007622032529644963,-0.0039591235973288254
1785234680,panel_4,panel_4_f1_4,-0.007760026486064966,-0.004251656074265161
1785234680,panel_4,panel_4_f1_4,-0.007861474649456726,-0.004592768174449564
1785234680,panel_4,panel_4_f1_4,-0.007911173299325312,-0.0047627236414631395
1785234680,panel_4,panel_4_f1_4,-0.007956767563972449,-0.004930213299819654
1785234680,panel_4,panel_4_f1_4,-0.008042439766369192,-0.005259018860701682
1785234680,panel_4,panel_4_f1_4,-0.008008277636774617,-0.005494317578976565
1785234680,panel_4,panel_4_f1_4,-0.008186797568920386,-0.005760871843776693
1785234680,panel_4,panel_4_f1_4,-0.008217364485367952,-0.005912398823172174
1785234680,panel_4,panel_4_f1_4,-0.008262605107768469,-0.006199468798468988
1785234680,panel_4,panel_4_f1_4,-0.008636484358137712,-0.006402091937738333
1785234680,panel_4,panel_4_f1_4,-0.00886071432956331,-0.006630787052895054
1785234680,panel_4,panel_4_f1_4,-0.008912373642564288,-0.006866682712954775
1785234680,panel_4,panel_4_f1_4,-0.008772490075244718,-0.007096062860044478
1785234680,panel_4,panel_4_f1_4,-0.0088331895343015,-0.007280240915848852
1785234680,panel_4,panel_4_f1_4,-0.008668362765875865,-0.007361018227890418
1785234681,panel_4,panel_4_f1_4,-0.008376437129061916,-0.007412829409908655
1785234681,panel_4,panel_4_f1_4,-0.007854829765340377,-0.007377229211352989
1785234681,panel_4,panel_4_f1_4,-0.007719177079790371,-0.007364110002042388
1785234681,panel_4,panel_4_f1_4,-0.007508832391085983,-0.007323338986524649
1785234681,panel_4,panel_4_f1_4,-0.007597298769130426,-0.0073023140751571555
1785234682,panel_4,panel_4_f1_4,-0.009184854741198387,-0.005366398470493391
1785234682,panel_4,panel_4_f1_4,-0.009483536509954857,-0.005034434734406227
1785234682,panel_4,panel_4_f1_4,-0.009675927296971011,-0.0047206249214552815
1785234682,panel_4,panel_4_f1_4,-0.010153874127475293,-0.0042865712197615435
1785234682,panel_4,panel_4_f1_4,-0.010591271551613329,-0.0038642521155600206
1785234682,panel_4,panel_4_f1_4,-0.011102817691283877,-0.003298924645764569
1785234682,panel_4,panel_4_f1_4,-0.011900742157021029,-0.0027674383019932205
1785234682,panel_4,panel_4_f1_4,-0.012430471433148814,-0.0022741819504000092
1785234682,panel_4,panel_4_f1_4,-0.01297644415931364,-0.001870311698481631
1785234682,panel_4,panel_4_f1_4,-0.01317055995765066,-0.0016578980986401298
1785234682,panel_4,panel_4_f1_4,-0.013642668495366977,-0.0012837940476240583
1785234682,panel_4,panel_4_f1_4,-0.013895610954542576,-0.000931058358070416
1785234682,panel_4,panel_4_f1_4,-0.014439082552049868,-0.0004067211568256172
1785234682,panel_4,panel_4_f1_4,-0.014734183202109478,-0.00023845520371787232
1785234682,panel_4,panel_4_f1_4,-0.015275189861140952,0.000284528639328793
1785234682,panel_4,panel_4_f1_4,-0.015790648346493824,0.0008469612656373532
1785234682,panel_4,panel_4_f1_4,-0.016005085013234516,0.0012474248243781899
1785234682,panel_4,panel_4_f1_4,-0.016252178408517153,0.001515936331648735
1785234682,panel_4,panel_4_f1_4,-0.016393859637824488,0.001964070818812214
1785234682,panel_4,panel_4_f1_4,-0.016835768639199302,0.0025208886860581385
1785234682,panel_4,panel_4_f1_4,-0.016956020393973606,0.002951852950946976
1785234682,panel_4,panel_4_f1_4,-0.017057664342413233,0.0033866521459182653
1785234683,panel_4,panel_4_f1_4,-0.017531196721616075,0.0057272724231584885
1785234683,panel_4,panel_4_f1_4,-0.017397773883066438,0.0061143472795476715
1785234683,panel_4,panel_4_f1_4,-0.017740421181456464,0.006744218487798898
1785234683,panel_4,panel_4_f1_4,-0.017775359960974745,0.007380209767670582
1785234683,panel_4,panel_4_f1_4,-0.01767068699036539,0.00788762406900925
1785234683,panel_4,panel_4_f1_4,-0.01738600949264341,0.008232873494927467
1785234683,panel_4,panel_4_f1_4,-0.017039190414068518,0.00853161279352453
1785234683,panel_4,panel_4_f1_4,-0.016684881199556138,0.008854762187960732
1785234683,panel_4,panel_4_f1_4,-0.016415713377295853,0.009304796580459565
1785234683,panel_4,panel_4_f1_4,-0.01626767602152891,0.009521124131490815
1785234683,panel_4,panel_4_f1_4,-0.016099793756788293,0.009720909178044673
1785234683,panel_4,panel_4_f1_4,-0.016267578031247766,0.009973852003414803
1785234683,panel_4,panel_4_f1_4,-0.01634556052708905,0.01009410095472363
1785234683,panel_4,panel_4_f1_4,-0.01623073967992572,0.010340285272976906
1785234683,panel_4,panel_4_f1_4,-0.016041532377573216,0.010450991783047113
1785234683,panel_4,panel_4_f1_4,-0.016156376802125845,0.010639392047129189
1785234683,panel_4,panel_4_f1_4,-0.01601473163437464,0.010791047668792037
1785234683,panel_4,panel_4_f1_4,-0.015796091475880472,0.01090089485234693
1785234683,panel_4,panel_4_f1_4,-0.015369435076448468,0.01087320133740292
1785234684,panel_4,panel_4_f1_4,-0.014947097694335052,0.010874523674520555
1785234684,panel_4,panel_4_f1_4,-0.014505590201293298,0.010780214707008897
1785234684,panel_4,panel_4_f1_4,-0.014062099574508618,0.010605599609747248
1785234684,panel_4,panel_4_f1_4,-0.013613280783326314,0.010513251663812064
1785234684,panel_4,panel_4_f1_4,-0.01322840706486825,0.010408847591572935
1785234684,panel_4,panel_4_f1_4,-0.012916531065030218,0.010346501580964262
1785234685,panel_4,panel_4_f1_4,-0.010804039739574813,0.009055237339569528
1785234685,panel_4,panel_4_f1_4,-0.010616615167578053,0.008810852658042202
1785234685,panel_4,panel_4_f1_4,-0.010669170832659572,0.008731730919321229
1785234685,panel_4,panel_4_f1_4,-0.01059233367889334,0.008498995683141133
1785234685,panel_4,panel_4_f1_4,-0.01058460451736472,0.008358479805714563
1785234685,panel_4,panel_4_f1_4,-0.010233647237849038,0.008040150093798349
1785234685,panel_4,panel_4_f1_4,-0.010189810252899122,0.007873944107466257
1785234685,panel_4,panel_4_f1_4,-0.009818884703155471,0.007515976495318429
1785234685,panel_4,panel_4_f1_4,-0.009520009975753856,0.007125944021948235
1785234685,panel_4,panel_4_f1_4,-0.009365714217007829,0.006910545888032015
1785234685,panel_4,panel_4_f1_4,-0.00920220063058204,0.006676385493676182
1785234685,panel_4,panel_4_f1_4,-0.008954249654234338,0.006453347396420295
1785234685,panel_4,panel_4_f1_4,-0.008426608987671674,0.00603165919585752
1785234685,panel_4,panel_4_f1_4,-0.008153427483025798,0.005757072995976784
1785234685,panel_4,panel_4_f1_4,-0.007833676781856272,0.005456948546272167
1785234685,panel_4,panel_4_f1_4,-0.007249825308613256,0.004969630147448882
1785234685,panel_4,panel_4_f1_4,-0.007100860489983163,0.004847096208193669
1785234685,panel_4,panel_4_f1_4,-0.006702478384727782,0.004536297641549141
1785234685,panel_4,panel_4_f1_4,-0.006094092847811868,0.004119491251596499
1785234685,panel_4,panel_4_f1_4,-0.0054797684606876125,0.00364352718573562
1785234685,panel_4,panel_4_f1_4,-0.005109818519107523,0.003393447418586499
1785234685,panel_4,panel_4_f1_4,-0.004822886809556334,0.0031675648033857333
1785234685,panel_4,panel_4_f1_4,-0.004205390072172892,0.002586664137826949
1785234685,panel_4,panel_4_f1_4,-0.003614359462364644,0.002046467536515696
1785234685,panel_4,panel_4_f1_4,-0.003189314648015335,0.001635910496846914
1785234686,panel_4,panel_4_f1_4,-0.00285367009104136,0.0012755682946373273
1785234686,panel_4,panel_4_f1_4,-0.002723513218214978,0.0010858809860386412
1785234686,panel_4,panel_4_f1_4,-0.0025337405174111717,0.0007243146144261164
1785234686,panel_4,panel_4_f1_4,-0.002480405296090536,0.0005111552076280983
1785234686,panel_4,panel_4_f1_4,-0.002419614506399598,0.00035407062374643845
1785234686,panel_4,panel_4_f1_4,-0.002337043899083212,4.9051062617644876e-05
1785234686,panel_4,panel_4_f1_4,-0.0023559326119526104,-0.00010612667185879776
1785234686,panel_4,panel_4_f1_4,-0.0023722442546381278,-0.00035881145259558954
1785234686,panel_4,panel_4_f1_4,-0.0024623367744298504,-0.00048263386002283317
1785234686,panel_4,panel_4_f1_4,-0.002488653553089363,-0.0006811919546621291
1785234686,panel_4,panel_4_f1_4,-0.002495447678873538,-0.0008542468040794505
1785234686,panel_4,panel_4_f1_4,-0.0026540493996706532,-0.0010061931439658768
1785234686,panel_4,panel_4_f1_4,-0.002829820044364042,-0.0010704253947984158
1785234686,panel_4,panel_4_f1_4,-0.0029201493607842505,-0.0011934416685937387
1785234686,panel_4,panel_4_f1_4,-0.003228401322566249,-0.0012398654426696814
1785234686,panel_4,panel_4_f1_4,-0.0034163790965933733,-0.0012347813513667806
1785234686,panel_4,panel_4_f1_4,-0.003485656058618217,-0.0013309952244117
1785234686,panel_4,panel_4_f1_4,-0.003574142719614882,-0.0014062798147001557
1785234686,panel_4,panel_4_f1_4,-0.0035671953968338154,-0.0015191610908417937
1785234686,panel_4,panel_4_f1_4,-0.003498619324781527,-0.0015828921095347353
1785234686,panel_4,panel_4_f1_4,-0.003353695933754241,-0.0016443472757165045
1785234686,panel_4,panel_4_f1_4,-0.0030798154752423364,-0.001730226207616168
1785234686,panel_4,panel_4_f1_4,-0.002627519384470918,-0.0018153137170190106
1785234686,panel_4,panel_4_f1_4,-0.0021841700192119454,-0.0019013200432992548
1785234687,panel_4,panel_4_f1_4,-0.001728511722933514,-0.001970734521097793
1785234687,panel_4,panel_4_f1_4,-0.0008215416057320588,-0.0020860402308480906
1785234687,panel_4,panel_4_f1_4,0.00039447083285389594,-0.002201663123015287
1785234687,panel_4,panel_4_f1_4,0.0015159385716358154,-0.002297639352844014
1785234687,panel_4,panel_4_f1_4,0.002181805148813725,-0.00234207674341705
1785234688,panel_4,panel_4_f1_4,0.010642323163699775,-0.0022063835701042448
1785234688,panel_4,panel_4_f1_4,0.011584756261990759,-0.002099110369365044
1785234688,panel_4,panel_4_f1_4,0.012332537943317014,-0.0019669785302922497
1785234688,panel_4,panel_4_f1_4,0.013575132350798847,-0.0018153247484153671
1785234688,panel_4,panel_4_f1_4,0.01434873074358348,-0.0016497305274645122
1785234688,panel_4,panel_4_f1_4,0.014169985839003404,-0.0015256927400952897
1785234688,panel_4,panel_4_f1_4,0.014282771338521374,-0.0012620098024109495
1785234688,panel_4,panel_4_f1_4,0.015057236368450001,-0.0010720507888425028
1785234688,panel_4,panel_4_f1_4,0.015188823718609414,-0.0009233289833653648
1785234688,panel_4,panel_4_f1_4,0.01590282902313538,-0.0007958919347753502
1785234688,panel_4,panel_4_f1_4,0.016714786615646383,-0.000654961874082756
1785234688,panel_4,panel_4_f1_4,0.01731322261356422,-0.0004689989754176299
1785234688,panel_4,panel_4_f1_4,0.01759613729734355,-0.0003197418279424805
1785234688,panel_4,panel_4_f1_4,0.01778705243422641,-0.00018479031683103203
1785234688,panel_4,panel_4_f1_4,0.017787052434226413,-0.000184790316831032
1785234688,panel_4,panel_4_f1_4,0.018149510720493308,-9.413376290142834e-05
1785234688,panel_4,panel_4_f1_4,0.018881578531847416,7.570329863725975e-05
1785234688,panel_4,panel_4_f1_4,0.01925836724292802,0.00019398708820161958
1785234688,panel_4,panel_4_f1_4,0.01959914669953848,0.0002600560077337195
1785234688,panel_4,panel_4_f1_4,0.020240493418921344,0.0003873988317058605
1785234688,panel_4,panel_4_f1_4,0.021086435801789576,0.0005270151543899181
1785234688,panel_4,panel_4_f1_4,0.021670231698816263,0.0006239442271814717
1785234688,panel_4,panel_4_f1_4,0.022008222092097234,0.0006740597809663264
1785234689,panel_4,panel_4_f1_4,0.023827688239000912,0.0008250197079698347
1785234689,panel_4,panel_4_f1_4,0.02384518157801502,0.0008351135427040368
1785234689,panel_4,panel_4_f1_4,0.023914150780562388,0.0008411157997468605
1785234689,panel_4,panel_4_f1_4,0.02390896727772209,0.0008531824286945951
1785234689,panel_4,panel_4_f1_4,0.023677818401592565,0.0008518819300463742
1785234689,panel_4,panel_4_f1_4,0.02344249090318556,0.0008470520365364705
1785234689,panel_4,panel_4_f1_4,0.02305995667347164,0.0008204496698096376
1785234689,panel_4,panel_4_f1_4,0.02256108866003221,0.0008192070334628515
1785234689,panel_4,panel_4_f1_4,0.022298440108683423,0.0008231405477768551
1785234689,panel_4,panel_4_f1_4,0.021965420161785282,0.0008198426731201336
1785234689,panel_4,panel_4_f1_4,0.021240237158571276,0.0008053433834769047
1785234689,panel_4,panel_4_f1_4,0.02019776764146829,0.0008456752352870398
1785234689,panel_4,panel_4_f1_4,0.01932230184415238,0.0008151712154190093
1785234689,panel_4,panel_4_f1_4,0.018782880975180317,0.0007538749664834451
1785234689,panel_4,panel_4_f1_4,0.017447658320492207,0.0007674387681911329
1785234689,panel_4,panel_4_f1_4,0.016502997747358642,0.0007558134893030298
1785234689,panel_4,panel_4_f1_4,0.015993513973751834,0.0007262191787060913
1785234689,panel_4,panel_4_f1_4,0.015102574634290005,0.0006988874326499313
1785234689,panel_4,panel_4_f1_4,0.014587189393228788,0.0006637331769421912
1785234690,panel_4,panel_4_f1_4,0.013677536425372522,0.0006293334428938454
1785234690,panel_4,panel_4_f1_4,0.012755497549750763,0.0005808370734973129
1785234690,panel_4,panel_4_f1_4,0.011563565515161724,0.0005229240132989528
1785234690,panel_4,panel_4_f1_4,0.010718751190076621,0.00043671034688259907
1785234690,panel_4,panel_4_f1_4,0.010059017257302674,0.00034450232688807943
1785234691,panel_4,panel_4_f1_4,0.006055153627329062,-0.0002664769840325277
1785234691,panel_4,panel_4_f1_4,0.005350461934893729,-0.000416561951669439
1785234691,panel_4,panel_4_f1_4,0.004751493913147563,-0.0005499988693415515
1785234691,panel_4,panel_4_f1_4,0.004535493917197616,-0.000658009067579039
1785234691,panel_4,panel_4_f1_4,0.004497977121108613,-0.0007673394399649845
1785234691,panel_4,panel_4_f1_4,0.004603356471135287,-0.0007957299395574671
1785234691,panel_4,panel_4_f1_4,0.004423091938649456,-0.0008865865180737968
1785234691,panel_4,panel_4_f1_4,0.0039700874098562156,-0.0010234402119059212
1785234691,panel_4,panel_4_f1_4,0.0037683203537281834,-0.0010855626332716127
1785234691,panel_4,panel_4_f1_4,0.00345397017788832,-0.00112651169224593
1785234691,panel_4,panel_4_f1_4,0.0031022414930886146,-0.0011996678571440662
1785234691,panel_4,panel_4_f1_4,0.002490041197555309,-0.0012879181425003933
1785234691,panel_4,panel_4_f1_4,0.002187896782067631,-0.0013222892391107832
1785234691,panel_4,panel_4_f1_4,0.002054616775813365,-0.001328287463863283
1785234691,panel_4,panel_4_f1_4,0.0018089281438614937,-0.0013429549002365545
1785234691,panel_4,panel_4_f1_4,0.0017568907773178246,-0.001285012930213819
1785234691,panel_4,panel_4_f1_4,0.0016936288530796147,-0.0012571539662911994
1785234691,panel_4,panel_4_f1_4,0.0016497580483927278,-0.0011638482584853866
1785234691,panel_4,panel_4_f1_4,0.001589337218050973,-0.0010630028932831048
1785234691,panel_4,panel_4_f1_4,0.0015204538630173518,-0.001033542329040086
1785234691,panel_4,panel_4_f1_4,0.0015153437298006053,-0.0009961224533901563
1785234691,panel_4,panel_4_f1_4,0.0014519001639629481,-0.0009032341282891456
1785234691,panel_4,panel_4_f1_4,0.0013564187205962733,-0.0008095436481465873
1785234691,panel_4,panel_4_f1_4,0.0013359019799429508,-0.0007668732333200397
1785234692,panel_4,panel_4_f1_4,0.001498388165860387,-0.00033827735634093923
1785234692,panel_4,panel_4_f1_4,0.0012754243119638756,-0.00032910076111384564
1785234692,panel_4,panel_4_f1_4,0.0012333098258945408,-0.00028166255221875197
1785234692,panel_4,panel_4_f1_4,0.00138428638865449,-0.00019814782596461961
1785234692,panel_4,panel_4_f1_4,0.0013149708594172049,-0.00018793534087444873
1785234692,panel_4,panel_4_f1_4,0.001253945474094957,-0.00018008520196894758
1785234692,panel_4,panel_4_f1_4,0.0010286793106053624,-0.0002356460869604131
1785234692,panel_4,panel_4_f1_4,0.0006142756223591569,-0.00038956138962003764
1785234692,panel_4,panel_4_f1_4,0.00045156626783640353,-0.00043137175631879346
1785234692,panel_4,panel_4_f1_4,0.00026093302944692475,-0.0004919882350570038
1785234692,panel_4,panel_4_f1_4,6.569425081776635e-05,-0.0005584816793233054
1785234692,panel_4,panel_4_f1_4,-0.00014507350308094226,-0.0006351548384397718
1785234692,panel_4,panel_4_f1_4,-0.000425167370052718,-0.000694451258250577
1785234692,panel_4,panel_4_f1_4,-0.0009195203342044544,-0.000886523890443722
1785234692,panel_4,panel_4_f1_4,-0.0011656348210945242,-0.0009941955154607496
1785234692,panel_4,panel_4_f1_4,-0.001599444100415115,-0.0012568226482781416
1785234692,panel_4,panel_4_f1_4,-0.0018641418531660675,-0.0013754143762025326
1785234692,panel_4,panel_4_f1_4,-0.002048669809334789,-0.001312573366916589
1785234692,panel_4,panel_4_f1_4,-0.0020486698093347888,-0.001312573366916589
1785234693,panel_4,panel_4_f1_4,-0.002865214797608609,-0.0017239095923330967
1785234693,panel_4,panel_4_f1_4,-0.003577507002320451,-0.00195079931464311
1785234693,panel_4,panel_4_f1_4,-0.003943176463246848,-0.0020069049844915155
1785234693,panel_4,panel_4_f1_4,-0.0043308472138605045,-0.00211414370374898
1785234693,panel_4,panel_4_f1_4,-0.0049112361784272775,-0.0023847185411540617
1785234694,panel_4,panel_4_f1_4,-0.007164532180139948,-0.0040241285654486
1785234694,panel_4,panel_4_f1_4,-0.007459345743520062,-0.00432370716225097
1785234694,panel_4,panel_4_f1_4,-0.007672769346727215,-0.004680539475192724
1785234694,panel_4,panel_4_f1_4,-0.00783455740906618,-0.004966092426031865
1785234694,panel_4,panel_4_f1_4,-0.007929628342148306,-0.0055029867453835705
1785234694,panel_4,panel_4_f1_4,-0.007970865449920152,-0.005878481292484649
1785234694,panel_4,panel_4_f1_4,-0.008016157272112889,-0.00612919404458968
1785234694,panel_4,panel_4_f1_4,-0.008018071493126507,-0.0063046217489540505
1785234694,panel_4,panel_4_f1_4,-0.007931222843522035,-0.006844308092597654
1785234694,panel_4,panel_4_f1_4,-0.00785315614145258,-0.007129511818686315
1785234694,panel_4,panel_4_f1_4,-0.007673843495037587,-0.007677487556259011
1785234694,panel_4,panel_4_f1_4,-0.00750320143865383,-0.008076981598843291
1785234694,panel_4,panel_4_f1_4,-0.0072565814904844385,-0.008516302865019173
1785234694,panel_4,panel_4_f1_4,-0.006994407887216985,-0.008941411505986423
1785234694,panel_4,panel_4_f1_4,-0.006800579917293118,-0.009297207067637463
1785234694,panel_4,panel_4_f1_4,-0.006671290798752259,-0.009482829462750458
1785234694,panel_4,panel_4_f1_4,-0.006472359913782898,-0.009688156488259034
1785234694,panel_4,panel_4_f1_4,-0.006252170016980149,-0.009994010538146636
1785234694,panel_4,panel_4_f1_4,-0.006057528957831005,-0.010223996603442562
1785234694,panel_4,panel_4_f1_4,-0.005912778371417353,-0.010464106241945562
1785234694,panel_4,panel_4_f1_4,-0.005913493438553999,-0.010660221488496055
1785234694,panel_4,panel_4_f1_4,-0.005692285185471055,-0.010741295620353008
1785234694,panel_4,panel_4_f1_4,-0.005481101495079844,-0.010785904851081149
1785234694,panel_4,panel_4_f1_4,-0.005523217424037417,-0.010881063116464213
1785234694,panel_4,panel_4_f1_4,-0.005845379894590175,-0.0109897335991258
1785234695,panel_4,panel_4_f1_4,-0.005863066630278873,-0.010795277314222734
1785234695,panel_4,panel_4_f1_4,-0.006499291784868295,-0.010808171954973635
1785234695,panel_4,panel_4_f1_4,-0.006901379716702905,-0.01078133421460765
1785234695,panel_4,panel_4_f1_4,-0.006966758201490128,-0.010704846728727704
1785234695,panel_4,panel_4_f1_4,-0.007764863126656857,-0.010695118325935525
1785234695,panel_4,panel_4_f1_4,-0.007926676591078412,-0.010609206239347087
1785234695,panel_4,panel_4_f1_4,-0.007586663939644851,-0.010349928116398528
1785234695,panel_4,panel_4_f1_4,-0.007416436328459525,-0.010212340430023947
1785234695,panel_4,panel_4_f1_4,-0.008150648274339416,-0.010043109642421064
1785234695,panel_4,panel_4_f1_4,-0.009052620615701015,-0.010018678872539884
1785234695,panel_4,panel_4_f1_4,-0.009498561794444436,-0.010070073533473682
1785234695,panel_4,panel_4_f1_4,-0.010116701441828004,-0.010138646385084145
1785234695,panel_4,panel_4_f1_4,-0.009873968333523385,-0.009690213647351871
1785234695,panel_4,panel_4_f1_4,-0.009809698870530415,-0.009394786114433794
1785234695,panel_4,panel_4_f1_4,-0.010288033375179582,-0.009322362150245244
1785234695,panel_4,panel_4_f1_4,-0.010684578829394997,-0.009196367419230328
1785234695,panel_4,panel_4_f1_4,-0.010874961021642633,-0.008889752002318826
1785234695,panel_4,panel_4_f1_4,-0.01122562102609609,-0.008741942803083599
1785234695,panel_4,panel_4_f1_4,-0.011158568110332133,-0.008410249350109608
1785234695,panel_4,panel_4_f1_4,-0.01133818220977896,-0.008071265535776799
1785234695,panel_4,panel_4_f1_4,-0.01152066124711753,-0.007724786575151675
1785234695,panel_4,panel_4_f1_4,-0.011516914485967089,-0.007378369010696901
1785234696,panel_4,panel_4_f1_4,-0.011694646948809822,-0.007012911203048522
1785234696,panel_4,panel_4_f1_4,-0.011911207672060425,-0.0066847410222991635
1785234696,panel_4,panel_4_f1_4,-0.011973180890402975,-0.006326491541056599
1785234696,panel_4,panel_4_f1_4,-0.012188994222626582,-0.006029651296459056
1785234696,panel_4,panel_4_f1_4,-0.012363770605624897,-0.005470831039649439
1785234697,panel_4,panel_4_f1_4,-0.013403078811973683,-0.0031038672130873275
1785234697,panel_4,panel_4_f1_4,-0.013532730098288797,-0.0027428202022254096
1785234697,panel_4,panel_4_f1_4,-0.013656072257469344,-0.002387957711104444
1785234697,panel_4,panel_4_f1_4,-0.01374996714857966,-0.0020377053496061378
1785234697,panel_4,panel_4_f1_4,-0.013758172225857724,-0.001865501279765072
1785234697,panel_4,panel_4_f1_4,-0.013776524253963971,-0.0017159411061150281
1785234697,panel_4,panel_4_f1_4,-0.013797606335220449,-0.0014540092109010987
1785234697,panel_4,panel_4_f1_4,-0.013748092546387631,-0.001245484228847071
1785234697,panel_4,panel_4_f1_4,-0.013618967217403542,-0.0010297037930742394
1785234697,panel_4,panel_4_f1_4,-0.013458948526522957,-0.0008456517276764411
1785234697,panel_4,panel_4_f1_4,-0.013333266924051337,-0.0007670530665989369
1785234697,panel_4,panel_4_f1_4,-0.01312307674980618,-0.0007077278961846911
1785234697,panel_4,panel_4_f1_4,-0.012733373632256084,-0.000603450690954913
1785234697,panel_4,panel_4_f1_4,-0.012260683240448505,-0.0005230535249867189
1785234697,panel_4,panel_4_f1_4,-0.012112136198973928,-0.000552574992848937
1785234697,panel_4,panel_4_f1_4,-0.0117602012295593,-0.0005201208470330712
1785234697,panel_4,panel_4_f1_4,-0.011123792466791458,-0.00048459757245002344
1785234697,panel_4,panel_4_f1_4,-0.010767960401059437,-0.0004729759942735963
1785234697,panel_4,panel_4_f1_4,-0.009845507154612503,-0.000403788102879748
1785234697,panel_4,panel_4_f1_4,-0.008824655827654092,-0.0004135969840264899
1785234697,panel_4,panel_4_f1_4,-0.008253080324198175,-0.000437366446340913
1785234697,panel_4,panel_4_f1_4,-0.006762359089178116,-0.0004026784707673042
1785234697,panel_4,panel_4_f1_4,-0.006212079247671044,-0.00039020100967897123
1785234697,panel_4,panel_4_f1_4,-0.005724557834944191,-0.00043005757859304676
1785234698,panel_4,panel_4_f1_4,0.005206863115612108,0.000299595448111267
1785234698,panel_4,panel_4_f1_4,0.006074828577191803,0.0003686920456080816
1785234698,panel_4,panel_4_f1_4,0.0073539118780043865,0.0005019790999359422
1785234698,panel_4,panel_4_f1_4,0.008362697239558842,0.0006300557508598132
1785234698,panel_4,panel_4_f1_4,0.009573530117460243,0.000763400872014349
1785234698,panel_4,panel_4_f1_4,0.011203325102306016,0.0009830958014595463
1785234698,panel_4,panel_4_f1_4,0.012715363184565488,0.00124308586204389
1785234698,panel_4,panel_4_f1_4,0.013808166637558721,0.0013809205244071903
1785234698,panel_4,panel_4_f1_4,0.01499099397595097,0.0015440513653678688
1785234698,panel_4,panel_4_f1_4,0.01599589031548391,0.0017266663802086076
1785234698,panel_4,panel_4_f1_4,0.017100424594199314,0.0018930295105178646
1785234698,panel_4,panel_4_f1_4,0.018145081961941277,0.0020631613113522005
1785234698,panel_4,panel_4_f1_4,0.01904471822037462,0.0022603280751511442
1785234698,panel_4,panel_4_f1_4,0.019996697529398828,0.0024367128066632186
1785234698,panel_4,panel_4_f1_4,0.020912576020031257,0.002613850323075557
1785234698,panel_4,panel_4_f1_4,0.02177738257073867,0.002793658030896689
1785234698,panel_4,panel_4_f1_4,0.02267125797276526,0.003029507291840075
1785234699,panel_4,panel_4_f1_4,0.023468429281627966,0.0032069817527655654
1785234699,panel_4,panel_4_f1_4,0.02421948801903413,0.0034032994805195545
1785234699,panel_4,panel_4_f1_4,0.02494603821603912,0.0036056454405064917
1785234699,panel_4,panel_4_f1_4,0.025644951282516076,0.0038054951778701924
1785234699,panel_4,panel_4_f1_4,0.02621683168559991,0.003965972965691449
1785234700,panel_4,panel_4_f1_4,0.02777172141312802,0.004698589894257943
1785234700,panel_4,panel_4_f1_4,0.028349818847015894,0.005012098502711105
1785234700,panel_4,panel_4_f1_4,0.02848240824565189,0.0051485424993610055
1785234700,panel_4,panel_4_f1_4,0.02851794337068056,0.005264268727764381
1785234700,panel_4,panel_4_f1_4,0.028792305514224344,0.005535742006647776
1785234700,panel_4,panel_4_f1_4,0.029218820133212326,0.0059200031383102045
1785234700,panel_4,panel_4_f1_4,0.02930619018536803,0.006052545765225436
1785234700,panel_4,panel_4_f1_4,0.02940977521624337,0.00629996865663371
1785234700,panel_4,panel_4_f1_4,0.029439809888774635,0.006419738182307617
1785234700,panel_4,panel_4_f1_4,0.029431956586720195,0.00652942827549532
1785234700,panel_4,panel_4_f1_4,0.029075128490073147,0.006674411562408274
1785234700,panel_4,panel_4_f1_4,0.02881337397803842,0.006786688433612318
1785234700,panel_4,panel_4_f1_4,0.028345249906802695,0.006902936743366887
1785234700,panel_4,panel_4_f1_4,0.028207558656677446,0.007007433960736071
1785234700,panel_4,panel_4_f1_4,0.02776631571761518,0.007105027585009324
1785234700,panel_4,panel_4_f1_4,0.027513414272474793,0.007145234246659244
1785234700,panel_4,panel_4_f1_4,0.026919678932950965,0.007182017653499464
1785234700,panel_4,panel_4_f1_4,0.026249484828638384,0.00720088225259829
1785234700,panel_4,panel_4_f1_4,0.025635676417446653,0.007196542669685636
1785234700,panel_4,panel_4_f1_4,0.02482914981889342,0.007155667564219902
1785234700,panel_4,panel_4_f1_4,0.02394161753495376,0.007079966226858509
1785234700,panel_4,panel_4_f1_4,0.023087210458138396,0.006981036595365734
1785234700,panel_4,panel_4_f1_4,0.02206627259522843,0.006849949282570315
1785234700,panel_4,panel_4_f1_4,0.021109734171656302,0.006724124370803958
1785234700,panel_4,panel_4_f1_4,0.020789786644472195,0.006683506122162517
1785234701,panel_4,panel_4_f1_4,0.012049428260231724,0.0048329775559661555
1785234701,panel_4,panel_4_f1_4,0.010707766108601262,0.004506806688241353
1785234701,panel_4,panel_4_f1_4,0.009400867760825073,0.00418873918927179
1785234701,panel_4,panel_4_f1_4,0.00830246704130274,0.003910560286387424
1785234701,panel_4,panel_4_f1_4,0.006996679354972721,0.0035805067626800318
1785234701,panel_4,panel_4_f1_4,0.006205865984679817,0.003354358772875255
1785234701,panel_4,panel_4_f1_4,0.005121562080037136,0.003066688034841794
1785234701,panel_4,panel_4_f1_4,0.003731007571493617,0.0027222491689016786
1785234701,panel_4,panel_4_f1_4,0.0019436186142404316,0.002293211087065679
1785234701,panel_4,panel_4_f1_4,0.0008951782417530058,0.0020057921487353116
1785234701,panel_4,panel_4_f1_4,-0.0001399729826846995,0.0017189115265400768
1785234701,panel_4,panel_4_f1_4,-0.0013843885047482754,0.001386623159488231
1785234701,panel_4,panel_4_f1_4,-0.0026669731585306196,0.0010344341750279003
1785234701,panel_4,panel_4_f1_4,-0.003832097461475247,0.0007061302044551293
1785234701,panel_4,panel_4_f1_4,-0.004437541565837344,0.0005247347230194531
1785234701,panel_4,panel_4_f1_4,-0.004955249637696312,0.00038690018407414305
1785234701,panel_4,panel_4_f1_4,-0.006068346305256833,1.206956701932476e-05
1785234701,panel_4,panel_4_f1_4,-0.006295518188205885,-5.871086080393977e-05
1785234701,panel_4,panel_4_f1_4,-0.0070065819759991994,-0.00033978128205860937
1785234702,panel_4,panel_4_f1_4,-0.007871938914699714,-0.0006900363032203683
1785234702,panel_4,panel_4_f1_4,-0.00851139729539688,-0.0009978278207173005
1785234702,panel_4,panel_4_f1_4,-0.00891806919083007,-0.0011855374418731043
1785234702,panel_4,panel_4_f1_4,-0.00924984620828704,-0.001343127437515916
1785234703,panel_4,panel_4_f1_4,-0.012707162815552276,-0.0034061948740396492
1785234703,panel_4,panel_4_f1_4,-0.013139770193966551,-0.0037110980842482697
1785234703,panel_4,panel_4_f1_4,-0.013347097915986568,-0.0038699177856968358
1785234703,panel_4,panel_4_f1_4,-0.01370034323098271,-0.0041650310597128246
1785234703,panel_4,panel_4_f1_4,-0.013953052561071284,-0.0043963603009503985
1785234703,panel_4,panel_4_f1_4,-0.014354463985504223,-0.004773012932842715
1785234703,panel_4,panel_4_f1_4,-0.014549521865535717,-0.004964740791916895
1785234703,panel_4,panel_4_f1_4,-0.014867666929870117,-0.005286697454555774
1785234703,panel_4,panel_4_f1_4,-0.015005116892748803,-0.005472527816760722
1785234703,panel_4,panel_4_f1_4,-0.014965289732445732,-0.005465931159697057
1785234703,panel_4,panel_4_f1_4,-0.015198348921146307,-0.005824828354074142
1785234703,panel_4,panel_4_f1_4,-0.015337365814485505,-0.006125197711271378
1785234703,panel_4,panel_4_f1_4,-0.015163610963884112,-0.0060757910735559405
1785234703,panel_4,panel_4_f1_4,-0.015089691013437266,-0.006209954214876561
1785234703,panel_4,panel_4_f1_4,-0.014968021079583898,-0.006175047835163634
1785234703,panel_4,panel_4_f1_4,-0.015237959012651186,-0.006606660403437238
1785234703,panel_4,panel_4_f1_4,-0.015045527147611266,-0.006750419114357777
1785234703,panel_4,panel_4_f1_4,-0.014784852942402664,-0.006876408866810917
1785234703,panel_4,panel_4_f1_4,-0.014881315262509678,-0.007229127535909627
1785234703,panel_4,panel_4_f1_4,-0.014509249023848661,-0.007285933039927334
1785234703,panel_4,panel_4_f1_4,-0.01409601321610322,-0.007331835726001327
1785234703,panel_4,panel_4_f1_4,-0.01369475081222307,-0.0073831285395442635
1785234703,panel_4,panel_4_f1_4,-0.013300554958591388,-0.007439946120158746
1785234703,panel_4,panel_4_f1_4,-0.012825263203568409,-0.007314244689735607
1785234704,panel_4,panel_4_f1_4,-0.01110051455991569,-0.007200874772552093
1785234704,panel_4,panel_4_f1_4,-0.010211347925419684,-0.00729323684040875
1785234704,panel_4,panel_4_f1_4,-0.008965922071642332,-0.007350745056131564
1785234704,panel_4,panel_4_f1_4,-0.00837331416408946,-0.007485682980617586
1785234704,panel_4,panel_4_f1_4,-0.0076194467972312725,-0.007718110039089759
1785234704,panel_4,panel_4_f1_4,-0.006807526315472601,-0.007791190845777915
1785234704,panel_4,panel_4_f1_4,-0.006065555541713427,-0.007763436849940563
1785234704,panel_4,panel_4_f1_4,-0.005502789218631691,-0.007633954700115135
1785234704,panel_4,panel_4_f1_4,-0.005230997912277435,-0.007566863093086029
1785234704,panel_4,panel_4_f1_4,-0.00444081676311969,-0.007587064102983793
1785234704,panel_4,panel_4_f1_4,-0.0036399982059744274,-0.00764352763132858
1785234704,panel_4,panel_4_f1_4,-0.0031548731702040157,-0.007745036882271326
1785234704,panel_4,panel_4_f1_4,-0.0028223733353516366,-0.007760843030326997
1785234704,panel_4,panel_4_f1_4,-0.0022070889690678237,-0.007795396325129454
1785234704,panel_4,panel_4_f1_4,-0.002011175483990513,-0.00796552635970351
1785234704,panel_4,panel_4_f1_4,-0.001661555846003648,-0.008069708018226285
1785234704,panel_4,panel_4_f1_4,-0.0013356432184167385,-0.008170032714906652
1785234704,panel_4,panel_4_f1_4,-0.0011912724417672146,-0.008332069827371525
1785234705,panel_4,panel_4_f1_4,-0.0008573109917476364,-0.008496356796311173
1785234705,panel_4,panel_4_f1_4,-0.00018727330103552955,-0.008262090313487742
1785234705,panel_4,panel_4_f1_4,0.00012700004380788803,-0.008084100035274707
1785234705,panel_4,panel_4_f1_4,0.000529567549659015,-0.008034118849748549
1785234705,panel_4,panel_4_f1_4,0.0009181231628827949,-0.007962231598754262
1785234706,panel_4,panel_4_f1_4,0.002418503983139628,-0.007392243093960572
1785234706,panel_4,panel_4_f1_4,0.0027409396714823337,-0.00708329652915991
1785234706,panel_4,panel_4_f1_4,0.0029172914014397922,-0.006959518424792409
1785234706,panel_4,panel_4_f1_4,0.002900676576775803,-0.007036928158022467
1785234706,panel_4,panel_4_f1_4,0.003237392500109466,-0.006675966951998649
1785234706,panel_4,panel_4_f1_4,0.0035036180761145123,-0.0063865518853741384
1785234706,panel_4,panel_4_f1_4,0.003486741997760835,-0.006416660218001504
1785234706,panel_4,panel_4_f1_4,0.0036287864815350646,-0.00622206878869241
1785234706,panel_4,panel_4_f1_4,0.00362349827035944,-0.00621751829421507
1785234706,panel_4,panel_4_f1_4,0.0038906469218465763,-0.005774039296071355
1785234706,panel_4,panel_4_f1_4,0.004021742000919704,-0.005504031622015805
1785234706,panel_4,panel_4_f1_4,0.004108696996793834,-0.005275790233099105
1785234706,panel_4,panel_4_f1_4,0.0042051593169008476,-0.0049230715640003935
1785234706,panel_4,panel_4_f1_4,0.004271377417092275,-0.00464682815090041
1785234706,panel_4,panel_4_f1_4,0.00429970486413294,-0.004425614151227955
1785234706,panel_4,panel_4_f1_4,0.0043299567917263835,-0.004140707502315624
1785234706,panel_4,panel_4_f1_4,0.004348380640999074,-0.003827376070269463
1785234706,panel_4,panel_4_f1_4,0.004348380640999073,-0.003827376070269463
1785234706,panel_4,panel_4_f1_4,0.004465688996198204,-0.00363585490629382
1785234706,panel_4,panel_4_f1_4,0.0043955621135140874,-0.0035327174587919397
1785234706,panel_4,panel_4_f1_4,0.00455679351440366,-0.003339630614999669
1785234706,panel_4,panel_4_f1_4,0.0047008497945329394,-0.002912159937856137
1785234707,panel_4,panel_4_f1_4,0.004493578167275826,-0.001750084083663926
1785234707,panel_4,panel_4_f1_4,0.004310283814582518,-0.0012659855051091956
1785234707,panel_4,panel_4_f1_4,0.004356954895374003,-0.00086755039563447
1785234707,panel_4,panel_4_f1_4,0.004463571534049363,-0.0006061376936743568
1785234707,panel_4,panel_4_f1_4,0.004605962454985862,-0.0005260371502889689
1785234707,panel_4,panel_4_f1_4,0.005053337580778219,-0.00029428672870256736
1785234707,panel_4,panel_4_f1_4,0.005350670290008903,0.00013180088128829584
1785234707,panel_4,panel_4_f1_4,0.005243506027751136,0.0004217146183876296
1785234707,panel_4,panel_4_f1_4,0.005248895290474212,0.0007026422891351185
1785234707,panel_4,panel_4_f1_4,0.0051281518009456415,0.0007882985199521311
1785234707,panel_4,panel_4_f1_4,0.00529633864002475,0.0011042187479111986
1785234707,panel_4,panel_4_f1_4,0.0054598102806073055,0.0014004587210044931
1785234707,panel_4,panel_4_f1_4,0.005273030781001059,0.0015691217020995462
1785234707,panel_4,panel_4_f1_4,0.005255224660998966,0.0017812844347786126
1785234707,panel_4,panel_4_f1_4,0.00527018333635459,0.001989832714439345
1785234707,panel_4,panel_4_f1_4,0.005322659038377627,0.002294087366548074
1785234707,panel_4,panel_4_f1_4,0.005456465501735574,0.002425781847255263
1785234707,panel_4,panel_4_f1_4,0.005523943868130276,0.0024474517684772695
1785234707,panel_4,panel_4_f1_4,0.0055295142236797094,0.0026314902234451875
1785234708,panel_4,panel_4_f1_4,0.005463499900028381,0.0027657057723292477
1785234708,panel_4,panel_4_f1_4,0.005437989089635671,0.002912696157535828
1785234708,panel_4,panel_4_f1_4,0.00541757402398851,0.0030520999629928512
1785234708,panel_4,panel_4_f1_4,0.005171380832834378,0.0036686254223553022
1785234708,panel_4,panel_4_f1_4,0.005066407449198207,0.003812563199395326
1785234708,panel_4,panel_4_f1_4,0.004952966913799106,0.003895234808736282
1785234708,panel_4,panel_4_f1_4,0.004898785066405687,0.004004830758184353
1785234708,panel_4,panel_4_f1_4,0.004785142453430893,0.004187447570047171
1785234708,panel_4,panel_4_f1_4,0.004726102540032349,0.004266928786749925
1785234708,panel_4,panel_4_f1_4,0.0047474185716411335,0.004318804702834478
1785234708,panel_4,panel_4_f1_4,0.00476429464999481,0.004348913035461843
1785234708,panel_4,panel_4_f1_4,0.0046451054779663575,0.004475545904647845
1785234708,panel_4,panel_4_f1_4,0.004549194840574358,0.00458596837462573
1785234708,panel_4,panel_4_f1_4,0.004451910735054588,0.004714026528844582
1785234709,panel_4,panel_4_f1_4,0.004406316458814196,0.004753155026586799
1785234709,panel_4,panel_4_f1_4,0.0042974988980564845,0.004983041117836679
1785234709,panel_4,panel_4_f1_4,0.004248715900286797,0.00514684522531929
1785234709,panel_4,panel_4_f1_4,0.004146072824576247,0.0053213336039949054
1785234709,panel_4,panel_4_f1_4,0.004102355920098702,0.005447201478494416
1785234709,panel_4,panel_4_f1_4,0.004053883702879854,0.005319992558800762
1785234709,panel_4,panel_4_f1_4,0.003988505049466502,0.005156571749931738
1785234709,panel_4,panel_4_f1_4,0.004025441478326883,0.005395940313294573
1785234709,panel_4,panel_4_f1_4,0.00396554305917331,0.00543227392658225
1785234709,panel_4,panel_4_f1_4,0.004004428854421167,0.005552202341668096
1785234709,panel_4,panel_4_f1_4,0.0039001656576730936,0.0055197465076358655
1785234709,panel_4,panel_4_f1_4,0.0037631028141912643,0.0056334927991271225
1785234709,panel_4,panel_4_f1_4,0.003751760215731288,0.0058233548637856005
1785234709,panel_4,panel_4_f1_4,0.003852957569432398,0.006179492076021651
1785234710,panel_4,panel_4_f1_4,0.002741920482836349,0.0065120631352440115
1785234710,panel_4,panel_4_f1_4,0.00266437428261154,0.006796839757315989
1785234710,panel_4,panel_4_f1_4,0.0022738040408682566,0.006943896023798505
1785234710,panel_4,panel_4_f1_4,0.0017729164421579095,0.007338962843590976
1785234710,panel_4,panel_4_f1_4,0.0015726543718012295,0.007470217810537142
1785234710,panel_4,panel_4_f1_4,0.001308384973720449,0.007585326859688761
1785234710,panel_4,panel_4_f1_4,0.0012840329239377688,0.008028793644649446
1785234710,panel_4,panel_4_f1_4,0.0008709732539411582,0.008101424740278996
1785234710,panel_4,panel_4_f1_4,0.000464612560018955,0.008184564613759313
1785234710,panel_4,panel_4_f1_4,0.0004646125600189549,0.008184564613759313
1785234710,panel_4,panel_4_f1_4,0.00015743582637960788,0.008511632463913336
1785234710,panel_4,panel_4_f1_4,-0.00019601364631461035,0.008805652945305215
1785234710,panel_4,panel_4_f1_4,-0.0006494482662989471,0.009040461971408374
1785234710,panel_4,panel_4_f1_4,-0.001067409360854795,0.009261175805998148
1785234710,panel_4,panel_4_f1_4,-0.0012505710545008698,0.009359333443124973
1785234710,panel_4,panel_4_f1_4,-0.00144921207316153,0.009414840691858774
1785234710,panel_4,panel_4_f1_4,-0.0017527020301971292,0.009642768825795102
1785234710,panel_4,panel_4_f1_4,-0.0018603407390861144,0.009672747735373858
1785234711,panel_4,panel_4_f1_4,-0.002020899456494902,0.009719717759528585
1785234711,panel_4,panel_4_f1_4,-0.0020768972828010186,0.009709687419756896
1785234711,panel_4,panel_4_f1_4,-0.001987324785231348,0.009600038185318675
1785234711,panel_4,panel_4_f1_4,-0.0019391445210377467,0.009488993305764009
1785234711,panel_4,panel_4_f1_4,-0.0018656494663128213,0.009401618311541031
1785234711,panel_4,panel_4_f1_4,-0.0017988615593531774,0.00927092874040369
1785234711,panel_4,panel_4_f1_4,-0.001733330750267072,0.009180436478033769
1785234711,panel_4,panel_4_f1_4,-0.001561478474136817,0.009025008762082381
1785234711,panel_4,panel_4_f1_4,-0.0014148011344095788,0.008909776769017531
1785234711,panel_4,panel_4_f1_4,-0.00137870230017548,0.008886778512708408
1785234711,panel_4,panel_4_f1_4,-0.0012344459157817783,0.00880332067243208
1785234711,panel_4,panel_4_f1_4,-0.0009911815122896426,0.008620962637845064
1785234711,panel_4,panel_4_f1_4,-0.0007329957670233793,0.0084611035226366
1785234711,panel_4,panel_4_f1_4,-0.0006329223799234578,0.008321178938547636
1785234711,panel_4,panel_4_f1_4,-0.000413063342309464,0.008225543413005396
1785234711,panel_4,panel_4_f1_4,-0.00020941955763829358,0.007991604458823545
1785234711,panel_4,panel_4_f1_4,3.876890642933964e-05,0.007840607027906628
1785234712,panel_4,panel_4_f1_4,0.00032951214108752194,0.007588515227155669
1785234712,panel_4,panel_4_f1_4,0.000541920156833498,0.007450730453249384
1785234712,panel_4,panel_4_f1_4,0.0006346273213091122,0.007480316220115005
1785234712,panel_4,panel_4_f1_4,0.000798473235628321,0.0075603850968359275
1785234712,panel_4,panel_4_f1_4,0.0009126420920498887,0.007418125673307875
1785234712,panel_4,panel_4_f1_4,0.0009840009790959873,0.007298617370252265
1785234712,panel_4,panel_4_f1_4,0.0010468364494134923,0.007303012051967543
1785234712,panel_4,panel_4_f1_4,0.0009898682452719933,0.007142381042207504
1785234712,panel_4,panel_4_f1_4,0.0008810263892697276,0.0068045388752458425
1785234712,panel_4,panel_4_f1_4,0.0007942410201187219,0.006683206415361608
1785234712,panel_4,panel_4_f1_4,0.0006524841800243082,0.006600691064837422
1785234712,panel_4,panel_4_f1_4,0.0005453628104285373,0.006579387574398821
1785234712,panel_4,panel_4_f1_4,0.0003655552084844444,0.006415618618699996
1785234713,panel_4,panel_4_f1_4,-0.0003125824910329564,0.0053850815694048895
1785234713,panel_4,panel_4_f1_4,-0.0004625966679356766,0.00479081864598354
1785234713,panel_4,panel_4_f1_4,-0.0006798388741491451,0.004720428826135511
1785234713,panel_4,panel_4_f1_4,-0.0008081848265081826,0.004578564082322723
1785234713,panel_4,panel_4_f1_4,-0.0009206611938451982,0.004208512608553126
1785234713,panel_4,panel_4_f1_4,-0.0011806070702724074,0.004122992147702946
1785234713,panel_4,panel_4_f1_4,-0.0014630669638292842,0.004039958412377933
1785234713,panel_4,panel_4_f1_4,-0.0017233588782389164,0.004121237731853537
1785234713,panel_4,panel_4_f1_4,-0.0015649320612921283,0.0037474825366323812
1785234713,panel_4,panel_4_f1_4,-0.0015188114711943632,0.0034409448519826993
1785234713,panel_4,panel_4_f1_4,-0.0015832795390136273,0.003184002951980234
1785234713,panel_4,panel_4_f1_4,-0.0013532955257819412,0.0029080856307219047
1785234713,panel_4,panel_4_f1_4,-0.0013570644808879539,0.00279868486691659
1785234713,panel_4,panel_4_f1_4,-0.0013485424729627333,0.0027032425079753157
1785234713,panel_4,panel_4_f1_4,-0.0012739025726082502,0.0024599617584011363
1785234713,panel_4,panel_4_f1_4,-0.0013346619517449834,0.0023752029369739896
1785234713,panel_4,panel_4_f1_4,-0.0012756233109100126,0.00224979673277172
1785234714,panel_4,panel_4_f1_4,-0.0012279336753159868,0.0021910937431938635
1785234714,panel_4,panel_4_f1_4,-0.001211320325466804,0.002151520031592809
1785234714,panel_4,panel_4_f1_4,-0.000986068907044649,0.002046202356624409
1785234714,panel_4,panel_4_f1_4,-0.0008165303639623836,0.002004591994619192
1785234714,panel_4,panel_4_f1_4,-0.0007698777355229256,0.0020526099564155786
1785234715,panel_4,panel_4_f1_4,-0.0005659753986582814,0.0021843114530270156
1785234715,panel_4,panel_4_f1_4,-0.00044574795780902304,0.002268799286019551
1785234715,panel_4,panel_4_f1_4,-0.0001750020443190877,0.002341216827731398
1785234715,panel_4,panel_4_f1_4,9.999814505659427e-05,0.002414100003837018
1785234715,panel_4,panel_4_f1_4,0.00040002874863419405,0.0024401021397291093
1785234715,panel_4,panel_4_f1_4,0.0005865155428872469,0.00250056146493931
1785234715,panel_4,panel_4_f1_4,0.0008702248090682714,0.002549255145192293
1785234715,panel_4,panel_4_f1_4,0.000670819342770327,0.002536448468626597
1785234715,panel_4,panel_4_f1_4,0.0008398906706945191,0.0025609309160355915
1785234715,panel_4,panel_4_f1_4,0.0010184229520594286,0.002568818615609218
1785234715,panel_4,panel_4_f1_4,0.0012509645027041583,0.0025868367232491953
1785234715,panel_4,panel_4_f1_4,0.0017522091682648385,0.002607020954158571
1785234715,panel_4,panel_4_f1_4,0.0020633247403958575,0.0025795083761214204
1785234715,panel_4,panel_4_f1_4,0.0025844505165368028,0.00256749741388956
1785234715,panel_4,panel_4_f1_4,0.002788935170941806,0.0024869786549372814
1785234715,panel_4,panel_4_f1_4,0.00310077590451855,0.002530088776598642
1785234715,panel_4,panel_4_f1_4,0.003576231546311223,0.0025210484552518437
1785234715,panel_4,panel_4_f1_4,0.004077779394348589,0.002415719010215412
1785234715,panel_4,panel_4_f1_4,0.004365745972615299,0.0021746808293026157
1785234715,panel_4,panel_4_f1_4,0.004421265168965939,0.0019842676662208984
1785234715,panel_4,panel_4_f1_4,0.004758670243245899,0.0018180677051478245
1785234715,panel_4,panel_4_f1_4,0.005619621334410678,0.0017149569939423689
1785234715,panel_4,panel_4_f1_4,0.0061711041178451245,0.0016793793817622762
1785234716,panel_4,panel_4_f1_4,0.008577439783854059,0.0015460072770759766
1785234716,panel_4,panel_4_f1_4,0.00870671271874944,0.001464124979755668
1785234716,panel_4,panel_4_f1_4,0.008966762100839304,0.00141363624408474
1785234716,panel_4,panel_4_f1_4,0.009249729891839252,0.0012817505230258619
1785234716,panel_4,panel_4_f1_4,0.009796997088164788,0.001202864824251119
1785234716,panel_4,panel_4_f1_4,0.010264699883706613,0.00117046225706812
1785234716,panel_4,panel_4_f1_4,0.010444668674773816,0.0012215712124053555
1785234716,panel_4,panel_4_f1_4,0.010672747727553222,0.0012148799821400475
1785234716,panel_4,panel_4_f1_4,0.011143454649053806,0.0012515491310645765
1785234716,panel_4,panel_4_f1_4,0.01122395399580719,0.0013014304697284923
1785234716,panel_4,panel_4_f1_4,0.011415003648889475,0.0013555071547778623
1785234716,panel_4,panel_4_f1_4,0.01158382377209036,0.0014360633973187044
1785234716,panel_4,panel_4_f1_4,0.01186988073518095,0.0015538083357440583
1785234716,panel_4,panel_4_f1_4,0.012022661406123765,0.001583829192218468
1785234716,panel_4,panel_4_f1_4,0.01213710983506308,0.0017430712820191948
1785234716,panel_4,panel_4_f1_4,0.012152891847897281,0.0019269296110823054
1785234716,panel_4,panel_4_f1_4,0.012119534418905918,0.002030447453875753
1785234716,panel_4,panel_4_f1_4,0.011998626399938372,0.0021163658064717815
1785234717,panel_4,panel_4_f1_4,0.01173412389760598,0.0024191842530249053
1785234717,panel_4,panel_4_f1_4,0.011588376561719708,0.0026581275435164555
1785234717,panel_4,panel_4_f1_4,0.011482453888272338,0.002753465762315511
1785234717,panel_4,panel_4_f1_4,0.011205837260058981,0.0030279070489955566
1785234717,panel_4,panel_4_f1_4,0.01084843441112493,0.0032252214345940017
1785234717,panel_4,panel_4_f1_4,0.009379739311061383,0.0036950838284683565
1785234717,panel_4,panel_4_f1_4,0.0090113020998154,0.0037761462690490953
1785234717,panel_4,panel_4_f1_4,0.008647278154104276,0.0037376754292019897
1785234717,panel_4,panel_4_f1_4,0.008218631199881758,0.0038085980368120042
1785234717,panel_4,panel_4_f1_4,0.008181531429340949,0.003928975144434854
1785234717,panel_4,panel_4_f1_4,0.0077504200898594255,0.00412822290483848
1785234717,panel_4,panel_4_f1_4,0.007370361495650024,0.004623036427378425
1785234717,panel_4,panel_4_f1_4,0.007070961542505562,0.004803058743366426
1785234717,panel_4,panel_4_f1_4,0.006436334852116237,0.00483298656767343
1785234717,panel_4,panel_4_f1_4,0.006071783957145096,0.0050543683898975214
1785234718,panel_4,panel_4_f1_4,0.005421889357912495,0.004958032877921672
1785234718,panel_4,panel_4_f1_4,0.005295225059947844,0.0051983197125404805
1785234718,panel_4,panel_4_f1_4,0.005085363655932169,0.005278550470972531
1785234718,panel_4,panel_4_f1_4,0.004844484910034299,0.005450653700892937
1785234718,panel_4,panel_4_f1_4,0.004849463809927389,0.005792294743662818
1785234718,panel_4,panel_4_f1_4,0.0049283448592639814,0.0059854322224438036
1785234718,panel_4,panel_4_f1_4,0.005288191322900062,0.00620153607209034
1785234718,panel_4,panel_4_f1_4,0.005645326469039583,0.006504942382335193
1785234718,panel_4,panel_4_f1_4,0.005515922567648084,0.006721837027169137
1785234718,panel_4,panel_4_f1_4,0.005403850806715629,0.0068381056709430395
1785234718,panel_4,panel_4_f1_4,0.004746729359613545,0.006750107321670296
1785234718,panel_4,panel_4_f1_4,0.004906217225469633,0.0068693101695884
1785234719,panel_4,panel_4_f1_4,0.004449301261503608,0.006916300773251565
1785234719,panel_4,panel_4_f1_4,0.004723813719525156,0.0069763948476512065
1785234719,panel_4,panel_4_f1_4,0.004711702117260898,0.006966651399727161
1785234719,panel_4,panel_4_f1_4,0.004788031711266633,0.00696278908310447
1785234719,panel_4,panel_4_f1_4,0.004800460769724731,0.0069366774933467155
1785234719,panel_4,panel_4_f1_4,0.0047203811475366305,0.006909374759673969
1785234719,panel_4,panel_4_f1_4,0.004642671767545351,0.006837089666447236
1785234719,panel_4,panel_4_f1_4,0.004794808111652789,0.0068009113166337
1785234719,panel_4,panel_4_f1_4,0.004820786043295147,0.0067386726088043015
1785234719,panel_4,panel_4_f1_4,0.004933371797837185,0.006653685005143078
1785234719,panel_4,panel_4_f1_4,0.005067873425094049,0.006536185980607011
1785234719,panel_4,panel_4_f1_4,0.00520110738432265,0.006508339914472066
1785234719,panel_4,panel_4_f1_4,0.0052935036235783025,0.006359660814301425
1785234719,panel_4,panel_4_f1_4,0.005344959265187362,0.006163066008171573
1785234719,panel_4,panel_4_f1_4,0.00536329310306309,0.006069861604198065
1785234719,panel_4,panel_4_f1_4,0.0053497778749064485,0.006037291857570853
1785234719,panel_4,panel_4_f1_4,0.005487672679981569,0.005776681089434282
1785234720,panel_4,panel_4_f1_4,0.005510756271122413,0.0054624866924397756
1785234720,panel_4,panel_4_f1_4,0.00550105545449944,0.005351266710593158
1785234720,panel_4,panel_4_f1_4,0.005432413845171349,0.005006270339390181
1785234720,panel_4,panel_4_f1_4,0.005268400282820332,0.004742124864648661
1785234720,panel_4,panel_4_f1_4,0.005064066791900187,0.0044716183698757135
1785234720,panel_4,panel_4_f1_4,0.0047833863838333615,0.004270463466683468
1785234721,panel_4,panel_4_f1_4,0.003252675181648564,0.003414015961915811
1785234721,panel_4,panel_4_f1_4,0.0031342116438050588,0.0031417194614630018
1785234721,panel_4,panel_4_f1_4,0.002204771761483462,0.002482515446735247
1785234721,panel_4,panel_4_f1_4,0.0015953076642039926,0.002192157891051566
1785234721,panel_4,panel_4_f1_4,0.0013437657707707899,0.002039941425191477
1785234721,panel_4,panel_4_f1_4,0.0009552724947549926,0.0017215690029037745
1785234721,panel_4,panel_4_f1_4,0.0004581453750573628,0.0016773549055520106
1785234721,panel_4,panel_4_f1_4,-0.00030410122799526566,0.0013422494230890855
1785234721,panel_4,panel_4_f1_4,-0.0009442669823827374,0.001172472923992168
1785234721,panel_4,panel_4_f1_4,-0.0014909291521124496,0.0009089827435464834
1785234721,panel_4,panel_4_f1_4,-0.0020016421577613115,0.0005010157995917659
1785234721,panel_4,panel_4_f1_4,-0.003002009427588952,0.0002217549326472789
1785234721,panel_4,panel_4_f1_4,-0.003675323953429972,-1.7142704204497005e-05
1785234721,panel_4,panel_4_f1_4,-0.005114439085905111,-0.00040106363106891496
1785234721,panel_4,panel_4_f1_4,-0.00650996779713578,-0.0007501392251401915
1785234721,panel_4,panel_4_f1_4,-0.007690638275641282,-0.000962815075273968
1785234721,panel_4,panel_4_f1_4,-0.008055774017625921,-0.000975339034285359
1785234721,panel_4,panel_4_f1_4,-0.009340583694061452,-0.0011488471462614528
1785234721,panel_4,panel_4_f1_4,-0.010107186325597557,-0.0011695763524535348
1785234721,panel_4,panel_4_f1_4,-0.01131253749140516,-0.0013081894233896963
1785234721,panel_4,panel_4_f1_4,-0.011466163395625005,-0.0013578943735192291
1785234722,panel_4,panel_4_f1_4,-0.01703046045554092,-0.0017727816357594663
1785234722,panel_4,panel_4_f1_4,-0.01703046045554092,-0.0017727816357594663
1785234722,panel_4,panel_4_f1_4,-0.017725278476798802,-0.0018316660820369814
1785234722,panel_4,panel_4_f1_4,-0.018283059258621236,-0.0018743986747755525
1785234722,panel_4,panel_4_f1_4,-0.018992899805189433,-0.0019416812458135698
1785234722,panel_4,panel_4_f1_4,-0.019831427875791934,-0.002019002487778591
1785234722,panel_4,panel_4_f1_4,-0.020301334962519766,-0.002042650414040532
1785234722,panel_4,panel_4_f1_4,-0.020434568921748365,-0.002014804347905587
1785234722,panel_4,panel_4_f1_4,-0.02079572908623711,-0.002018265663229322
1785234722,panel_4,panel_4_f1_4,-0.021328457838225193,-0.0020615599709965945
1785234722,panel_4,panel_4_f1_4,-0.021330047596958744,-0.0020322996982154776
1785234722,panel_4,panel_4_f1_4,-0.02178969199668304,-0.002126186621523356
1785234722,panel_4,panel_4_f1_4,-0.02203622564101247,-0.002202949514543103
1785234722,panel_4,panel_4_f1_4,-0.022315609201348296,-0.0022797394685836435
1785234722,panel_4,panel_4_f1_4,-0.022642202935868484,-0.002411400221487357
1785234722,panel_4,panel_4_f1_4,-0.022552948668947245,-0.002403069652107601
1785234722,panel_4,panel_4_f1_4,-0.02262480434723746,-0.002499782148507117
1785234722,panel_4,panel_4_f1_4,-0.022277413779283033,-0.0024184858784818317
1785234723,panel_4,panel_4_f1_4,-0.022068209184975093,-0.0024225406373478663
1785234723,panel_4,panel_4_f1_4,-0.022159938924870958,-0.0025611563681562878
1785234723,panel_4,panel_4_f1_4,-0.022120600821346873,-0.0027119562836463483
1785234723,panel_4,panel_4_f1_4,-0.021904442131838744,-0.0028654098238292624
1785234723,panel_4,panel_4_f1_4,-0.02210650085363082,-0.003173161694391021
1785234724,panel_4,panel_4_f1_4,-0.02052621814915172,-0.003959058727786599
1785234724,panel_4,panel_4_f1_4,-0.02010549481297257,-0.004048429917362056
1785234724,panel_4,panel_4_f1_4,-0.019591198992506945,-0.004132685320802414
1785234724,panel_4,panel_4_f1_4,-0.01915357382330065,-0.0043228915193486055
1785234724,panel_4,panel_4_f1_4,-0.01898287687420663,-0.004600048946116578
1785234724,panel_4,panel_4_f1_4,-0.019024420431822637,-0.004730308778833532
1785234724,panel_4,panel_4_f1_4,-0.018377277832189527,-0.004801136106683859
1785234724,panel_4,panel_4_f1_4,-0.018096609399865668,-0.005013989075638949
1785234724,panel_4,panel_4_f1_4,-0.017259096901699314,-0.005180007669179172
1785234724,panel_4,panel_4_f1_4,-0.016465452653680077,-0.005142984556552655
1785234724,panel_4,panel_4_f1_4,-0.015621259357402788,-0.005193345607127347
1785234724,panel_4,panel_4_f1_4,-0.015134527082020267,-0.005337809642760225
1785234724,panel_4,panel_4_f1_4,-0.014028211207846641,-0.0054308976567855735
1785234724,panel_4,panel_4_f1_4,-0.013082142625766562,-0.005478297791197109
1785234724,panel_4,panel_4_f1_4,-0.011921095413415286,-0.0055081735321089766
1785234724,panel_4,panel_4_f1_4,-0.011576584625809112,-0.005536489644140269
1785234724,panel_4,panel_4_f1_4,-0.009650452185667142,-0.005479537833683759
1785234724,panel_4,panel_4_f1_4,-0.008340333275932294,-0.00540470397690473
1785234724,panel_4,panel_4_f1_4,-0.007545712580568501,-0.005372107900360201
1785234724,panel_4,panel_4_f1_4,-0.006856371310508372,-0.005316911526684718
1785234725,panel_4,panel_4_f1_4,-0.004783712657063545,-0.004886965130727467
1785234725,panel_4,panel_4_f1_4,-0.0036529480767469634,-0.004641651673168875
1785234725,panel_4,panel_4_f1_4,-0.0028380035038037483,-0.0044145927903633
1785234725,panel_4,panel_4_f1_4,-0.0017379012325906904,-0.004134998993806683
1785234725,panel_4,panel_4_f1_4,-0.0007828786410528587,-0.003917110731839966
1785234725,panel_4,panel_4_f1_4,-0.0002830367591659502,-0.0037621105970753414
1785234725,panel_4,panel_4_f1_4,9.571225264608515e-05,-0.003554757221632049
1785234725,panel_4,panel_4_f1_4,0.0005559943180917573,-0.0033935103109063035
1785234725,panel_4,panel_4_f1_4,0.0014774684330917116,-0.0030367276001478285
1785234725,panel_4,panel_4_f1_4,0.0014774684330917116,-0.0030367276001478285
1785234725,panel_4,panel_4_f1_4,0.0023245225327642436,-0.0026632744222955533
1785234725,panel_4,panel_4_f1_4,0.002901558500339864,-0.0023559579766255214
1785234725,panel_4,panel_4_f1_4,0.003475811061763355,-0.002081480386523763
1785234725,panel_4,panel_4_f1_4,0.0040811530916439855,-0.0017493390845828476
1785234725,panel_4,panel_4_f1_4,0.004455771814962386,-0.0014960526315703673
1785234725,panel_4,panel_4_f1_4,0.00489864038541571,-0.0012470836504841617
1785234725,panel_4,panel_4_f1_4,0.0049514078739157944,-0.001189540193250249
1785234725,panel_4,panel_4_f1_4,0.005188753637918386,-0.0009982253900194958
1785234725,panel_4,panel_4_f1_4,0.005502817414102162,-0.0008160091694453059
1785234726,panel_4,panel_4_f1_4,0.00584560013138532,-0.0005611173349905867
1785234726,panel_4,panel_4_f1_4,0.006196964292486109,-0.00029168898614676165
1785234726,panel_4,panel_4_f1_4,0.006582303572055432,7.54509426992532e-05
1785234726,panel_4,panel_4_f1_4,0.006644561366129849,0.00020710071878927186
1785234726,panel_4,panel_4_f1_4,0.006928027464071063,0.00046663913747640664
1785234726,panel_4,panel_4_f1_4,0.00692697247791783,0.000741523135829088
1785234726,panel_4,panel_4_f1_4,0.007052078031086358,0.000901817222385045
1785234726,panel_4,panel_4_f1_4,0.007164751956392862,0.0010657940178728403
1785234726,panel_4,panel_4_f1_4,0.007106184797405264,0.0011535727715352858
1785234726,panel_4,panel_4_f1_4,0.0069100591911874,0.0011936780530347555
1785234726,panel_4,panel_4_f1_4,0.007010620446807506,0.001430319870584452
1785234726,panel_4,panel_4_f1_4,0.006853926605105801,0.001639256763505938
1785234726,panel_4,panel_4_f1_4,0.006620540797938704,0.001683650450130546
1785234726,panel_4,panel_4_f1_4,0.006257017260147977,0.001700526683356879
1785234726,panel_4,panel_4_f1_4,0.006142455978643052,0.0019016732726345883
1785234726,panel_4,panel_4_f1_4,0.005906297920245895,0.0020711139596457117
1785234727,panel_4,panel_4_f1_4,0.005906297920245893,0.002071113959645712
1785234727,panel_4,panel_4_f1_4,0.005595470341919251,0.0021163745908872366
1785234727,panel_4,panel_4_f1_4,0.005190522213840758,0.0022517029148564714
1785234727,panel_4,panel_4_f1_4,0.0048599952540584876,0.00236952690792602
1785234727,panel_4,panel_4_f1_4,0.00452771897642544,0.002442108251283719
1785234727,panel_4,panel_4_f1_4,0.003978485451329111,0.0025207294748072523
1785234727,panel_4,panel_4_f1_4,0.0036339746637229363,0.0025490455868385454
1785234727,panel_4,panel_4_f1_4,0.002974307340946223,0.0025545546260256234
1785234727,panel_4,panel_4_f1_4,0.0023483958027052864,0.0025385604231377775
1785234727,panel_4,panel_4_f1_4,0.0023483958027052864,0.0025385604231377775
1785234727,panel_4,panel_4_f1_4,0.0019264641787552761,0.002519522941604417
1785234727,panel_4,panel_4_f1_4,0.0015488614131376123,0.0024579714678385775
1785234727,panel_4,panel_4_f1_4,0.0010281257567020241,0.002312688434061593
1785234728,panel_4,panel_4_f1_4,-0.001538508679176829,0.0013669513551989455
1785234728,panel_4,panel_4_f1_4,-0.0018770327557945362,0.0011920368662212677
1785234728,panel_4,panel_4_f1_4,-0.002136147085199097,0.001035256354372339
1785234728,panel_4,panel_4_f1_4,-0.002555706960847446,0.0007703529755188348
1785234728,panel_4,panel_4_f1_4,-0.002786295586567183,0.0005999011009875483
1785234728,panel_4,panel_4_f1_4,-0.0032774996699048526,0.00022465315870059843
1785234728,panel_4,panel_4_f1_4,-0.003317641656467692,0.0001519596284050272
1785234728,panel_4,panel_4_f1_4,-0.003727682834316697,-0.00015598038295667576
1785234728,panel_4,panel_4_f1_4,-0.00405818515756289,-0.0003865339356069611
1785234728,panel_4,panel_4_f1_4,-0.0042703246401156305,-0.0005705955835545311
1785234728,panel_4,panel_4_f1_4,-0.004624218459140876,-0.0009426148823200122
1785234728,panel_4,panel_4_f1_4,-0.004964311483956219,-0.0012698261103480234
1785234728,panel_4,panel_4_f1_4,-0.005153662517020329,-0.0014548880535369246
1785234728,panel_4,panel_4_f1_4,-0.005270060106814274,-0.0015676894525054645
1785234728,panel_4,panel_4_f1_4,-0.005434235423815271,-0.001739796464432602
1785234728,panel_4,panel_4_f1_4,-0.005608530300033584,-0.001861119446295472
1785234728,panel_4,panel_4_f1_4,-0.005616470138889984,-0.0018975517596610814
1785234728,panel_4,panel_4_f1_4,-0.005787683235332031,-0.0020175625618961824
1785234728,panel_4,panel_4_f1_4,-0.005723910187573717,-0.002037226748812854
1785234729,panel_4,panel_4_f1_4,-0.005842056425735236,-0.002124010132029934
1785234729,panel_4,panel_4_f1_4,-0.0059436733444321035,-0.002161017364637677
1785234729,panel_4,panel_4_f1_4,-0.0059287595294687636,-0.002167816791808111
1785234729,panel_4,panel_4_f1_4,-0.006011811858031978,-0.0021924275116702724
1785234729,panel_4,panel_4_f1_4,-0.0060640155745260394,-0.0022027805895487884
1785234729,panel_4,panel_4_f1_4,-0.007017663777451727,-0.002434956501908346
1785234729,panel_4,panel_4_f1_4,-0.00675312901065257,-0.0023397920699721876
1785234729,panel_4,panel_4_f1_4,-0.006965680016352084,-0.0023858091409943603
1785234729,panel_4,panel_4_f1_4,-0.006961538834359195,-0.002349200348220832
1785234729,panel_4,panel_4_f1_4,-0.007167805727476015,-0.002351609759081633
1785234729,panel_4,panel_4_f1_4,-0.007048849469340671,-0.0022870979577608885
1785234729,panel_4,panel_4_f1_4,-0.007446123113619083,-0.0023230323149766004
1785234729,panel_4,panel_4_f1_4,-0.007699225685944049,-0.0023239013875946163
1785234729,panel_4,panel_4_f1_4,-0.008418254394924461,-0.002374349037628001
1785234729,panel_4,panel_4_f1_4,-0.008587929325344959,-0.0023575299967437875
1785234729,panel_4,panel_4_f1_4,-0.0088532426299781,-0.0023514498447686355
1785234730,panel_4,panel_4_f1_4,-0.008695977334936579,-0.0023483350363662234
1785234730,panel_4,panel_4_f1_4,-0.008768811733080311,-0.00235667232681629
1785234730,panel_4,panel_4_f1_4,-0.008786954077881683,-0.002384502883756783
1785234730,panel_4,panel_4_f1_4,-0.008786954077881683,-0.002384502883756783
1785234730,panel_4,panel_4_f1_4,-0.00923215853151471,-0.002404041737965813
1785234730,panel_4,panel_4_f1_4,-0.009553034326844637,-0.002428218784151717
1785234730,panel_4,panel_4_f1_4,-0.009792478868611194,-0.002426286138773401
1785234730,panel_4,panel_4_f1_4,-0.009857907508390407,-0.002436514459152038
1785234730,panel_4,panel_4_f1_4,-0.010312075211129208,-0.0024271188532694575
1785234730,panel_4,panel_4_f1_4,-0.010579813899012986,-0.002421763925531355
1785234730,panel_4,panel_4_f1_4,-0.010432154176969813,-0.0024051343024445496
1785234730,panel_4,panel_4_f1_4,-0.010242574232023955,-0.002358805042943104
1785234730,panel_4,panel_4_f1_4,-0.010362435646777832,-0.002322693027926297
1785234731,panel_4,panel_4_f1_4,-0.011444244954703442,-0.001876261024465876
1785234731,panel_4,panel_4_f1_4,-0.011536143982359718,-0.0017771604306707875
1785234731,panel_4,panel_4_f1_4,-0.01156219597508164,-0.0016998024840340208
1785234731,panel_4,panel_4_f1_4,-0.011615608430061805,-0.001667080524438362
1785234731,panel_4,panel_4_f1_4,-0.01158456533283881,-0.0015675889176316698
1785234731,panel_4,panel_4_f1_4,-0.011427052026482677,-0.0013219720990574383
1785234731,panel_4,panel_4_f1_4,-0.011294122584805015,-0.0011726645982195023
1785234731,panel_4,panel_4_f1_4,-0.011048831896512144,-0.0010000773897981931
1785234731,panel_4,panel_4_f1_4,-0.010904929110428715,-0.0009168809136168402
1785234731,panel_4,panel_4_f1_4,-0.010585020999920392,-0.0007822968685800768
1785234731,panel_4,panel_4_f1_4,-0.009993513750466011,-0.0005498095393340858
1785234731,panel_4,panel_4_f1_4,-0.00983513037143657,-0.0005128298049213256
1785234731,panel_4,panel_4_f1_4,-0.009186732997481264,-0.0003093466418012785
1785234731,panel_4,panel_4_f1_4,-0.008701692660637847,-0.0002071192899551834
1785234731,panel_4,panel_4_f1_4,-0.007943292493475569,7.329371459047044e-07
1785234731,panel_4,panel_4_f1_4,-0.007213171255484813,0.00017516549905253172
1785234731,panel_4,panel_4_f1_4,-0.007069487660004958,0.00022183753337218532
1785234731,panel_4,panel_4_f1_4,-0.006902439657377519,0.000269866668842104
1785234732,panel_4,panel_4_f1_4,-0.006407633619548923,0.0003903616886319146
1785234732,panel_4,panel_4_f1_4,-0.005353015965130935,0.0006525294760591023
1785234732,panel_4,panel_4_f1_4,-0.00475986543404793,0.0007996059033764701
1785234732,panel_4,panel_4_f1_4,-0.0039010921761154314,0.0010109022426847583
1785234733,panel_4,panel_4_f1_4,-0.00046712682259287126,0.001845904890357622
1785234733,panel_4,panel_4_f1_4,0.00047068835874411035,0.0020758596018374325
1785234733,panel_4,panel_4_f1_4,0.0010153229144085271,0.0021462941259357657
1785234733,panel_4,panel_4_f1_4,0.00213801025756333,0.002387245099009621
1785234733,panel_4,panel_4_f1_4,0.0037432602714866283,0.002719956454887212
1785234733,panel_4,panel_4_f1_4,0.0051099862925359655,0.003048322040325938
1785234733,panel_4,panel_4_f1_4,0.006228426525248073,0.003261807894528969
1785234733,panel_4,panel_4_f1_4,0.00666723847380522,0.003409836064808015
1785234733,panel_4,panel_4_f1_4,0.007291735766418209,0.0035631039825093098
1785234733,panel_4,panel_4_f1_4,0.00801752473788568,0.0037336027851322838
1785234733,panel_4,panel_4_f1_4,0.008274274829031467,0.0038345930550624757
1785234733,panel_4,panel_4_f1_4,0.00886209182961635,0.003834747416604425
1785234733,panel_4,panel_4_f1_4,0.009843398460405215,0.0040037937308919505
1785234733,panel_4,panel_4_f1_4,0.01048879581284049,0.004159934812794752
1785234733,panel_4,panel_4_f1_4,0.010777439381972353,0.004155856638391429
1785234733,panel_4,panel_4_f1_4,0.011539451843658413,0.004216192918161009
1785234733,panel_4,panel_4_f1_4,0.011987713470539405,0.004270586818901355
1785234733,panel_4,panel_4_f1_4,0.012158947825428612,0.0043227694754022486
1785234733,panel_4,panel_4_f1_4,0.012437714014134545,0.004398041766030836
1785234733,panel_4,panel_4_f1_4,0.012919834478447897,0.004466728688900724
1785234733,panel_4,panel_4_f1_4,0.013438258783174013,0.0044845126641403854
1785234733,panel_4,panel_4_f1_4,0.01374284337620496,0.0044997374292150925
1785234733,panel_4,panel_4_f1_4,0.014043822619383807,0.004485463054532597
1785234734,panel_4,panel_4_f1_4,0.014699026223644334,0.004525553083805092
1785234734,panel_4,panel_4_f1_4,0.014930790709674593,0.004522057513553295
1785234734,panel_4,panel_4_f1_4,0.015189307286601948,0.004522376812733406
1785234734,panel_4,panel_4_f1_4,0.01542095951426339,0.004537361755694837
1785234734,panel_4,panel_4_f1_4,0.015563287786065446,0.004517043078171549
1785234734,panel_4,panel_4_f1_4,0.01557217891505296,0.0044791765897541636
1785234734,panel_4,panel_4_f1_4,0.01563241701606153,0.004440099040518222
1785234734,panel_4,panel_4_f1_4,0.015671153267614597,0.0044417287561576094
1785234734,panel_4,panel_4_f1_4,0.01557871784023314,0.004384937951025363
1785234734,panel_4,panel_4_f1_4,0.015498445155443574,0.0043569994165786365
1785234734,panel_4,panel_4_f1_4,0.01534558899372572,0.004286667795050992
1785234734,panel_4,panel_4_f1_4,0.015019238443613206,0.004175941168346746
1785234734,panel_4,panel_4_f1_4,0.014960665254589334,0.004143510734677103
1785234734,panel_4,panel_4_f1_4,0.01454447249445606,0.004047496366910224
1785234734,panel_4,panel_4_f1_4,0.014107144982097372,0.003952591751144434
1785234734,panel_4,panel_4_f1_4,0.013653044334335993,0.003862716289009455
1785234734,panel_4,panel_4_f1_4,0.01306210902180991,0.0037443916861905333
1785234734,panel_4,panel_4_f1_4,0.013085359715510279,0.0037635336047116426
1785234734,panel_4,panel_4_f1_4,0.013101162563757016,0.0038310983616676986
1785234734,panel_4,panel_4_f1_4,0.012753684536254781,0.0038304933011144493
1785234734,panel_4,panel_4_f1_4,0.012099889854688467,0.0036745860873034653
1785234734,panel_4,panel_4_f1_4,0.011721431915632723,0.0036212978427809413
1785234735,panel_4,panel_4_f1_4,0.011331753071616586,0.0036269965475002348
1785234735,panel_4,panel_4_f1_4,0.010957214513311274,0.003661727394651646
1785234735,panel_4,panel_4_f1_4,0.010282698571910413,0.003625936818666815
1785234735,panel_4,panel_4_f1_4,0.009724674256205901,0.0036038080131855542
1785234735,panel_4,panel_4_f1_4,0.008998752147619592,0.0034630942257679862
1785234735,panel_4,panel_4_f1_4,0.007892689287551937,0.003335812761804403
1785234735,panel_4,panel_4_f1_4,0.0070824808970982814,0.003140392490587102
1785234735,panel_4,panel_4_f1_4,0.006161911290703628,0.0028333262672124815
1785234735,panel_4,panel_4_f1_4,0.005705313768224155,0.0027791842588136
1785234735,panel_4,panel_4_f1_4,0.005334998077196027,0.002724481495623003
1785234735,panel_4,panel_4_f1_4,0.005001649426091251,0.0026754970037895193
1785234735,panel_4,panel_4_f1_4,0.0046781638240666066,0.0027229286833450306
1785234735,panel_4,panel_4_f1_4,0.00442141373292082,0.0026219384134148383
1785234735,panel_4,panel_4_f1_4,0.004518090704989265,0.0028407486546274396
1785234735,panel_4,panel_4_f1_4,0.004123606300660723,0.002770064152329848
1785234735,panel_4,panel_4_f1_4,0.003807485805403012,0.0028534259573991553
1785234736,panel_4,panel_4_f1_4,0.003897632695800737,0.003106217852399177
1785234736,panel_4,panel_4_f1_4,0.0037514404509833466,0.0031782956350998597
1785234736,panel_4,panel_4_f1_4,0.003570917511986135,0.0031185468066214123
1785234736,panel_4,panel_4_f1_4,0.00344655055155538,0.003184873269884336
1785234736,panel_4,panel_4_f1_4,0.003226054285576013,0.003264843154841181
1785234736,panel_4,panel_4_f1_4,0.002994383116055018,0.0033510099520764635
1785234736,panel_4,panel_4_f1_4,0.002927841769946605,0.0034870124889561597
1785234736,panel_4,panel_4_f1_4,0.0029812937039991206,0.00381214068160524
1785234736,panel_4,panel_4_f1_4,0.0030681196195801487,0.003990742729417415
1785234736,panel_4,panel_4_f1_4,0.0030347982953015736,0.004272253309740511
1785234736,panel_4,panel_4_f1_4,0.0030218300419082235,0.004397140667290165
1785234736,panel_4,panel_4_f1_4,0.003172068323154251,0.004716561275299561
1785234736,panel_4,panel_4_f1_4,0.00304559276044601,0.004689834912619933
1785234736,panel_4,panel_4_f1_4,0.0029881190305255773,0.004808420006049376
1785234737,panel_4,panel_4_f1_4,0.003372666750035375,0.005361063287578135
1785234737,panel_4,panel_4_f1_4,0.0034618471515423903,0.005540205291139194
1785234737,panel_4,panel_4_f1_4,0.0037507518931993306,0.005864454667919824
1785234737,panel_4,panel_4_f1_4,0.0040094036981045186,0.006143518719055532
1785234737,panel_4,panel_4_f1_4,0.00433419109586851,0.006444152903315276
1785234737,panel_4,panel_4_f1_4,0.004733195460005542,0.006859431559340687
1785234737,panel_4,panel_4_f1_4,0.00496303526842072,0.0071304266053642375
1785234737,panel_4,panel_4_f1_4,0.0051722296602416985,0.007382399940555697
1785234737,panel_4,panel_4_f1_4,0.005123002700294401,0.007377724301180288
1785234737,panel_4,panel_4_f1_4,0.0052258777978886894,0.007479846634910554
1785234737,panel_4,panel_4_f1_4,0.0053647806493464035,0.007602106247598525
1785234737,panel_4,panel_4_f1_4,0.0055509266477242036,0.007708814771571129
1785234737,panel_4,panel_4_f1_4,0.005727980210821795,0.007788077731677967
1785234737,panel_4,panel_4_f1_4,0.005904411435658749,0.007783626129652726
1785234737,panel_4,panel_4_f1_4,0.0060642544374052264,0.007719404127908934
1785234737,panel_4,panel_4_f1_4,0.00619185938346134,0.007711245323347926
1785234737,panel_4,panel_4_f1_4,0.006306358408150341,0.007632557603506421
1785234737,panel_4,panel_4_f1_4,0.006307309187809801,0.007531342483378315
1785234737,panel_4,panel_4_f1_4,0.0063381388265583,0.007326794850132263
1785234737,panel_4,panel_4_f1_4,0.00630735648125919,0.007182568388689321
1785234738,panel_4,panel_4_f1_4,0.00623578111513257,0.007001157494264994
1785234738,panel_4,panel_4_f1_4,0.006204280699847291,0.006936571685334097
1785234738,panel_4,panel_4_f1_4,0.0059827476522735954,0.006770561327834025
1785234738,panel_4,panel_4_f1_4,0.005835108016567809,0.0066532685221935405
1785234738,panel_4,panel_4_f1_4,0.0057633154079678615,0.006567349864992743
1785234738,panel_4,panel_4_f1_4,0.0046178578890489095,0.006068406113091475
1785234738,panel_4,panel_4_f1_4,0.004170089915301571,0.005907452291804183
1785234738,panel_4,panel_4_f1_4,0.0033858191817711584,0.005602913288320003
1785234738,panel_4,panel_4_f1_4,0.0026594764674131265,0.005529508305974963
1785234738,panel_4,panel_4_f1_4,0.002025073302839178,0.005277262939323899
1785234738,panel_4,panel_4_f1_4,0.0017368926075587345,0.0051681318678400145
1785234738,panel_4,panel_4_f1_4,0.0013352952236248162,0.0049209566874506535
1785234738,panel_4,panel_4_f1_4,0.000993481416491933,0.004672717499568403
1785234738,panel_4,panel_4_f1_4,0.000624525940913555,0.004543209643678735
1785234738,panel_4,panel_4_f1_4,0.0003762223693298171,0.004563188759811497
1785234738,panel_4,panel_4_f1_4,3.831132271418503e-05,0.004482745778279942
1785234739,panel_4,panel_4_f1_4,-0.00023874676291066126,0.004368907709464578
1785234739,panel_4,panel_4_f1_4,-0.00030067505296878553,0.004208106444754831
1785234739,panel_4,panel_4_f1_4,-0.0005806810022184161,0.004089583113607426
1785234739,panel_4,panel_4_f1_4,-0.0009767847233560507,0.0038163457116810132
1785234739,panel_4,panel_4_f1_4,-0.0012814316768854977,0.0037213074195019398
1785234739,panel_4,panel_4_f1_4,-0.0020534326014529226,0.0036727046935967618
1785234739,panel_4,panel_4_f1_4,-0.002529329272213529,0.0037230819296529137
1785234739,panel_4,panel_4_f1_4,-0.003088057324685901,0.0035716017687924817
1785234739,panel_4,panel_4_f1_4,-0.0034457191324017322,0.00378044348041026
1785234739,panel_4,panel_4_f1_4,-0.0039010541247975834,0.003840072571339247
1785234739,panel_4,panel_4_f1_4,-0.004177264427959344,0.0037340464641690096
1785234739,panel_4,panel_4_f1_4,-0.004499829893944914,0.00335768014963021
1785234740,panel_4,panel_4_f1_4,-0.0074620650966709225,0.0021923654771952867
1785234740,panel_4,panel_4_f1_4,-0.007528716513909156,0.0023315757885733874
1785234740,panel_4,panel_4_f1_4,-0.007710011460128388,0.0022742810784727257
1785234740,panel_4,panel_4_f1_4,-0.007930537923893293,0.0021272552409558215
1785234740,panel_4,panel_4_f1_4,-0.0081542529290389,0.002001445990503257
1785234740,panel_4,panel_4_f1_4,-0.008388740645157843,0.001931524960361332
1785234740,panel_4,panel_4_f1_4,-0.008580974718241539,0.0018684118054305156
1785234740,panel_4,panel_4_f1_4,-0.008804710217371005,0.0018807140588844016
1785234740,panel_4,panel_4_f1_4,-0.00896624683039777,0.0018961293531084646
1785234740,panel_4,panel_4_f1_4,-0.009111723057677603,0.001935730008317763
1785234740,panel_4,panel_4_f1_4,-0.00914760658786709,0.001924916238663018
1785234740,panel_4,panel_4_f1_4,-0.009239846070015387,0.0019791090303433708
1785234740,panel_4,panel_4_f1_4,-0.009341738519013449,0.001912387580297166
1785234740,panel_4,panel_4_f1_4,-0.009454013883039332,0.0018612294015323348
1785234740,panel_4,panel_4_f1_4,-0.009523771382669783,0.0018023507775580348
1785234740,panel_4,panel_4_f1_4,-0.009516443523208486,0.0017437424847409372
1785234740,panel_4,panel_4_f1_4,-0.009433881097237765,0.0017763449488896088
1785234741,panel_4,panel_4_f1_4,-0.009528234542663489,0.0016912036503539186
1785234741,panel_4,panel_4_f1_4,-0.009544387451871228,0.0015546016273043112
1785234741,panel_4,panel_4_f1_4,-0.009262275354825197,0.0015389228946388624
1785234741,panel_4,panel_4_f1_4,-0.009185563193084965,0.001263685510815876
1785234741,panel_4,panel_4_f1_4,-0.009408888896396234,0.0009025170791408105
1785234742,panel_4,panel_4_f1_4,-0.0067214039734471084,-0.00034424898973324465
1785234742,panel_4,panel_4_f1_4,-0.006469737056711949,-0.0003488016968510162
1785234742,panel_4,panel_4_f1_4,-0.006033643395933548,-0.000563699351396038
1785234742,panel_4,panel_4_f1_4,-0.005572430994117982,-0.0008619829610627916
1785234742,panel_4,panel_4_f1_4,-0.005200755276615334,-0.0009808723603653277
1785234742,panel_4,panel_4_f1_4,-0.00477187651859234,-0.0011950851363244856
1785234742,panel_4,panel_4_f1_4,-0.004665091847616554,-0.0012673949410535066
1785234742,panel_4,panel_4_f1_4,-0.0043043570123174404,-0.0014018948746865043
1785234742,panel_4,panel_4_f1_4,-0.0037942188300821023,-0.001595057657663622
1785234742,panel_4,panel_4_f1_4,-0.003252696244664725,-0.0017999054310128605
1785234742,panel_4,panel_4_f1_4,-0.002295921608190964,-0.0021830378941335234
1785234742,panel_4,panel_4_f1_4,-0.0019106372056851397,-0.002380502816488299
1785234742,panel_4,panel_4_f1_4,-0.0014065736991418342,-0.002605134093550433
1785234742,panel_4,panel_4_f1_4,-0.0008203852466128033,-0.0028586238425853255
1785234742,panel_4,panel_4_f1_4,-0.00023248332151509622,-0.003107298820512327
1785234742,panel_4,panel_4_f1_4,9.418464174004766e-05,-0.003218339852152194
1785234742,panel_4,panel_4_f1_4,0.0006068582419424261,-0.003280823005108102
1785234742,panel_4,panel_4_f1_4,0.0013098347838027924,-0.003526100562270138
1785234742,panel_4,panel_4_f1_4,0.0019100924797388697,-0.003671262722340164
1785234742,panel_4,panel_4_f1_4,0.002291639591347776,-0.0038511058341313487
1785234742,panel_4,panel_4_f1_4,0.0028104248685997006,-0.00403855119401706
1785234742,panel_4,panel_4_f1_4,0.0028499598852314767,-0.004099907066390879
1785234743,panel_4,panel_4_f1_4,0.004433577611944732,-0.004637182912498116
1785234743,panel_4,panel_4_f1_4,0.004806092906603307,-0.0046693117194225335
1785234743,panel_4,panel_4_f1_4,0.004992806061166844,-0.004686209932591742
1785234743,panel_4,panel_4_f1_4,0.005178990408180301,-0.004730234048223003
1785234743,panel_4,panel_4_f1_4,0.005329119101870695,-0.004749995136130696
1785234743,panel_4,panel_4_f1_4,0.005688530919660193,-0.004825652670911325
1785234743,panel_4,panel_4_f1_4,0.00587425159319633,-0.004861615092666582
1785234743,panel_4,panel_4_f1_4,0.005908287182764174,-0.0048603742627205656
1785234743,panel_4,panel_4_f1_4,0.006157497734280683,-0.004901280844842409
1785234743,panel_4,panel_4_f1_4,0.006603538213544588,-0.004989767561314213
1785234743,panel_4,panel_4_f1_4,0.006946578234988256,-0.00498961277111392
1785234743,panel_4,panel_4_f1_4,0.007332586195442903,-0.004970165634709059
1785234743,panel_4,panel_4_f1_4,0.007955515972122322,-0.005082965240816828
1785234743,panel_4,panel_4_f1_4,0.008396809992885603,-0.005014019680631868
1785234743,panel_4,panel_4_f1_4,0.00921584641581704,-0.005303314094374774
1785234743,panel_4,panel_4_f1_4,0.010125942857822952,-0.005541475050319719
1785234743,panel_4,panel_4_f1_4,0.010829553684834405,-0.005589980992674124
1785234743,panel_4,panel_4_f1_4,0.011189257307728937,-0.005636062149026923
1785234743,panel_4,panel_4_f1_4,0.011464252501349106,-0.005297491769465677
1785234744,panel_4,panel_4_f1_4,0.0121947828581899,-0.005223998137419497
1785234744,panel_4,panel_4_f1_4,0.012698442239054853,-0.005195488917624498
1785234744,panel_4,panel_4_f1_4,0.013044361891885316,-0.004948746674971736
1785234744,panel_4,panel_4_f1_4,0.013440264457304169,-0.005022079238079783
1785234744,panel_4,panel_4_f1_4,0.013744344664803438,-0.004958506425175582
1785234745,panel_4,panel_4_f1_4,0.013792423030231465,-0.00585423888102745
1785234745,panel_4,panel_4_f1_4,0.013475135815795675,-0.005824835922912172
1785234745,panel_4,panel_4_f1_4,0.013204699615945456,-0.005897210939514713
1785234745,panel_4,panel_4_f1_4,0.012545651844273618,-0.006175393702045638
1785234745,panel_4,panel_4_f1_4,0.0119614758657211,-0.006239156850576206
1785234745,panel_4,panel_4_f1_4,0.010928532186121559,-0.006481970835212971
1785234745,panel_4,panel_4_f1_4,0.010253269400170507,-0.006523220806599687
1785234745,panel_4,panel_4_f1_4,0.009831120901853532,-0.006705730297657768
1785234745,panel_4,panel_4_f1_4,0.009661937731249268,-0.0066643487385024715
1785234745,panel_4,panel_4_f1_4,0.009044246097238154,-0.006765811574363821
1785234745,panel_4,panel_4_f1_4,0.0077792546893228854,-0.007091811180563607
1785234745,panel_4,panel_4_f1_4,0.0065294561049325395,-0.007428040236050239
1785234745,panel_4,panel_4_f1_4,0.005044803179994465,-0.007692076630855892
1785234745,panel_4,panel_4_f1_4,0.004025528137733681,-0.00781839675237803
1785234745,panel_4,panel_4_f1_4,0.002960092161567489,-0.007940947059865117
1785234745,panel_4,panel_4_f1_4,0.002263319706563826,-0.008054328723677924
1785234745,panel_4,panel_4_f1_4,0.0006769303855386661,-0.008347688148820167
1785234745,panel_4,panel_4_f1_4,8.135719246840853e-05,-0.00850845155428585
1785234745,panel_4,panel_4_f1_4,-0.0008121758504896873,-0.008591017675962346
1785234745,panel_4,panel_4_f1_4,-0.0017963589057181295,-0.00869886409526894
1785234745,panel_4,panel_4_f1_4,-0.0025803833099770856,-0.008815436000210569
1785234745,panel_4,panel_4_f1_4,-0.004137347162849197,-0.00902930175914602
1785234745,panel_4,panel_4_f1_4,-0.005542941945578976,-0.009205594955775349
1785234745,panel_4,panel_4_f1_4,-0.0061807353917165235,-0.009276678653594397
1785234745,panel_4,panel_4_f1_4,-0.007390386838026689,-0.009469595886053561
1785234746,panel_4,panel_4_f1_4,-0.01313091219822372,-0.01028954069354171
1785234746,panel_4,panel_4_f1_4,-0.013896432976571662,-0.010492514035046916
1785234746,panel_4,panel_4_f1_4,-0.014750081850716239,-0.010554591270591118
1785234746,panel_4,panel_4_f1_4,-0.015117397020363235,-0.010578098115234644
1785234746,panel_4,panel_4_f1_4,-0.016010511306063166,-0.010477398935862754
1785234746,panel_4,panel_4_f1_4,-0.016815353156291003,-0.01022705337342495
1785234746,panel_4,panel_4_f1_4,-0.017333175109056298,-0.010002118328301422
1785234746,panel_4,panel_4_f1_4,-0.017444439811709237,-0.01000129077180959
1785234746,panel_4,panel_4_f1_4,-0.017154631040362495,-0.01015831296444051
1785234746,panel_4,panel_4_f1_4,-0.017499293803498506,-0.009946397492451398
1785234746,panel_4,panel_4_f1_4,-0.017473643852557414,-0.009848010031173481
1785234746,panel_4,panel_4_f1_4,-0.01724291944656444,-0.009823878651737894
1785234746,panel_4,panel_4_f1_4,-0.017101554008265775,-0.009653979472438434
1785234746,panel_4,panel_4_f1_4,-0.016866753656708346,-0.009458510176225775
1785234746,panel_4,panel_4_f1_4,-0.01660210690601757,-0.009238407920640103
1785234746,panel_4,panel_4_f1_4,-0.016620766790315867,-0.00883155934468973
1785234746,panel_4,panel_4_f1_4,-0.016158493995259992,-0.008423988107360418
1785234746,panel_4,panel_4_f1_4,-0.01616316705692446,-0.008250095161772159
1785234747,panel_4,panel_4_f1_4,-0.01583981918056812,-0.007926895769068153
1785234747,panel_4,panel_4_f1_4,-0.01521991952959457,-0.00800181861423287
1785234747,panel_4,panel_4_f1_4,-0.014480110638754241,-0.007940644564051347
1785234747,panel_4,panel_4_f1_4,-0.013666946600710337,-0.007884895323126027
1785234747,panel_4,panel_4_f1_4,-0.012831653366510145,-0.0075717914880237954
1785234748,panel_4,panel_4_f1_4,-0.006455406509258837,-0.006729512046599187
1785234748,panel_4,panel_4_f1_4,-0.005406963655307988,-0.006364896101364783
1785234748,panel_4,panel_4_f1_4,-0.00418302756992557,-0.006076280451196874
1785234748,panel_4,panel_4_f1_4,-0.003089518973340769,-0.0059738880110686956
1785234748,panel_4,panel_4_f1_4,-0.0022485869205706764,-0.00583411541962909
1785234748,panel_4,panel_4_f1_4,-0.0017895873493737932,-0.005696352512303767
1785234748,panel_4,panel_4_f1_4,-0.00013684982614857309,-0.005400015099305192
1785234748,panel_4,panel_4_f1_4,0.0004587233669216851,-0.005239251693839509
1785234748,panel_4,panel_4_f1_4,0.0013422515954154709,-0.005121326087811973
1785234748,panel_4,panel_4_f1_4,0.002266262609594139,-0.004966428613148234
1785234748,panel_4,panel_4_f1_4,0.003035168655685985,-0.004823189954875845
1785234748,panel_4,panel_4_f1_4,0.004211048024266808,-0.004578207467116397
1785234748,panel_4,panel_4_f1_4,0.00536446275426311,-0.004355726880752002
1785234748,panel_4,panel_4_f1_4,0.00595371922530554,-0.004242249091765413
1785234748,panel_4,panel_4_f1_4,0.007111712247329793,-0.004009676504193078
1785234748,panel_4,panel_4_f1_4,0.0077468799925176635,-0.0038570487891496884
1785234748,panel_4,panel_4_f1_4,0.008814452433901747,-0.003614862799131971
1785234748,panel_4,panel_4_f1_4,0.009644681097755386,-0.0033992427462624553
1785234748,panel_4,panel_4_f1_4,0.010629824138799412,-0.003112643362583989
1785234748,panel_4,panel_4_f1_4,0.011687647064202363,-0.0027514440624398485
1785234748,panel_4,panel_4_f1_4,0.012030686504529464,-0.0026198564603049624
1785234748,panel_4,panel_4_f1_4,0.012265330949975964,-0.0025200449935893353
1785234749,panel_4,panel_4_f1_4,0.01387406423290022,-0.0014481868957792418
1785234749,panel_4,panel_4_f1_4,0.014080667988601048,-0.001291326229985734
1785234749,panel_4,panel_4_f1_4,0.014200040534815479,-0.0012458423192781949
1785234749,panel_4,panel_4_f1_4,0.014130447438535882,-0.001077849862994538
1785234749,panel_4,panel_4_f1_4,0.01396135237161028,-0.0008780012716560198
1785234749,panel_4,panel_4_f1_4,0.014023724183819641,-0.0007307565412126842
1785234749,panel_4,panel_4_f1_4,0.013863875399853025,-0.0005168160543700511
1785234749,panel_4,panel_4_f1_4,0.01340691232394604,-0.00038794650332036815
1785234749,panel_4,panel_4_f1_4,0.01322249087755192,-0.0001853135356917537
1785234749,panel_4,panel_4_f1_4,0.012882643583660156,-3.8625161316638586e-05
1785234749,panel_4,panel_4_f1_4,0.012599264642128518,9.197472500929542e-05
1785234749,panel_4,panel_4_f1_4,0.01249567739628648,0.00015200148760220207
1785234749,panel_4,panel_4_f1_4,0.012014082081642834,0.00024669800962961606
1785234749,panel_4,panel_4_f1_4,0.01229008074540928,0.0002965711001337804
1785234749,panel_4,panel_4_f1_4,0.01233829568706114,0.0003714217720007226
1785234749,panel_4,panel_4_f1_4,0.012125907383869554,0.0005058946289024212
1785234749,panel_4,panel_4_f1_4,0.011755837118166015,0.0006233753703629983
1785234749,panel_4,panel_4_f1_4,0.01124759103029297,0.000729935044106626
1785234749,panel_4,panel_4_f1_4,0.01091879931002726,0.0007790449107091538
1785234750,panel_4,panel_4_f1_4,0.01048693439697497,0.0009151846926749237
1785234750,panel_4,panel_4_f1_4,0.010027550421296567,0.0010588069636543063
1785234750,panel_4,panel_4_f1_4,0.009439790340478585,0.0011911138563400646
1785234750,panel_4,panel_4_f1_4,0.009092540035476722,0.0012513887540738847
1785234751,panel_4,panel_4_f1_4,0.007832068094959427,0.0015183339418061586
1785234751,panel_4,panel_4_f1_4,0.007553070514148388,0.0015549852882259174
1785234751,panel_4,panel_4_f1_4,0.007625444495195678,0.0015338583207794474
1785234751,panel_4,panel_4_f1_4,0.007238173628447121,0.0015422987801280389
1785234751,panel_4,panel_4_f1_4,0.007355861246622086,0.0015069034117566912
1785234751,panel_4,panel_4_f1_4,0.007021518447577782,0.0014925192823118324
1785234751,panel_4,panel_4_f1_4,0.0068997649160065745,0.001430499769159891
1785234751,panel_4,panel_4_f1_4,0.006827074178222587,0.0013957757823668921
1785234751,panel_4,panel_4_f1_4,0.007045594623998249,0.0013422049575874358
1785234751,panel_4,panel_4_f1_4,0.007205121595100118,0.001260568656476298
1785234751,panel_4,panel_4_f1_4,0.007405937865480588,0.0011532502310801164
1785234751,panel_4,panel_4_f1_4,0.007476376942498201,0.0010868407580799924
1785234751,panel_4,panel_4_f1_4,0.007240730348290198,0.001015561186242999
1785234751,panel_4,panel_4_f1_4,0.00745158954757317,0.0008960426073131044
1785234751,panel_4,panel_4_f1_4,0.007720244492659841,0.0007717858223347038
1785234751,panel_4,panel_4_f1_4,0.0077905524521293965,0.0006801423763501686
1785234751,panel_4,panel_4_f1_4,0.007565414443561235,0.0005784929803422995
1785234751,panel_4,panel_4_f1_4,0.007599270170291797,0.0004831090272298319
1785234751,panel_4,panel_4_f1_4,0.0077143069242853225,0.00043830973739069354
1785234751,panel_4,panel_4_f1_4,0.00775682982595984,0.00032251823700991375
1785234751,panel_4,panel_4_f1_4,0.007693338546433984,9.840598448762225e-05
1785234751,panel_4,panel_4_f1_4,0.007589908035672372,8.417011376515588e-07
1785234751,panel_4,panel_4_f1_4,0.007367505137844868,-0.00013177116287954206
1785234752,panel_4,panel_4_f1_4,0.006769414726388895,-0.000357850002059105
1785234752,panel_4,panel_4_f1_4,0.006418273480457367,-0.00045715443122569185
1785234752,panel_4,panel_4_f1_4,0.005807676552408622,-0.0005683501652255419
1785234752,panel_4,panel_4_f1_4,0.005298586535191917,-0.0006565439367355294
1785234752,panel_4,panel_4_f1_4,0.004842428361459529,-0.0006619850238167274
1785234752,panel_4,panel_4_f1_4,0.004072821039594055,-0.0007385084340642624
1785234752,panel_4,panel_4_f1_4,0.0030394764703865307,-0.000748359630301717
1785234752,panel_4,panel_4_f1_4,0.0022137554926286523,-0.0007647365019663845
1785234752,panel_4,panel_4_f1_4,0.001568167266735709,-0.0007614426493213449
1785234752,panel_4,panel_4_f1_4,0.0008418579393014386,-0.0007449003185470356
1785234752,panel_4,panel_4_f1_4,0.0005658592755349936,-0.0007947734090512
1785234752,panel_4,panel_4_f1_4,-0.0003021230023143986,-0.0008066865542989281
1785234752,panel_4,panel_4_f1_4,-0.0014468270656558464,-0.0008247898434253943
1785234752,panel_4,panel_4_f1_4,-0.0024529920615735568,-0.0008227582718522272
1785234752,panel_4,panel_4_f1_4,-0.0033314047152437952,-0.0008069510438211886
1785234752,panel_4,panel_4_f1_4,-0.003695615203641221,-0.0007927241202520994
1785234752,panel_4,panel_4_f1_4,-0.004288723333381213,-0.0008089972930336244
1785234752,panel_4,panel_4_f1_4,-0.005114326377624261,-0.0008218749455577775
1785234752,panel_4,panel_4_f1_4,-0.00552292698097218,-0.0008296805296017567
1785234752,panel_4,panel_4_f1_4,-0.006025414491494825,-0.0008264474651873257
1785234752,panel_4,panel_4_f1_4,-0.006564216839445126,-0.0008393929252828463
1785234753,panel_4,panel_4_f1_4,-0.006606890651536936,-0.0008448293134799696
1785234753,panel_4,panel_4_f1_4,-0.00690673234383049,-0.0008586001313288438
1785234753,panel_4,panel_4_f1_4,-0.007133791819404937,-0.0008663740305956658
1785234753,panel_4,panel_4_f1_4,-0.007309348970934659,-0.0008750255714438269
1785234753,panel_4,panel_4_f1_4,-0.007440645436304877,-0.0008832557567305517
1785234753,panel_4,panel_4_f1_4,-0.007544938797509002,-0.0008919978009553661
1785234753,panel_4,panel_4_f1_4,-0.0076387410437054855,-0.0008988253907471971
1785234753,panel_4,panel_4_f1_4,-0.007726028849158817,-0.000899596600743047
1785234753,panel_4,panel_4_f1_4,-0.007617613917935612,-0.000993258163617524
1785234753,panel_4,panel_4_f1_4,-0.007602614638816554,-0.0010557481614637107
1785234753,panel_4,panel_4_f1_4,-0.007676480067743737,-0.0010351575098443977
1785234753,panel_4,panel_4_f1_4,-0.0078950005135194,-0.0009815866850649414
1785234753,panel_4,panel_4_f1_4,-0.007791984055021086,-0.0010723420344708856
1785234753,panel_4,panel_4_f1_4,-0.007745963717358806,-0.0011440460000184385
1785234753,panel_4,panel_4_f1_4,-0.007256851595034069,-0.0013510724455883375
1785234753,panel_4,panel_4_f1_4,-0.006750592615768864,-0.0015367553416608345
1785234753,panel_4,panel_4_f1_4,-0.0068217307526250584,-0.0015466840997014947
1785234754,panel_4,panel_4_f1_4,-0.006851950252023477,-0.0015762080161157515
1785234754,panel_4,panel_4_f1_4,-0.00675144008282292,-0.0016363096726467069
1785234754,panel_4,panel_4_f1_4,-0.006035747142463264,-0.001917042994064414
1785234754,panel_4,panel_4_f1_4,-0.005450243508070216,-0.0021797459715645427
1785234754,panel_4,panel_4_f1_4,-0.004897073424712347,-0.00242538123375944
1785234754,panel_4,panel_4_f1_4,-0.00465441184018091,-0.002523829602035316
1785234754,panel_4,panel_4_f1_4,-0.004436396479077091,-0.002573571446365108
1785234754,panel_4,panel_4_f1_4,-0.0044520293497029165,-0.0025273168872960157
1785234754,panel_4,panel_4_f1_4,-0.004076510553312419,-0.002672512320497485
1785234754,panel_4,panel_4_f1_4,-0.0033818399723219085,-0.003065857724374077
1785234754,panel_4,panel_4_f1_4,-0.0030620914937541316,-0.0032683087821734104
1785234754,panel_4,panel_4_f1_4,-0.0022989892146990346,-0.0036198542386513865
1785234754,panel_4,panel_4_f1_4,-0.0018522988744411873,-0.0037308883627446775
1785234754,panel_4,panel_4_f1_4,-0.00104614947562316,-0.004070873333260914
1785234755,panel_4,panel_4_f1_4,0.002589389141329049,-0.005144935789501136
1785234755,panel_4,panel_4_f1_4,0.003169817054831282,-0.005498876119547735
1785234755,panel_4,panel_4_f1_4,0.0031380584358040643,-0.005597036691748276
1785234755,panel_4,panel_4_f1_4,0.0036268136636049293,-0.005778763700505563
1785234755,panel_4,panel_4_f1_4,0.004245569482217967,-0.005953195805464462
1785234755,panel_4,panel_4_f1_4,0.004865798081208499,-0.006080501426222149
1785234755,panel_4,panel_4_f1_4,0.00543419676165755,-0.006211454085163393
1785234755,panel_4,panel_4_f1_4,0.005610581601311103,-0.006301581439375996
1785234755,panel_4,panel_4_f1_4,0.005453579800127877,-0.006456221143697093
1785234755,panel_4,panel_4_f1_4,0.0058519608807007266,-0.00651114089071456
1785234755,panel_4,panel_4_f1_4,0.006158214916841421,-0.00651612954263809
1785234755,panel_4,panel_4_f1_4,0.006457123680603566,-0.006535572977213724
1785234755,panel_4,panel_4_f1_4,0.006517157674078986,-0.006526823393434144
1785234755,panel_4,panel_4_f1_4,0.005912681067765942,-0.006469595035991921
1785234755,panel_4,panel_4_f1_4,0.005719695904989692,-0.0064084118832296935
1785234755,panel_4,panel_4_f1_4,0.005909754336657537,-0.006402202549523315
1785234755,panel_4,panel_4_f1_4,0.005846833037871963,-0.006345811252295771
1785234755,panel_4,panel_4_f1_4,0.005675089820629587,-0.006304327561356008
1785234756,panel_4,panel_4_f1_4,0.0051320596720910525,-0.006133576976093187
1785234756,panel_4,panel_4_f1_4,0.004703284452408431,-0.005995983593448717
1785234756,panel_4,panel_4_f1_4,0.0042317594133802336,-0.0058514402606871345
1785234756,panel_4,panel_4_f1_4,0.004201359600658602,-0.005815273682319936
1785234757,panel_4,panel_4_f1_4,0.00040931488849134043,-0.004725920545613278
1785234757,panel_4,panel_4_f1_4,-0.0005403839514350047,-0.004417676229975079
1785234757,panel_4,panel_4_f1_4,-0.0013428079590998192,-0.004167626345413135
1785234757,panel_4,panel_4_f1_4,-0.0018854899391524476,-0.004009567836748672
1785234757,panel_4,panel_4_f1_4,-0.002442839789621727,-0.0038312889035781927
1785234757,panel_4,panel_4_f1_4,-0.0027170016101233352,-0.0037276095110008738
1785234757,panel_4,panel_4_f1_4,-0.00392982927644567,-0.0032969459462046245
1785234757,panel_4,panel_4_f1_4,-0.005147148310645968,-0.0028335274146056907
1785234757,panel_4,panel_4_f1_4,-0.00628576721985667,-0.002379575297995067
1785234757,panel_4,panel_4_f1_4,-0.006857262416100287,-0.002132361043838785
1785234757,panel_4,panel_4_f1_4,-0.00782216047511739,-0.001707556948888568
1785234757,panel_4,panel_4_f1_4,-0.008034657396386122,-0.0016150474701583826
1785234757,panel_4,panel_4_f1_4,-0.008740688971397575,-0.001265864078517125
1785234757,panel_4,panel_4_f1_4,-0.009573038054143647,-0.0008064068665136324
1785234757,panel_4,panel_4_f1_4,-0.010048356515812101,-0.0005271233156867489
1785234757,panel_4,panel_4_f1_4,-0.010917138234144261,2.1594531097294188e-05
1785234757,panel_4,panel_4_f1_4,-0.011133401032891715,0.0001891066856495736
1785234757,panel_4,panel_4_f1_4,-0.0117168001653447,0.0006400779485769296
1785234757,panel_4,panel_4_f1_4,-0.012019404426561575,0.0008865311518309177
1785234757,panel_4,panel_4_f1_4,-0.012231288601525094,0.0011093544349984564
1785234757,panel_4,panel_4_f1_4,-0.012336043885534925,0.0013136278803029186
1785234758,panel_4,panel_4_f1_4,-0.012422885996205524,0.0014220122390726981
1785234758,panel_4,panel_4_f1_4,-0.01245210936053441,0.0014877465015132247
1785234758,panel_4,panel_4_f1_4,-0.01243401998768009,0.0017149977911294961
1785234758,panel_4,panel_4_f1_4,-0.01241386503286683,0.0017723454654495643
1785234758,panel_4,panel_4_f1_4,-0.012343135789246736,0.0018782993901592076
1785234758,panel_4,panel_4_f1_4,-0.012224698892300294,0.002011284772507594
1785234758,panel_4,panel_4_f1_4,-0.01212545973128284,0.0020511951586032664
1785234758,panel_4,panel_4_f1_4,-0.011992395796994655,0.002069836732509095
1785234758,panel_4,panel_4_f1_4,-0.011819364329234461,0.002081055983514331
1785234758,panel_4,panel_4_f1_4,-0.01129243218202926,0.0021746270386481244
1785234758,panel_4,panel_4_f1_4,-0.011005966221872856,0.0021755028536798553
1785234758,panel_4,panel_4_f1_4,-0.01096005515333257,0.002166657101603451
1785234758,panel_4,panel_4_f1_4,-0.010653140859561238,0.002174647437085228
1785234758,panel_4,panel_4_f1_4,-0.010088608547103965,0.002174396091169116
1785234758,panel_4,panel_4_f1_4,-0.009303406315864205,0.0021301834361077514
1785234758,panel_4,panel_4_f1_4,-0.008721312665119933,0.0020917564626169328
1785234758,panel_4,panel_4_f1_4,-0.008721312665119933,0.0020917564626169323
1785234758,panel_4,panel_4_f1_4,-0.008373403789898638,0.0020568747301123414
1785234758,panel_4,panel_4_f1_4,-0.007914502778083213,0.0020434882474743656
1785234758,panel_4,panel_4_f1_4,-0.0071434660881600585,0.0019111964136432067
1785234758,panel_4,panel_4_f1_4,-0.006368891016883722,0.0018509576381480445
1785234759,panel_4,panel_4_f1_4,-0.005738189984753974,0.0017759157866782285
1785234759,panel_4,panel_4_f1_4,-0.005580631467938568,0.001817993965192493
1785234759,panel_4,panel_4_f1_4,-0.005189909156082914,0.0018157543579240877
1785234759,panel_4,panel_4_f1_4,-0.004402224716305222,0.001851477702084868
1785234759,panel_4,panel_4_f1_4,-0.003814253225958692,0.001840442191240157
1785234760,panel_4,panel_4_f1_4,-0.0015010770860824818,0.0020644958850797946
1785234760,panel_4,panel_4_f1_4,-0.0010111268154047292,0.0022624887053874446
1785234760,panel_4,panel_4_f1_4,-0.00045145677477484984,0.0025909609052368722
1785234760,panel_4,panel_4_f1_4,-0.0001278613743655582,0.002685567659237636
1785234760,panel_4,panel_4_f1_4,-6.153757124347625e-05,0.002810788984538883
1785234760,panel_4,panel_4_f1_4,0.0005005521457793856,0.0028174927233909175
1785234760,panel_4,panel_4_f1_4,0.0011219839652793027,0.0030948171851641953
1785234760,panel_4,panel_4_f1_4,0.0016490026242106002,0.003204618232733407
1785234760,panel_4,panel_4_f1_4,0.0018647509827053974,0.0032780621490188073
1785234760,panel_4,panel_4_f1_4,0.0024567304065239233,0.003032575941989995
1785234760,panel_4,panel_4_f1_4,0.002672330087135522,0.003081662189135904
1785234760,panel_4,panel_4_f1_4,0.0029963591131612955,0.0030547993743435535
1785234760,panel_4,panel_4_f1_4,0.0030592035758787413,0.003236688573402612
1785234760,panel_4,panel_4_f1_4,0.003118348628288531,0.0033612449176981013
1785234760,panel_4,panel_4_f1_4,0.003333723438595282,0.0033273449802323236
1785234760,panel_4,panel_4_f1_4,0.0032182288055794136,0.003505613967277088
1785234760,panel_4,panel_4_f1_4,0.0032656671734408315,0.003591905848008945
1785234760,panel_4,panel_4_f1_4,0.003271518881679298,0.0036825260587545015
1785234760,panel_4,panel_4_f1_4,0.0032528892386521745,0.00377480897828111
1785234760,panel_4,panel_4_f1_4,0.0032322692578058876,0.0038527737322921886
1785234760,panel_4,panel_4_f1_4,0.0032552675073273586,0.0039035760115455746
1785234760,panel_4,panel_4_f1_4,0.0032728300270348813,0.003973274749939319
1785234760,panel_4,panel_4_f1_4,0.003324178262389878,0.004077370568991152
1785234761,panel_4,panel_4_f1_4,0.004095696667083626,0.004371766261849676
1785234761,panel_4,panel_4_f1_4,0.004293267225887923,0.004437989308367694
1785234761,panel_4,panel_4_f1_4,0.004678171382268221,0.0045436529567991265
1785234761,panel_4,panel_4_f1_4,0.005084431690049479,0.004631427545167418
1785234761,panel_4,panel_4_f1_4,0.005435990262346229,0.004698679106881061
1785234761,panel_4,panel_4_f1_4,0.005546931959379023,0.004745767781237924
1785234761,panel_4,panel_4_f1_4,0.005501020890838739,0.004754613533314327
1785234761,panel_4,panel_4_f1_4,0.005867310074079455,0.004776340868131701
1785234761,panel_4,panel_4_f1_4,0.00647104120664478,0.004789968935103913
1785234761,panel_4,panel_4_f1_4,0.00673993389456822,0.004788494553705719
1785234761,panel_4,panel_4_f1_4,0.00680721539756696,0.0047771788948077175
1785234761,panel_4,panel_4_f1_4,0.007039610189256008,0.004785620994926976
1785234761,panel_4,panel_4_f1_4,0.007485002777111481,0.004803675170201924
1785234761,panel_4,panel_4_f1_4,0.007487382138231916,0.004793613270856362
1785234761,panel_4,panel_4_f1_4,0.007620483906203089,0.004799445248253985
1785234761,panel_4,panel_4_f1_4,0.007590275051035139,0.0047826415852762275
1785234761,panel_4,panel_4_f1_4,0.0077171766444336706,0.004786006082383695
1785234761,panel_4,panel_4_f1_4,0.008407755380710114,0.004883975875686874
1785234761,panel_4,panel_4_f1_4,0.008810104972089432,0.004947333923967087
1785234761,panel_4,panel_4_f1_4,0.00851410075791789,0.004803672989283728
1785234762,panel_4,panel_4_f1_4,0.008941410091208272,0.004889771211769022
1785234762,panel_4,panel_4_f1_4,0.009254020802155774,0.004887457241354057
1785234762,panel_4,panel_4_f1_4,0.009847440380819097,0.005116573834340196
1785234762,panel_4,panel_4_f1_4,0.010029497727898753,0.005112458379231473
1785234763,panel_4,panel_4_f1_4,0.011115518732021545,0.0048008220055097885
1785234763,panel_4,panel_4_f1_4,0.011400082631241419,0.004809988276866818
1785234763,panel_4,panel_4_f1_4,0.011263642307732153,0.004375681424107129
1785234763,panel_4,panel_4_f1_4,0.01155179252370234,0.004274208878613989
1785234763,panel_4,panel_4_f1_4,0.011873563790732957,0.004302669439831803
1785234763,panel_4,panel_4_f1_4,0.012210172416929248,0.004488930611164979
1785234763,panel_4,panel_4_f1_4,0.012532566696152119,0.004542999090957076
1785234763,panel_4,panel_4_f1_4,0.012865375563949481,0.004612192682741098
1785234763,panel_4,panel_4_f1_4,0.0129402096029876,0.0043641916755551395
1785234763,panel_4,panel_4_f1_4,0.013248343121289943,0.004334865699028167
1785234763,panel_4,panel_4_f1_4,0.013736051529673577,0.0046281032051853745
1785234763,panel_4,panel_4_f1_4,0.014020813538618266,0.004627070965267669
1785234763,panel_4,panel_4_f1_4,0.014333232368937372,0.004692811731957356
1785234763,panel_4,panel_4_f1_4,0.01476117126589489,0.004971074474417514
1785234763,panel_4,panel_4_f1_4,0.014834748874449723,0.004865510476673112
1785234763,panel_4,panel_4_f1_4,0.015004181865349409,0.005014582105777646
1785234763,panel_4,panel_4_f1_4,0.015206670410691904,0.005398702457299778
1785234763,panel_4,panel_4_f1_4,0.015467590909633424,0.006107535449315234
1785234763,panel_4,panel_4_f1_4,0.015550123385781177,0.006521645309722265
1785234763,panel_4,panel_4_f1_4,0.0155080684559074,0.006925792607809182
1785234763,panel_4,panel_4_f1_4,0.015348669572785745,0.00714052427238526
1785234763,panel_4,panel_4_f1_4,0.015226619108520925,0.00762443671114787
1785234763,panel_4,panel_4_f1_4,0.014915850656503065,0.007842416118868364
1785234763,panel_4,panel_4_f1_4,0.014703266914475821,0.008025830106159778
1785234764,panel_4,panel_4_f1_4,0.011807048920039743,0.009724967528755483
1785234764,panel_4,panel_4_f1_4,0.010201821745884201,0.010410492591191017
1785234764,panel_4,panel_4_f1_4,0.009341336105519798,0.010686858100077728
1785234764,panel_4,panel_4_f1_4,0.008506408894406733,0.01101627607810707
1785234764,panel_4,panel_4_f1_4,0.0077492200510178785,0.011277779626442415
1785234764,panel_4,panel_4_f1_4,0.0068691134777704764,0.011388457929671853
1785234764,panel_4,panel_4_f1_4,0.006266791146054108,0.01149254878116471
1785234764,panel_4,panel_4_f1_4,0.005982283770522321,0.011468814174074535
1785234764,panel_4,panel_4_f1_4,0.005698612154253391,0.011438132241574271
1785234764,panel_4,panel_4_f1_4,0.00514234642115733,0.011471520317099741
1785234764,panel_4,panel_4_f1_4,0.0036006014641313134,0.01147731128076523
1785234764,panel_4,panel_4_f1_4,0.0023402311817740714,0.011474875775085235
1785234764,panel_4,panel_4_f1_4,0.0017112907032625017,0.01156069888942488
1785234764,panel_4,panel_4_f1_4,0.00047419962697503734,0.011463453598742068
1785234764,panel_4,panel_4_f1_4,-0.0006898103678801911,0.011323889842587372
1785234764,panel_4,panel_4_f1_4,-0.0019013372509662108,0.011148109123885032
1785234764,panel_4,panel_4_f1_4,-0.0027751572518287604,0.011066213760302123
1785234764,panel_4,panel_4_f1_4,-0.003610223498341501,0.010957458496660544
1785234765,panel_4,panel_4_f1_4,-0.0044328061146759355,0.010832300132935577
1785234765,panel_4,panel_4_f1_4,-0.00500613476855428,0.01068537905786603
1785234765,panel_4,panel_4_f1_4,-0.00527607394165535,0.010560304869076213
1785234765,panel_4,panel_4_f1_4,-0.006432705174229514,0.01023216314049971
1785234765,panel_4,panel_4_f1_4,-0.009775095286720735,0.009364586677191741
1785234765,panel_4,panel_4_f1_4,-0.010242428702485413,0.009147129179404842
1785234765,panel_4,panel_4_f1_4,-0.010822666167981722,0.008889695961754165
1785234765,panel_4,panel_4_f1_4,-0.011162692918940554,0.008799978154715907
1785234765,panel_4,panel_4_f1_4,-0.011456591435174164,0.008602321040187672
1785234765,panel_4,panel_4_f1_4,-0.011887312956824148,0.008207292419778155
1785234765,panel_4,panel_4_f1_4,-0.012056580332752974,0.008030055672651094
1785234765,panel_4,panel_4_f1_4,-0.012337419766790465,0.007750978619568388
1785234765,panel_4,panel_4_f1_4,-0.012710158126954257,0.007296069727271699
1785234765,panel_4,panel_4_f1_4,-0.012710753684443138,0.007273244170459816
1785234766,panel_4,panel_4_f1_4,-0.01284749623088679,0.007025591110577859
1785234766,panel_4,panel_4_f1_4,-0.013051960624553136,0.006608503078813575
1785234766,panel_4,panel_4_f1_4,-0.013240395610798952,0.005868455038305496
1785234766,panel_4,panel_4_f1_4,-0.013281336480385502,0.00541550348204142
1785234766,panel_4,panel_4_f1_4,-0.013305259595032601,0.0049646140749204405
1785234766,panel_4,panel_4_f1_4,-0.013269036693171659,0.004711155003411056
1785234766,panel_4,panel_4_f1_4,-0.013151209632874625,0.004207957278989365
1785234766,panel_4,panel_4_f1_4,-0.013139095851038262,0.003956842370688451
1785234766,panel_4,panel_4_f1_4,-0.013030953043032065,0.003759441586896
1785234766,panel_4,panel_4_f1_4,-0.012790331889204627,0.0032732806285331977
1785234766,panel_4,panel_4_f1_4,-0.012528134398753112,0.0030982060898314644
1785234766,panel_4,panel_4_f1_4,-0.01252813439875311,0.0030982060898314644
1785234766,panel_4,panel_4_f1_4,-0.012123099156548826,0.0026583331921507304
1785234766,panel_4,panel_4_f1_4,-0.011658863973253625,0.0022463443402302653
1785234767,panel_4,panel_4_f1_4,-0.008355058091323841,0.0008148608869518071
1785234767,panel_4,panel_4_f1_4,-0.008055007361128687,0.0006741363679903851
1785234767,panel_4,panel_4_f1_4,-0.007528124538071688,0.0007231866700113779
1785234767,panel_4,panel_4_f1_4,-0.007317738074708358,0.0009055992722246983
1785234767,panel_4,panel_4_f1_4,-0.007229627105688526,0.000991828612728477
1785234767,panel_4,panel_4_f1_4,-0.006862999411342993,0.001036153806853727
1785234767,panel_4,panel_4_f1_4,-0.005938260170728817,0.0012212370393381172
1785234767,panel_4,panel_4_f1_4,-0.005105679111181947,0.001349504705781605
1785234767,panel_4,panel_4_f1_4,-0.004386279241702271,0.0014840817486912374
1785234767,panel_4,panel_4_f1_4,-0.003658981661050268,0.0016552513426630305
1785234767,panel_4,panel_4_f1_4,-0.003034151099235038,0.001962805216037609
1785234767,panel_4,panel_4_f1_4,-0.002415579353639039,0.0020047951208522694
1785234767,panel_4,panel_4_f1_4,-0.0018499491239502325,0.002079730558604629
1785234767,panel_4,panel_4_f1_4,-0.001321914863079031,0.002052961758300562
1785234767,panel_4,panel_4_f1_4,-0.000846465288225982,0.0022473118765171645
1785234767,panel_4,panel_4_f1_4,-0.0006216751417433487,0.0023247749582137565
1785234767,panel_4,panel_4_f1_4,-0.000646408044957974,0.002415606396244597
1785234767,panel_4,panel_4_f1_4,-0.00020930331320807616,0.002500590594429397
1785234768,panel_4,panel_4_f1_4,0.00021570811709036217,0.002584587518117961
1785234768,panel_4,panel_4_f1_4,0.0006765739768782307,0.002795631248733117
1785234768,panel_4,panel_4_f1_4,0.0008497170651067204,0.0028544615370967702
1785234768,panel_4,panel_4_f1_4,0.001162131648781841,0.00295321323335372
1785234768,panel_4,panel_4_f1_4,0.0013933708232281075,0.0030225506274203064
1785234768,panel_4,panel_4_f1_4,0.0014696353808361603,0.0030467667655794885
1785234769,panel_4,panel_4_f1_4,0.001466782676495085,0.003046480719956349
1785234769,panel_4,panel_4_f1_4,0.001410804032814896,0.0030624732034300827
1785234769,panel_4,panel_4_f1_4,0.0009101841136830134,0.002962259852964125
1785234769,panel_4,panel_4_f1_4,0.0004392569787840796,0.002865797673397585
1785234769,panel_4,panel_4_f1_4,6.980151515405395e-05,0.0028045294268547677
1785234769,panel_4,panel_4_f1_4,-9.372946701802332e-05,0.0027813993982171363
1785234769,panel_4,panel_4_f1_4,-0.0005275912257802238,0.0027536029244063353
1785234769,panel_4,panel_4_f1_4,-0.0008163902850662229,0.0027445842373884947
1785234769,panel_4,panel_4_f1_4,-0.0013274158149233863,0.0027058782145224576
1785234769,panel_4,panel_4_f1_4,-0.0013840407114928985,0.002710479589092455
1785234769,panel_4,panel_4_f1_4,-0.0019365615397695475,0.002678639714189698
1785234769,panel_4,panel_4_f1_4,-0.0021835336120045604,0.0026650312748113486
1785234769,panel_4,panel_4_f1_4,-0.0025090573639590203,0.0026570923481645022
1785234769,panel_4,panel_4_f1_4,-0.0031100266364772174,0.0026572312528517677
1785234769,panel_4,panel_4_f1_4,-0.00405186564823268,0.002673765191802856
1785234769,panel_4,panel_4_f1_4,-0.004548564418832641,0.0027135510911860212
1785234769,panel_4,panel_4_f1_4,-0.00488975994723763,0.0027249891722907703
1785234769,panel_4,panel_4_f1_4,-0.00542253109328503,0.0027632336145516686
1785234769,panel_4,panel_4_f1_4,-0.005820859464524125,0.002722829340028383
1785234769,panel_4,panel_4_f1_4,-0.00593094693875604,0.0026735037025153317
1785234769,panel_4,panel_4_f1_4,-0.006120558639007543,0.0025769029118087195
1785234769,panel_4,panel_4_f1_4,-0.0066235907154159265,0.0026112794084015
1785234770,panel_4,panel_4_f1_4,-0.00854671294103168,0.0026582895902977394
1785234770,panel_4,panel_4_f1_4,-0.008758957093432829,0.002620279356343612
1785234770,panel_4,panel_4_f1_4,-0.009130866694642567,0.0023885330926578653
1785234770,panel_4,panel_4_f1_4,-0.00936736135512247,0.002229551157504433
1785234770,panel_4,panel_4_f1_4,-0.009697004997555684,0.0022027477047756082
1785234770,panel_4,panel_4_f1_4,-0.00975341146855292,0.001957461853335575
1785234770,panel_4,panel_4_f1_4,-0.00979339897114872,0.0015935491546779307
1785234770,panel_4,panel_4_f1_4,-0.010024840288045435,0.0017400403136864375
1785234770,panel_4,panel_4_f1_4,-0.01022546968956476,0.001853178781200665
1785234770,panel_4,panel_4_f1_4,-0.010440662723003197,0.002113937658169135
1785234770,panel_4,panel_4_f1_4,-0.010719412620286488,0.002303887538292444
1785234770,panel_4,panel_4_f1_4,-0.010804381605326003,0.0023596369830997583
1785234770,panel_4,panel_4_f1_4,-0.010962638515513868,0.00254845542019011
1785234770,panel_4,panel_4_f1_4,-0.011107562555592974,0.0027521442861819984
1785234770,panel_4,panel_4_f1_4,-0.011156560943413297,0.002825849252496295
1785234770,panel_4,panel_4_f1_4,-0.011191856830846588,0.0029094788694429747
1785234770,panel_4,panel_4_f1_4,-0.011153978944395777,0.00286936586453768
1785234770,panel_4,panel_4_f1_4,-0.011191442379664684,0.0030679921014897405
1785234770,panel_4,panel_4_f1_4,-0.011204545409006292,0.003295210475895061
1785234771,panel_4,panel_4_f1_4,-0.01119137394645126,0.0034293860370962913
1785234771,panel_4,panel_4_f1_4,-0.011196143426224936,0.0037013122633189456
1785234771,panel_4,panel_4_f1_4,-0.01121437087307261,0.00380425645295108
1785234771,panel_4,panel_4_f1_4,-0.01102481688296949,0.0038499436284248813
1785234771,panel_4,panel_4_f1_4,-0.010876570378186987,0.004089162787115939
1785234772,panel_4,panel_4_f1_4,-0.008437074840511139,0.005218613541432699
1785234772,panel_4,panel_4_f1_4,-0.007865199567395908,0.005419555955572618
1785234772,panel_4,panel_4_f1_4,-0.0073218769595470605,0.005533552323864703
1785234772,panel_4,panel_4_f1_4,-0.006540195976468015,0.005687246714068348
1785234772,panel_4,panel_4_f1_4,-0.005675793036294222,0.005792042383575166
1785234772,panel_4,panel_4_f1_4,-0.0047358010485824545,0.005855659013040453
1785234772,panel_4,panel_4_f1_4,-0.0038191108578830473,0.005890599867138714
1785234772,panel_4,panel_4_f1_4,-0.0029981312210678253,0.0058835192951208525
1785234772,panel_4,panel_4_f1_4,-0.002499502146808845,0.005870600156975404
1785234772,panel_4,panel_4_f1_4,-0.0014100012921453506,0.005793337184560639
1785234772,panel_4,panel_4_f1_4,-0.0006404645786490151,0.005759779589883826
1785234772,panel_4,panel_4_f1_4,0.0005366918681475739,0.00561245791405018
1785234772,panel_4,panel_4_f1_4,0.0007803927151995785,0.005583843203224441
1785234772,panel_4,panel_4_f1_4,0.0015707338502284885,0.005451083348722468
1785234772,panel_4,panel_4_f1_4,0.0021258872949420724,0.005339572331325609
1785234772,panel_4,panel_4_f1_4,0.0027916180535438677,0.005189450426694425
1785234772,panel_4,panel_4_f1_4,0.003534293007963769,0.005000548850804694
1785234772,panel_4,panel_4_f1_4,0.003914079546319957,0.00489578973301258
1785234772,panel_4,panel_4_f1_4,0.004630933788046005,0.004665681748430339
1785234772,panel_4,panel_4_f1_4,0.005175750491300341,0.0044704479005420105
1785234772,panel_4,panel_4_f1_4,0.0055212896252914,0.0043156122905472615
1785234772,panel_4,panel_4_f1_4,0.006091903913980522,0.0040569283901622285
1785234773,panel_4,panel_4_f1_4,0.011799563822353492,0.0014003668673578907
1785234773,panel_4,panel_4_f1_4,0.012636568649866708,0.000909508937990931
1785234773,panel_4,panel_4_f1_4,0.013158347889310458,0.0005205151186641958
1785234773,panel_4,panel_4_f1_4,0.013468015696906343,0.00011849782410069104
1785234773,panel_4,panel_4_f1_4,0.013858866092784196,-0.0001419845100918035
1785234773,panel_4,panel_4_f1_4,0.014523344063927452,-0.0006321754478442456
1785234773,panel_4,panel_4_f1_4,0.01518448401816921,-0.001135436003317989
1785234773,panel_4,panel_4_f1_4,0.015713584635640435,-0.0014878329767354559
1785234773,panel_4,panel_4_f1_4,0.016257822034753996,-0.0019466570276102458
1785234773,panel_4,panel_4_f1_4,0.016401795129798925,-0.002026023375733845
1785234773,panel_4,panel_4_f1_4,0.016815538741060062,-0.002453034157462454
1785234773,panel_4,panel_4_f1_4,0.017198615382651283,-0.0028935210912378073
1785234773,panel_4,panel_4_f1_4,0.017493638331421407,-0.0032201106221754726
1785234773,panel_4,panel_4_f1_4,0.017680971052846696,-0.003581686894135494
1785234773,panel_4,panel_4_f1_4,0.017699198499694365,-0.003684631083767629
1785234774,panel_4,panel_4_f1_4,0.017832499533204066,-0.0038392304643544237
1785234774,panel_4,panel_4_f1_4,0.017924909976963076,-0.004245395322478687
1785234774,panel_4,panel_4_f1_4,0.017878985054043995,-0.004560078989040051
1785234774,panel_4,panel_4_f1_4,0.017724930799137492,-0.004760693649566496
1785234774,panel_4,panel_4_f1_4,0.01772679833033196,-0.005057348558272685
1785234775,panel_4,panel_4_f1_4,0.01675649465129641,-0.006005014086211084
1785234775,panel_4,panel_4_f1_4,0.016350382102141747,-0.006063152702410571
1785234775,panel_4,panel_4_f1_4,0.015570372484358285,-0.006243514633714951
1785234775,panel_4,panel_4_f1_4,0.015335611090794881,-0.006407509662227574
1785234775,panel_4,panel_4_f1_4,0.015036756235418303,-0.006548264067120061
1785234775,panel_4,panel_4_f1_4,0.014794676518414542,-0.006529527669824192
1785234775,panel_4,panel_4_f1_4,0.014367495743582506,-0.006539672495745861
1785234775,panel_4,panel_4_f1_4,0.014513085711316714,-0.00662430233716757
1785234775,panel_4,panel_4_f1_4,0.013976157046077948,-0.006603845011200721
1785234775,panel_4,panel_4_f1_4,0.013976157046077948,-0.0066038450112007215
1785234775,panel_4,panel_4_f1_4,0.013833725450694858,-0.006691185665341698
1785234775,panel_4,panel_4_f1_4,0.013695362821979666,-0.00680149965904518
1785234775,panel_4,panel_4_f1_4,0.013149963355925038,-0.006761128007235374
1785234775,panel_4,panel_4_f1_4,0.012407288401505137,-0.006572226431345641
1785234775,panel_4,panel_4_f1_4,0.012621013068929939,-0.006806282421468082
1785234775,panel_4,panel_4_f1_4,0.012426945632456039,-0.0069200252416224215
1785234775,panel_4,panel_4_f1_4,0.012238677588943694,-0.0070583651928373915
1785234775,panel_4,panel_4_f1_4,0.012317201463962462,-0.0071953936732004195
1785234775,panel_4,panel_4_f1_4,0.01217320712296922,-0.007376715271403716
1785234775,panel_4,panel_4_f1_4,0.011633691960147805,-0.00755207674537804
1785234775,panel_4,panel_4_f1_4,0.01112105266306203,-0.007580547224145914
1785234775,panel_4,panel_4_f1_4,0.010470771571610006,-0.007624180396743429
1785234775,panel_4,panel_4_f1_4,0.010175288061369345,-0.007817094188921635
1785234775,panel_4,panel_4_f1_4,0.009455125555182875,-0.007528899585817752
1785234776,panel_4,panel_4_f1_4,0.007412099796397159,-0.0077545918537886595
1785234776,panel_4,panel_4_f1_4,0.00713065077870031,-0.007796428632499889
1785234776,panel_4,panel_4_f1_4,0.007144527582704294,-0.00793216533847524
1785234776,panel_4,panel_4_f1_4,0.006865596777437032,-0.007977181549502317
1785234776,panel_4,panel_4_f1_4,0.006395057379656427,-0.007934879631553357
1785234776,panel_4,panel_4_f1_4,0.005920921587661319,-0.008047406986848587
1785234776,panel_4,panel_4_f1_4,0.005464905840876728,-0.008135015526059313
1785234776,panel_4,panel_4_f1_4,0.005062617643296717,-0.007930516005617354
1785234776,panel_4,panel_4_f1_4,0.0049163761056156855,-0.008081939169772998
1785234776,panel_4,panel_4_f1_4,0.004630877915215193,-0.008071331068213474
1785234776,panel_4,panel_4_f1_4,0.004367542229727082,-0.008366571848680508
1785234776,panel_4,panel_4_f1_4,0.004128235327703455,-0.008304599729237
1785234776,panel_4,panel_4_f1_4,0.004041655189493016,-0.008615889314595636
1785234776,panel_4,panel_4_f1_4,0.004086843469956669,-0.009069950298367765
1785234776,panel_4,panel_4_f1_4,0.003973532927504459,-0.009062674104440985
1785234776,panel_4,panel_4_f1_4,0.0038709819128510976,-0.009008913070467901
1785234776,panel_4,panel_4_f1_4,0.00385000863066688,-0.009046798257601385
1785234776,panel_4,panel_4_f1_4,0.004039859256594629,-0.009397467125057506
1785234777,panel_4,panel_4_f1_4,0.004107258251376668,-0.00942338794942758
1785234777,panel_4,panel_4_f1_4,0.004107258251376667,-0.00942338794942758
1785234777,panel_4,panel_4_f1_4,0.004034499916812815,-0.009322875717139805
1785234777,panel_4,panel_4_f1_4,0.004081008026218918,-0.009343455547541523
1785234777,panel_4,panel_4_f1_4,0.004017438606902948,-0.009248996195828842
1785234777,panel_4,panel_4_f1_4,0.004323595175233867,-0.009352279464791004
1785234777,panel_4,panel_4_f1_4,0.004413298484839031,-0.009329712289880238
1785234777,panel_4,panel_4_f1_4,0.004294795724686215,-0.009206638164695307
1785234777,panel_4,panel_4_f1_4,0.004190719546345572,-0.009090749286422615
1785234777,panel_4,panel_4_f1_4,0.004540708132129371,-0.009176234468483783
1785234777,panel_4,panel_4_f1_4,0.004722533964104549,-0.009173024839757328
1785234777,panel_4,panel_4_f1_4,0.005066020129464435,-0.009207170057384419
1785234777,panel_4,panel_4_f1_4,0.004922491118506574,-0.009120091606900787
1785234777,panel_4,panel_4_f1_4,0.0053178430471254355,-0.009219855079600284
1785234777,panel_4,panel_4_f1_4,0.005701953752146641,-0.009217163194525358
1785234777,panel_4,panel_4_f1_4,0.005824723761612358,-0.009122972800909117
1785234778,panel_4,panel_4_f1_4,0.006192063714554782,-0.00913923222323759
1785234778,panel_4,panel_4_f1_4,0.0068622840862778926,-0.009323689101428048
1785234778,panel_4,panel_4_f1_4,0.006888191806245666,-0.009157906991506955
1785234778,panel_4,panel_4_f1_4,0.007189602178795731,-0.009072863580170237
1785234778,panel_4,panel_4_f1_4,0.007477305219700278,-0.008955454181328575
1785234778,panel_4,panel_4_f1_4,0.0077873376219121,-0.008950363034433813
1785234778,panel_4,panel_4_f1_4,0.008257775354122261,-0.00888475733504819
1785234778,panel_4,panel_4_f1_4,0.008262497753766687,-0.008509525707161581
1785234778,panel_4,panel_4_f1_4,0.008190136327733967,-0.008255710348296228
1785234778,panel_4,panel_4_f1_4,0.00811180178503838,-0.007925168681174646
1785234778,panel_4,panel_4_f1_4,0.008310359289624234,-0.007712769829244961
1785234778,panel_4,panel_4_f1_4,0.008531672181765072,-0.007831042260995397
1785234778,panel_4,panel_4_f1_4,0.008711082644178416,-0.0077855390264153345
1785234778,panel_4,panel_4_f1_4,0.008887199132361247,-0.007606828623117044
1785234778,panel_4,panel_4_f1_4,0.00895402098195044,-0.0073706709973803
1785234779,panel_4,panel_4_f1_4,0.008939783397009269,-0.00697529720026153
1785234779,panel_4,panel_4_f1_4,0.008915557479892125,-0.006862241832782164
1785234779,panel_4,panel_4_f1_4,0.00890505724139084,-0.006693382379350764
1785234779,panel_4,panel_4_f1_4,0.00884390906114222,-0.006542519617424536
1785234779,panel_4,panel_4_f1_4,0.008793323910502285,-0.006207583980596017
1785234779,panel_4,panel_4_f1_4,0.008685022009997047,-0.005883228009422564
1785234779,panel_4,panel_4_f1_4,0.008538914278586074,-0.005827543213863608
1785234779,panel_4,panel_4_f1_4,0.008246980257517298,-0.005462144714926591
1785234779,panel_4,panel_4_f1_4,0.00801461508219271,-0.005168159741374462
1785234779,panel_4,panel_4_f1_4,0.0077501008814574255,-0.004529395789873525
1785234779,panel_4,panel_4_f1_4,0.0073380000902346365,-0.004149024304441509
1785234779,panel_4,panel_4_f1_4,0.006804541904421556,-0.0034310589183332626
1785234779,panel_4,panel_4_f1_4,0.006612928994510444,-0.0028879008913113412
1785234779,panel_4,panel_4_f1_4,0.006592938503452956,-0.002740577704651325
1785234779,panel_4,panel_4_f1_4,0.006374405811251699,-0.0024809237120531295
1785234779,panel_4,panel_4_f1_4,0.006118359700057668,-0.0022178769206878945
1785234779,panel_4,panel_4_f1_4,0.005431662359908427,-0.0016079370762450242
1785234779,panel_4,panel_4_f1_4,0.00525347623059256,-0.0013761034638815012
1785234779,panel_4,panel_4_f1_4,0.00525347623059256,-0.0013761034638815012
1785234779,panel_4,panel_4_f1_4,0.0045633098244646005,-0.0011201083300093164
1785234779,panel_4,panel_4_f1_4,0.0037087806884801887,-0.0007753739398590201
1785234779,panel_4,panel_4_f1_4,0.0031857085756801327,-0.0005702060609064312
1785234780,panel_4,panel_4_f1_4,0.0022163888735758064,-0.00029177381103154276
1785234780,panel_4,panel_4_f1_4,0.0011149418383797356,2.3687652780001144e-05
1785234780,panel_4,panel_4_f1_4,0.00039388950472374465,0.00021403319118926012
1785234780,panel_4,panel_4_f1_4,0.0002612550271870917,0.00025366553163045627
1785234780,panel_4,panel_4_f1_4,-0.004553496419615981,0.0011868711207336977
1785234780,panel_4,panel_4_f1_4,-0.005737161044344082,0.001390077483198543
1785234780,panel_4,panel_4_f1_4,-0.007859559882951412,0.0017947892804825649
1785234780,panel_4,panel_4_f1_4,-0.009741274687252173,0.002182536229083844
1785234780,panel_4,panel_4_f1_4,-0.01139553479167537,0.002528421496690359
1785234780,panel_4,panel_4_f1_4,-0.012541571392674748,0.0027938295429548034
1785234780,panel_4,panel_4_f1_4,-0.01321179176439786,0.0029782864211452616
1785234780,panel_4,panel_4_f1_4,-0.013992385393339685,0.003169506003915491
1785234781,panel_4,panel_4_f1_4,-0.015145690900011504,0.003474734645420647
1785234781,panel_4,panel_4_f1_4,-0.016153790632972315,0.003763514241180152
1785234781,panel_4,panel_4_f1_4,-0.017222124388144654,0.004092663606825886
1785234781,panel_4,panel_4_f1_4,-0.018515746681431692,0.004526843371534956
1785234781,panel_4,panel_4_f1_4,-0.019374690024887266,0.0048239392842358555
1785234781,panel_4,panel_4_f1_4,-0.01990600297292503,0.005010008747897484
1785234781,panel_4,panel_4_f1_4,-0.020557994067130835,0.005254303860469879
1785234781,panel_4,panel_4_f1_4,-0.022078737600141195,0.005887399229853678
1785234781,panel_4,panel_4_f1_4,-0.023356923561738116,0.006483795988512822
1785234781,panel_4,panel_4_f1_4,-0.024122827727910887,0.0068837245919538895
1785234781,panel_4,panel_4_f1_4,-0.024365086470534765,0.007047239222195274
